[{"code":"Access","names":{"en-US":"Access"},"visible":true,"sequenceFactor":1,"sequenceOrder":1},{"code":"Applian","names":{"en-US":"Applian"},"visible":true,"sequenceFactor":2,"sequenceOrder":2},{"code":"Bath","names":{"en-US":"Bath"},"visible":true,"sequenceFactor":3,"sequenceOrder":3},{"code":"Cabinet","names":{"en-US":"Cabinet"},"visible":true,"sequenceFactor":4,"sequenceOrder":4},{"code":"Cntr_Trim","names":{"en-US":"Cntr_Trim"},"visible":true,"sequenceFactor":5,"sequenceOrder":5},{"code":"Config","names":{"en-US":"Config"},"visible":true,"sequenceFactor":6,"sequenceOrder":6},{"code":"Corner","names":{"en-US":"Corner"},"visible":true,"sequenceFactor":7,"sequenceOrder":7},{"code":"DFM_var","names":{"en-US":"DFM_var"},"visible":true,"sequenceFactor":8,"sequenceOrder":8},{"code":"Design","names":{"en-US":"Design"},"visible":true,"sequenceFactor":9,"sequenceOrder":9},{"code":"Dispcat","names":{"en-US":"Dispcat"},"visible":true,"sequenceFactor":10,"sequenceOrder":10},{"code":"Door","names":{"en-US":"Door"},"visible":true,"sequenceFactor":11,"sequenceOrder":11},{"code":"Drawer","names":{"en-US":"Drawer"},"visible":true,"sequenceFactor":12,"sequenceOrder":12},{"code":"Flex","names":{"en-US":"Flex"},"visible":true,"sequenceFactor":13,"sequenceOrder":13},{"code":"Frame","names":{"en-US":"Frame"},"visible":true,"sequenceFactor":14,"sequenceOrder":14},{"code":"General","names":{"en-US":"General"},"visible":true,"sequenceFactor":15,"sequenceOrder":15},{"code":"Manufac","names":{"en-US":"Manufac"},"visible":true,"sequenceFactor":16,"sequenceOrder":16},{"code":"MiscAcc","names":{"en-US":"MiscAcc"},"visible":true,"sequenceFactor":17,"sequenceOrder":17},{"code":"Org_Var","names":{"en-US":"Org_Var"},"visible":true,"sequenceFactor":18,"sequenceOrder":18},{"code":"Panels","names":{"en-US":"Panels"},"visible":true,"sequenceFactor":19,"sequenceOrder":19},{"code":"Quantity","names":{"en-US":"Quantity"},"visible":true,"sequenceFactor":20,"sequenceOrder":20},{"code":"Rules","names":{"en-US":"Rules"},"visible":true,"sequenceFactor":21,"sequenceOrder":21},{"code":"SIF_FO","names":{"en-US":"SIF_FO"},"visible":true,"sequenceFactor":22,"sequenceOrder":22},{"code":"Style","names":{"en-US":"Style"},"visible":true,"sequenceFactor":23,"sequenceOrder":23},{"code":"Sys_Var","names":{"en-US":"Sys_Var"},"visible":true,"sequenceFactor":24,"sequenceOrder":24},{"code":"Tables","names":{"en-US":"Tables"},"visible":true,"sequenceFactor":25,"sequenceOrder":25},{"code":"Textures","names":{"en-US":"Textures"},"visible":true,"sequenceFactor":26,"sequenceOrder":26},{"code":"Thick","names":{"en-US":"Thick"},"visible":true,"sequenceFactor":27,"sequenceOrder":27},{"code":"UserQty","names":{"en-US":"UserQty"},"visible":true,"sequenceFactor":28,"sequenceOrder":28},{"code":"Layers","names":{"en-US":"Layers"},"visible":true,"sequenceFactor":29,"sequenceOrder":29},{"code":"ExternalRefs","names":{"en-US":"ExternalRefs"},"visible":true,"sequenceFactor":30,"sequenceOrder":30},{"code":"FeatureOptionRefs","names":{"en-US":"FeatureOptionRefs"},"visible":true,"sequenceFactor":31,"sequenceOrder":31},{"code":"ModelReferences","names":{"en-US":"ModelReferences"},"visible":true,"sequenceFactor":32,"sequenceOrder":32},{"code":"AttributeReferences","names":{"en-US":"AttributeReferences"},"visible":true,"sequenceFactor":33,"sequenceOrder":33},{"code":"FeatureTypes","names":{"en-US":"Feature Types"},"visible":true},{"code":"OptionTypes","names":{"en-US":"Option Types"},"visible":true},{"code":"AdditionalAttributes","names":{"en-US":"Additional Attributes"},"visible":true}]