[{"code":"APDA1","names":{"en-US":"AppPullDimA1"},"descriptions":{"en-US":"Appliance Pull Dimension A1"},"dataType":"decimal","defaultValue":"#GS_APDA1#","groupRefs":["Applian"],"visible":false},{"code":"AttachValanceBase","names":{"en-US":"AttachValanceBase"},"dataType":"string","defaultValue":"","groupRefs":["AdditionalAttributes"],"visible":false},{"code":"AttachValanceWall","names":{"en-US":"AttachValanceWall"},"dataType":"string","defaultValue":"","groupRefs":["AdditionalAttributes"],"visible":false},{"code":"BLP","names":{"en-US":"BLindPull"},"descriptions":{"en-US":"Blind pull"},"dataType":"decimal","defaultValue":"0","groupRefs":["Design"],"visible":false},{"code":"BottomSingleSection","names":{"en-US":"BottomSingleSection"},"dataType":"string","defaultValue":"","groupRefs":["AdditionalAttributes"],"visible":false},{"code":"CCCODE","names":{"en-US":"CiC_CODE"},"descriptions":{"en-US":"CiC Code"},"dataType":"string","defaultValue":"#GS_CCCODE#","groupRefs":["Design"],"visible":false},{"code":"CCDT","names":{"en-US":"CiC_DatabaseType"},"descriptions":{"en-US":"CiC Database Type"},"dataType":"string","defaultValue":"#GS_CCDT#","groupRefs":["Design"],"visible":false},{"code":"CCFC_1","names":{"en-US":"CiC_FeatureCode[1]"},"descriptions":{"en-US":"CiC Feature Code"},"dataType":"string","defaultValue":"#GS_CCFC_1#","groupRefs":["Design"],"visible":false},{"code":"CCPC","names":{"en-US":"CiC_ProductCategory"},"descriptions":{"en-US":"CiC Product Category"},"dataType":"string","defaultValue":"#GS_CCPC#","groupRefs":["Design"],"visible":false},{"code":"CCPOS","names":{"en-US":"CiC_PointOfSale"},"descriptions":{"en-US":"CiC Point Of Sale"},"dataType":"string","defaultValue":"#GS_CCPOS#","groupRefs":["Design"],"visible":true},{"code":"CCR1","names":{"en-US":"CiC_Rail1"},"descriptions":{"en-US":"Display rail 1 or not"},"dataType":"string","defaultValue":"","groupRefs":["Design"],"visible":false},{"code":"CCRT","names":{"en-US":"CiC_RecType"},"descriptions":{"en-US":"CiC Record Type"},"dataType":"integer","defaultValue":"#GS_CCRT#","groupRefs":["Design"],"visible":false},{"code":"CCSBOX","names":{"en-US":"CiC_StyleBOX"},"descriptions":{"en-US":"CiC Box style"},"dataType":"string","defaultValue":"","groupRefs":["Design"],"visible":false},{"code":"CCSDB","names":{"en-US":"CiC_StyleDoorBase"},"descriptions":{"en-US":"CiC Door Style Base"},"dataType":"string","defaultValue":"#GS_CCSDB#","groupRefs":["Design"],"visible":false},{"code":"CCSDRW","names":{"en-US":"CiC_StyleDRaWer"},"descriptions":{"en-US":"CiC Drawer Style"},"dataType":"string","defaultValue":"#GS_CCSDRW#","groupRefs":["Design"],"visible":false},{"code":"CCSDT1","names":{"en-US":"CiC_StyleDoorTall1"},"descriptions":{"en-US":"CiC Door Style Tall"},"dataType":"string","defaultValue":"#GS_CCSDT1#","groupRefs":["Design"],"visible":false},{"code":"CCSDW","names":{"en-US":"CiC_StyleDoorWall"},"descriptions":{"en-US":"CiC Door Style Wall"},"dataType":"string","defaultValue":"#GS_CCSDW#","groupRefs":["Design"],"visible":false},{"code":"CCSDWP","names":{"en-US":"CiC_StyleDraWerPull"},"descriptions":{"en-US":"CiC Drawer Pull Style"},"dataType":"string","defaultValue":"#GS_CCSDWP#","groupRefs":["Design"],"visible":false},{"code":"CCSGC","names":{"en-US":"CiC_StyleGenConf"},"descriptions":{"en-US":"CiC Style Config Section"},"dataType":"string","defaultValue":"","groupRefs":["Design"],"visible":false},{"code":"CCTAGS","names":{"en-US":"CiC_TAGS"},"descriptions":{"en-US":"CIC Tags"},"dataType":"string","defaultValue":"#GS_CCTAGS#","groupRefs":["Design"],"visible":false},{"code":"CCTH","names":{"en-US":"CiC_Toekick_Height"},"descriptions":{"en-US":"CiC Toe Kick Height"},"dataType":"string","defaultValue":"","groupRefs":["Design"],"visible":false},{"code":"CH","names":{"en-US":"CabHeight"},"descriptions":{"en-US":"Original height"},"dataType":"decimal","defaultValue":"$H$","groupRefs":["Org_Var"],"visible":false},{"code":"ChangeBottomShelf","names":{"en-US":"ChangeBottomShelf"},"dataType":"string","defaultValue":"","groupRefs":["AdditionalAttributes"],"visible":false},{"code":"CHFW1_1","names":{"en-US":"CHamferWidht1[1]"},"descriptions":{"en-US":"Chamfer width 1"},"dataType":"decimal","defaultValue":"#GS_CHFW1_1#","groupRefs":["Door"],"visible":false},{"code":"CLBF","names":{"en-US":"Cic_LayerBottomEdgeFront"},"descriptions":{"en-US":"Cic Layer Bottom Edge Front"},"dataType":"integer","defaultValue":"#VS#","groupRefs":["Design"],"visible":false},{"code":"CLBFF","names":{"en-US":"Cic_LayerBottomEdgeFrontFinish"},"descriptions":{"en-US":"Cic Layer Bottom Edge Front Finish"},"dataType":"integer","defaultValue":"#VTK#","groupRefs":["Design"],"visible":false},{"code":"CLBHF","names":{"en-US":"Cic_LayerBackHorizontalFinish"},"descriptions":{"en-US":"Cic Layer Back Horizontal Finis"},"dataType":"integer","defaultValue":"#VDFT#","groupRefs":["Design"],"visible":false},{"code":"CLBHNF","names":{"en-US":"Cic_LayerBackHorizontalNoFinish"},"descriptions":{"en-US":"Cic Layer Back Horizontal No Finish"},"dataType":"integer","defaultValue":"#VS#","groupRefs":["Design"],"visible":false},{"code":"CLCHF","names":{"en-US":"Cic_LayerCounterHorizontalFinish"},"descriptions":{"en-US":"Cic Layer Counter Horizontal Finish"},"dataType":"integer","defaultValue":"#VDFT#","groupRefs":["Design"],"visible":false},{"code":"CLCHNF","names":{"en-US":"Cic_LayerCounterHorizontalNoFinish"},"descriptions":{"en-US":"Cic Layer Counter Horizontal No Finish"},"dataType":"integer","defaultValue":"#VS#","groupRefs":["Design"],"visible":false},{"code":"CLDSF","names":{"en-US":"Cic_LayerDrawerSideFinish"},"descriptions":{"en-US":"Cic Layer Drawer Side Finish"},"dataType":"integer","defaultValue":"#VDS#","groupRefs":["Design"],"visible":false},{"code":"CLFHF","names":{"en-US":"Cic_LayerFloorHorizontalFinish"},"descriptions":{"en-US":"Cic Layer Floor Horizontal Finish"},"dataType":"integer","defaultValue":"#VDFT#","groupRefs":["Design"],"visible":false},{"code":"CLFHNF","names":{"en-US":"Cic_LayerFloorHorizontalNoFinish"},"descriptions":{"en-US":"Cic Layer Floor Horizontal No Finish"},"dataType":"integer","defaultValue":"#VS#","groupRefs":["Design"],"visible":false},{"code":"CLHF","names":{"en-US":"Cic_LayerHorizontalFinish"},"descriptions":{"en-US":"Cic Layer Horizontal Finish"},"dataType":"integer","defaultValue":"#VTK#","groupRefs":["Design"],"visible":false},{"code":"CLHNF","names":{"en-US":"Cic_LayerHorizontalNoFinish"},"descriptions":{"en-US":"Cic Layer Horizontal No Finish"},"dataType":"integer","defaultValue":"#VS#","groupRefs":["Design"],"visible":false},{"code":"CLSEF","names":{"en-US":"Cic_LayerSideEdgeFront"},"descriptions":{"en-US":"Cic Layer Side Edge Front"},"dataType":"integer","defaultValue":"#VS#","groupRefs":["Design"],"visible":false},{"code":"CLSEFF","names":{"en-US":"Cic_LayerSideEdgeFrontFinish"},"descriptions":{"en-US":"Cic Layer Side Edge Front Finish"},"dataType":"integer","defaultValue":"#VTK#","groupRefs":["Design"],"visible":false},{"code":"CLTF","names":{"en-US":"Cic_LayerTopEdgeFront"},"descriptions":{"en-US":"Cic Layer Top Edge Front"},"dataType":"integer","defaultValue":"#VS#","groupRefs":["Design"],"visible":false},{"code":"CLTFF","names":{"en-US":"Cic_LayerTopEdgeFrontFinish"},"descriptions":{"en-US":"Cic Layer Top Edge Front Finish"},"dataType":"integer","defaultValue":"#VTK#","groupRefs":["Design"],"visible":false},{"code":"CLTHF","names":{"en-US":"Cic_LayerToekickHorizontalFinish"},"descriptions":{"en-US":"Cic Layer Toekick Horizontal Finish"},"dataType":"integer","defaultValue":"#VDFT#","groupRefs":["Design"],"visible":false},{"code":"CLTHNF","names":{"en-US":"Cic_LayerToekickHorizontalNoFinish"},"descriptions":{"en-US":"Cic Layer Toekick Horizontal No Finish"},"dataType":"integer","defaultValue":"#VS#","groupRefs":["Design"],"visible":false},{"code":"CornerSinkFloor","names":{"en-US":"CornerSinkFloor"},"dataType":"string","defaultValue":"","groupRefs":["AdditionalAttributes"],"visible":false},{"code":"CTT","names":{"en-US":"CTopThick"},"descriptions":{"en-US":"Counter top height"},"dataType":"decimal","defaultValue":"38","groupRefs":["Cntr_Trim"],"visible":false},{"code":"DecorativeDoorEnds_Vanity","names":{"en-US":"DecorativeDoorEnds_Vanity"},"dataType":"string","defaultValue":"","groupRefs":["AdditionalAttributes"],"visible":false},{"code":"DecorativeDoorEndsBase","names":{"en-US":"DecorativeDoorEndsBase"},"dataType":"string","defaultValue":"","groupRefs":["AdditionalAttributes"],"visible":false},{"code":"DecorativeDoorEndsTall","names":{"en-US":"DecorativeDoorEndsTall"},"dataType":"string","defaultValue":"","groupRefs":["AdditionalAttributes"],"visible":false},{"code":"DecorativeDoorEndsVanity","names":{"en-US":"DecorativeDoorEndsVanity"},"dataType":"string","defaultValue":"","groupRefs":["AdditionalAttributes"],"visible":false},{"code":"DecorativeDoorEndsWall","names":{"en-US":"DecorativeDoorEndsWall"},"dataType":"string","defaultValue":"","groupRefs":["AdditionalAttributes"],"visible":false},{"code":"DecorativeDoorEndsWallStacked","names":{"en-US":"DecorativeDoorEndsWallStacked"},"dataType":"string","defaultValue":"","groupRefs":["AdditionalAttributes"],"visible":false},{"code":"DINS","names":{"en-US":"DoorINSet"},"descriptions":{"en-US":"Door inset"},"dataType":"decimal","defaultValue":"0","groupRefs":["Frame"],"visible":false},{"code":"DISPSG","names":{"en-US":"DISPlaySettingGeneral"},"descriptions":{"en-US":"Display setting"},"dataType":"integer","defaultValue":"#GS_DISPSG#","groupRefs":["Design"],"visible":false},{"code":"DoorConveniences","names":{"en-US":"DoorConveniences"},"dataType":"string","defaultValue":"","groupRefs":["AdditionalAttributes"],"visible":false},{"code":"DoorOptionsQty","names":{"en-US":"DoorOptionsQty"},"descriptions":{"en-US":"Doors and Finishes (qty)"},"dataType":"integer","defaultValue":"0","groupRefs":["FeatureTypes"],"visible":false},{"code":"DTDH","names":{"en-US":"DrawToDoorHeight"},"descriptions":{"en-US":"Drawer to door height"},"dataType":"decimal","defaultValue":"#GS_DTDH#","groupRefs":["Drawer"],"visible":false},{"code":"DWPH","names":{"en-US":"DraWerPullHeight"},"descriptions":{"en-US":"Drawer pull height"},"dataType":"decimal","defaultValue":"#GS_DWPH#","groupRefs":["Access"],"visible":false},{"code":"DWPW","names":{"en-US":"DraWerPullWidth"},"descriptions":{"en-US":"Drawer pull width"},"dataType":"decimal","defaultValue":"#GS_DWPW#","groupRefs":["Access"],"visible":false},{"code":"EHC","names":{"en-US":"EnHancedColor"},"descriptions":{"en-US":"Enhanced color"},"dataType":"integer","defaultValue":"6","groupRefs":["Sys_Var"],"visible":false},{"code":"EOPM","names":{"en-US":"EOPricingMethod"},"descriptions":{"en-US":"EO pricing method"},"dataType":"integer","defaultValue":"1","groupRefs":["Cntr_Trim"],"visible":false},{"code":"ExtendSideBack","names":{"en-US":"ExtendSideBack"},"dataType":"string","defaultValue":"","groupRefs":["AdditionalAttributes"],"visible":false},{"code":"FaceFrameOnly","names":{"en-US":"FaceFrameOnly"},"dataType":"string","defaultValue":"","groupRefs":["AdditionalAttributes"],"visible":false},{"code":"FillerBlocksandRosettesBottom","names":{"en-US":"FillerBlocksandRosettesBottom"},"dataType":"string","defaultValue":"","groupRefs":["AdditionalAttributes"],"visible":false},{"code":"FillerBlocksandRosettesTop","names":{"en-US":"FillerBlocksandRosettesTop"},"dataType":"string","defaultValue":"","groupRefs":["AdditionalAttributes"],"visible":false},{"code":"FillerOverlay","names":{"en-US":"FillerOverlay"},"dataType":"string","defaultValue":"","groupRefs":["AdditionalAttributes"],"visible":false},{"code":"FinishedBeadedEndPanelsBase","names":{"en-US":"FinishedBeadedEndPanelsBase"},"dataType":"string","defaultValue":"","groupRefs":["AdditionalAttributes"],"visible":false},{"code":"FinishedBeadedEndPanelsTall","names":{"en-US":"FinishedBeadedEndPanelsTall"},"dataType":"string","defaultValue":"","groupRefs":["AdditionalAttributes"],"visible":false},{"code":"FinishedBeadedEndPanelsWall","names":{"en-US":"FinishedBeadedEndPanelsWall"},"dataType":"string","defaultValue":"","groupRefs":["AdditionalAttributes"],"visible":false},{"code":"FinishedEndPanelsBase","names":{"en-US":"FinishedEndPanelsBase"},"dataType":"string","defaultValue":"","groupRefs":["AdditionalAttributes"],"visible":false},{"code":"FinishedEndPanelsTall","names":{"en-US":"FinishedEndPanelsTall"},"dataType":"string","defaultValue":"","groupRefs":["AdditionalAttributes"],"visible":false},{"code":"FinishedEndPanelsWall","names":{"en-US":"FinishedEndPanelsWall"},"dataType":"string","defaultValue":"","groupRefs":["AdditionalAttributes"],"visible":false},{"code":"FlutedOverlay","names":{"en-US":"FlutedOverlay"},"dataType":"string","defaultValue":"","groupRefs":["AdditionalAttributes"],"visible":false},{"code":"FOQ10","names":{"en-US":"FeatureOptionQty10"},"dataType":"integer","defaultValue":"0","groupRefs":["SIF_FO"],"visible":false},{"code":"FOQ12","names":{"en-US":"FeatureOptionQty12"},"dataType":"integer","defaultValue":"0","groupRefs":["SIF_FO"],"visible":false},{"code":"FOVL","names":{"en-US":"FullOVerLay"},"descriptions":{"en-US":"Full overlay"},"dataType":"boolean","defaultValue":"false","groupRefs":["Frame"],"visible":false},{"code":"FPREM","names":{"en-US":"FinishPREMium"},"descriptions":{"en-US":"Finish premium"},"dataType":"integer","defaultValue":"#GS_FPREM#","groupRefs":["Dispcat"],"visible":false},{"code":"GlassFrame","names":{"en-US":"GlassFrame"},"dataType":"string","defaultValue":"","groupRefs":["AdditionalAttributes"],"visible":false},{"code":"GlassInsert","names":{"en-US":"GlassInsert"},"dataType":"string","defaultValue":"","groupRefs":["AdditionalAttributes"],"visible":false},{"code":"GS_APDA1","names":{"en-US":"Global Style AppPullDimA1"},"descriptions":{"en-US":"Global Style Appliance Pull Dimension A1"},"dataType":"decimal","defaultValue":"0","groupRefs":["GlobalStyleAttributes"],"visible":false},{"code":"GS_CCCODE","names":{"en-US":"Global Style CiC_CODE"},"descriptions":{"en-US":"Global Style CiC Code"},"dataType":"string","defaultValue":"","groupRefs":["GlobalStyleAttributes"],"visible":false},{"code":"GS_CCDT","names":{"en-US":"Global Style CiC_DatabaseType"},"descriptions":{"en-US":"Global Style CiC Database Type"},"dataType":"string","defaultValue":"","groupRefs":["GlobalStyleAttributes"],"visible":false},{"code":"GS_CCFC_1","names":{"en-US":"Global Style CiC_FeatureCode[1]"},"descriptions":{"en-US":"Global Style CiC Feature Code"},"dataType":"string","defaultValue":"","groupRefs":["GlobalStyleAttributes"],"visible":false},{"code":"GS_CCPC","names":{"en-US":"Global Style CiC_ProductCategory"},"descriptions":{"en-US":"Global Style CiC Product Category"},"dataType":"string","defaultValue":"","groupRefs":["GlobalStyleAttributes"],"visible":false},{"code":"GS_CCPOS","names":{"en-US":"Global Style CiC_PointOfSale"},"descriptions":{"en-US":"Global Style CiC Point Of Sale"},"dataType":"string","defaultValue":"","groupRefs":["GlobalStyleAttributes"],"visible":false},{"code":"GS_CCRT","names":{"en-US":"Global Style CiC_RecType"},"descriptions":{"en-US":"Global Style CiC Record Type"},"dataType":"integer","defaultValue":"0","groupRefs":["GlobalStyleAttributes"],"visible":false},{"code":"GS_CCSDB","names":{"en-US":"Global Style CiC_StyleDoorBase"},"descriptions":{"en-US":"Global Style CiC Door Style Base"},"dataType":"string","defaultValue":"1","groupRefs":["GlobalStyleAttributes"],"visible":false},{"code":"GS_CCSDRW","names":{"en-US":"Global Style CiC_StyleDRaWer"},"descriptions":{"en-US":"Global Style CiC Drawer Style"},"dataType":"string","defaultValue":"1","groupRefs":["GlobalStyleAttributes"],"visible":false},{"code":"GS_CCSDT1","names":{"en-US":"Global Style CiC_StyleDoorTall1"},"descriptions":{"en-US":"Global Style CiC Door Style Tall"},"dataType":"string","defaultValue":"1","groupRefs":["GlobalStyleAttributes"],"visible":false},{"code":"GS_CCSDW","names":{"en-US":"Global Style CiC_StyleDoorWall"},"descriptions":{"en-US":"Global Style CiC Door Style Wall"},"dataType":"string","defaultValue":"1","groupRefs":["GlobalStyleAttributes"],"visible":false},{"code":"GS_CCSDWP","names":{"en-US":"Global Style CiC_StyleDraWerPull"},"descriptions":{"en-US":"Global Style CiC Drawer Pull Style"},"dataType":"string","defaultValue":"1","groupRefs":["GlobalStyleAttributes"],"visible":false},{"code":"GS_CCTAGS","names":{"en-US":"Global Style CiC_TAGS"},"descriptions":{"en-US":"Global Style CIC Tags"},"dataType":"string","defaultValue":"","groupRefs":["GlobalStyleAttributes"],"visible":false},{"code":"GS_CHFW1_1","names":{"en-US":"Global Style CHamferWidht1[1]"},"descriptions":{"en-US":"Global Style Chamfer width 1"},"dataType":"decimal","defaultValue":"6","groupRefs":["GlobalStyleAttributes"],"visible":false},{"code":"GS_COMMON_BASE_DOORSTYLE","names":{"en-US":"GS_COMMON_BASE_DOORSTYLE"},"dataType":"string","defaultValue":"1","groupRefs":["GlobalStyleAttributes"],"visible":false},{"code":"GS_COMMON_DEF_FINISH","names":{"en-US":"GS_COMMON_DEF_FINISH"},"dataType":"string","defaultValue":"","groupRefs":["GlobalStyleAttributes"],"visible":false},{"code":"GS_COMMON_DOOR_HANDLESTYLE","names":{"en-US":"GS_COMMON_DOOR_HANDLESTYLE"},"dataType":"string","defaultValue":"0","groupRefs":["GlobalStyleAttributes"],"visible":false},{"code":"GS_COMMON_DRAWER_HANDLESTYLE","names":{"en-US":"GS_COMMON_DRAWER_HANDLESTYLE"},"dataType":"string","defaultValue":"1","groupRefs":["GlobalStyleAttributes"],"visible":false},{"code":"GS_COMMON_DRAWERHANDLE_HEIGHT","names":{"en-US":"GS_COMMON_DRAWERHANDLE_HEIGHT"},"dataType":"decimal","defaultValue":"#PH1#","groupRefs":["GlobalStyleAttributes"],"visible":false},{"code":"GS_COMMON_DRAWERHANDLE_WIDTH","names":{"en-US":"GS_COMMON_DRAWERHANDLE_WIDTH"},"dataType":"decimal","defaultValue":"#PW1#","groupRefs":["GlobalStyleAttributes"],"visible":false},{"code":"GS_COMMON_DRAWERSTYLE_GEN","names":{"en-US":"GS_COMMON_DRAWERSTYLE_GEN"},"dataType":"string","defaultValue":"1","groupRefs":["GlobalStyleAttributes"],"visible":false},{"code":"GS_COMMON_HANDLE_HEIGHT","names":{"en-US":"GS_COMMON_HANDLE_HEIGHT"},"dataType":"decimal","defaultValue":"150","groupRefs":["GlobalStyleAttributes"],"visible":false},{"code":"GS_COMMON_HANDLE_WIDTH","names":{"en-US":"GS_COMMON_HANDLE_WIDTH"},"dataType":"decimal","defaultValue":"13","groupRefs":["GlobalStyleAttributes"],"visible":false},{"code":"GS_COMMON_TALL_DOORSTYLE","names":{"en-US":"GS_COMMON_TALL_DOORSTYLE"},"dataType":"string","defaultValue":"#SDB#","groupRefs":["GlobalStyleAttributes"],"visible":false},{"code":"GS_COMMON_WALL_DOORSTYLE","names":{"en-US":"GS_COMMON_WALL_DOORSTYLE"},"dataType":"string","defaultValue":"1","groupRefs":["GlobalStyleAttributes"],"visible":false},{"code":"GS_DISPSG","names":{"en-US":"Global Style DISPlaySettingGeneral"},"descriptions":{"en-US":"Global Style Display setting"},"dataType":"integer","defaultValue":"253","groupRefs":["GlobalStyleAttributes"],"visible":false},{"code":"GS_DTDH","names":{"en-US":"Global Style DrawToDoorHeight"},"descriptions":{"en-US":"Global Style Drawer to door height"},"dataType":"decimal","defaultValue":"600","groupRefs":["GlobalStyleAttributes"],"visible":false},{"code":"GS_DWPH","names":{"en-US":"Global Style DraWerPullHeight"},"descriptions":{"en-US":"Global Style Drawer pull height"},"dataType":"decimal","defaultValue":"#PH1#","groupRefs":["GlobalStyleAttributes"],"visible":false},{"code":"GS_DWPW","names":{"en-US":"Global Style DraWerPullWidth"},"descriptions":{"en-US":"Global Style Drawer pull width"},"dataType":"decimal","defaultValue":"#PW1#","groupRefs":["GlobalStyleAttributes"],"visible":false},{"code":"GS_FPREM","names":{"en-US":"Global Style FinishPREMium"},"descriptions":{"en-US":"Global Style Finish premium"},"dataType":"integer","defaultValue":"0","groupRefs":["GlobalStyleAttributes"],"visible":false},{"code":"GS_HasCountertop_Material","names":{"en-US":"Global Style HasCountertop_Material"},"descriptions":{"en-US":"Global Style HasCountertop_Material"},"dataType":"boolean","defaultValue":"","groupRefs":["GlobalStyleAttributes"],"visible":false},{"code":"GS_HasCountertop_Material_43009","names":{"en-US":"Global Style HasCountertop_Material_43009"},"descriptions":{"en-US":"Global Style HasCountertop_Material_43009"},"dataType":"boolean","defaultValue":"","groupRefs":["GlobalStyleAttributes"],"visible":false},{"code":"GS_HasCountertop_Material_43054","names":{"en-US":"Global Style HasCountertop_Material_43054"},"descriptions":{"en-US":"Global Style HasCountertop_Material_43054"},"dataType":"boolean","defaultValue":"","groupRefs":["GlobalStyleAttributes"],"visible":false},{"code":"GS_HasCountertop_Material_43055","names":{"en-US":"Global Style HasCountertop_Material_43055"},"descriptions":{"en-US":"Global Style HasCountertop_Material_43055"},"dataType":"boolean","defaultValue":"","groupRefs":["GlobalStyleAttributes"],"visible":false},{"code":"GS_HasCountertop_Material_43056","names":{"en-US":"Global Style HasCountertop_Material_43056"},"descriptions":{"en-US":"Global Style HasCountertop_Material_43056"},"dataType":"boolean","defaultValue":"","groupRefs":["GlobalStyleAttributes"],"visible":false},{"code":"GS_HasCountertop_Material_43066","names":{"en-US":"Global Style HasCountertop_Material_43066"},"descriptions":{"en-US":"Global Style HasCountertop_Material_43066"},"dataType":"boolean","defaultValue":"","groupRefs":["GlobalStyleAttributes"],"visible":false},{"code":"GS_HasCountertop_Material_43067","names":{"en-US":"Global Style HasCountertop_Material_43067"},"descriptions":{"en-US":"Global Style HasCountertop_Material_43067"},"dataType":"boolean","defaultValue":"","groupRefs":["GlobalStyleAttributes"],"visible":false},{"code":"GS_HasCountertop_Material_43074","names":{"en-US":"Global Style HasCountertop_Material_43074"},"descriptions":{"en-US":"Global Style HasCountertop_Material_43074"},"dataType":"boolean","defaultValue":"","groupRefs":["GlobalStyleAttributes"],"visible":false},{"code":"GS_HasCountertop_Material_43075","names":{"en-US":"Global Style HasCountertop_Material_43075"},"descriptions":{"en-US":"Global Style HasCountertop_Material_43075"},"dataType":"boolean","defaultValue":"","groupRefs":["GlobalStyleAttributes"],"visible":false},{"code":"GS_HasCountertop_Material_43076","names":{"en-US":"Global Style HasCountertop_Material_43076"},"descriptions":{"en-US":"Global Style HasCountertop_Material_43076"},"dataType":"boolean","defaultValue":"","groupRefs":["GlobalStyleAttributes"],"visible":false},{"code":"GS_HasDoorOptions","names":{"en-US":"Global Style HasDoorOptions"},"descriptions":{"en-US":"Global Style A DoorOptions is selected"},"dataType":"boolean","defaultValue":"false","groupRefs":["GlobalStyleAttributes"],"visible":false},{"code":"GS_HasSPL1","names":{"en-US":"Global Style HasSPL1"},"descriptions":{"en-US":"Global Style HasSPL1"},"dataType":"boolean","defaultValue":"","groupRefs":["GlobalStyleAttributes"],"visible":false},{"code":"GS_HasSPL2","names":{"en-US":"Global Style HasSPL2"},"descriptions":{"en-US":"Global Style HasSPL2"},"dataType":"boolean","defaultValue":"","groupRefs":["GlobalStyleAttributes"],"visible":false},{"code":"GS_HasSPL3","names":{"en-US":"Global Style HasSPL3"},"descriptions":{"en-US":"Global Style HasSPL3"},"dataType":"boolean","defaultValue":"","groupRefs":["GlobalStyleAttributes"],"visible":false},{"code":"GS_ITEMT","names":{"en-US":"Global Style ITEMType"},"descriptions":{"en-US":"Global Style Item type"},"dataType":"string","defaultValue":"","groupRefs":["GlobalStyleAttributes"],"visible":false},{"code":"GS_MANUF","names":{"en-US":"Global Style MANUFcode"},"descriptions":{"en-US":"Global Style Manufacturer code"},"dataType":"string","defaultValue":"","groupRefs":["GlobalStyleAttributes"],"visible":false},{"code":"GS_PH1","names":{"en-US":"Global Style PullHeight1"},"descriptions":{"en-US":"Global Style Door pull height"},"dataType":"decimal","defaultValue":"150","groupRefs":["GlobalStyleAttributes"],"visible":false},{"code":"GS_PLX","names":{"en-US":"Global Style PullLocX"},"descriptions":{"en-US":"Global Style Pull location X"},"dataType":"decimal","defaultValue":"0","groupRefs":["GlobalStyleAttributes"],"visible":false},{"code":"GS_PLY","names":{"en-US":"Global Style PullLocY"},"descriptions":{"en-US":"Global Style Pull location Y"},"dataType":"decimal","defaultValue":"0","groupRefs":["GlobalStyleAttributes"],"visible":false},{"code":"GS_PPB","names":{"en-US":"Global Style PullPosBase"},"descriptions":{"en-US":"Global Style Pull position base"},"dataType":"integer","defaultValue":"#LPULL# ? 17 : 1","groupRefs":["GlobalStyleAttributes"],"visible":false},{"code":"GS_PPDW","names":{"en-US":"Global Style PullPosDraWer"},"descriptions":{"en-US":"Global Style Pull position drawer"},"dataType":"integer","defaultValue":"#LPULL# ? 17 : 1","groupRefs":["GlobalStyleAttributes"],"visible":false},{"code":"GS_PPT1","names":{"en-US":"Global Style PullPosTall1"},"descriptions":{"en-US":"Global Style Pull position tall"},"dataType":"integer","defaultValue":"#LPULL# ? 14 : 1","groupRefs":["GlobalStyleAttributes"],"visible":false},{"code":"GS_PPW","names":{"en-US":"Global Style PullPosWall"},"descriptions":{"en-US":"Global Style Pull position wall"},"dataType":"integer","defaultValue":"#LPULL# ? 17 : 1","groupRefs":["GlobalStyleAttributes"],"visible":false},{"code":"GS_PW1","names":{"en-US":"Global Style PullWidth1"},"descriptions":{"en-US":"Global Style Door pull width"},"dataType":"decimal","defaultValue":"13","groupRefs":["GlobalStyleAttributes"],"visible":false},{"code":"GS_RTC","names":{"en-US":"Global Style RooTClass"},"descriptions":{"en-US":"Global Style Root class"},"dataType":"integer","defaultValue":"0","groupRefs":["GlobalStyleAttributes"],"visible":false},{"code":"GS_SDB","names":{"en-US":"Global Style StyleDoorBase"},"descriptions":{"en-US":"Global Style Door style base "},"dataType":"integer","defaultValue":"1","groupRefs":["GlobalStyleAttributes"],"visible":false},{"code":"GS_SDRW","names":{"en-US":"Global Style StyleDRaWer"},"descriptions":{"en-US":"Global Style Drawer style"},"dataType":"integer","defaultValue":"1","groupRefs":["GlobalStyleAttributes"],"visible":false},{"code":"GS_SDT1","names":{"en-US":"Global Style StyleDoorTall1"},"descriptions":{"en-US":"Global Style Door style tall"},"dataType":"integer","defaultValue":"#SDB#","groupRefs":["GlobalStyleAttributes"],"visible":false},{"code":"GS_SDW","names":{"en-US":"Global Style StyleDoorWall"},"descriptions":{"en-US":"Global Style Door style wall"},"dataType":"integer","defaultValue":"1","groupRefs":["GlobalStyleAttributes"],"visible":false},{"code":"GS_SDWP","names":{"en-US":"Global Style StyleDraWerPull"},"descriptions":{"en-US":"Global Style Drawer pull style"},"dataType":"integer","defaultValue":"1","groupRefs":["GlobalStyleAttributes"],"visible":false},{"code":"GS_SPUL","names":{"en-US":"Global Style StylePULl"},"descriptions":{"en-US":"Global Style Door pull style"},"dataType":"integer","defaultValue":"0","groupRefs":["GlobalStyleAttributes"],"visible":false},{"code":"GS_UQ11","names":{"en-US":"Global Style UserQ11"},"descriptions":{"en-US":"Global Style User quantity 11"},"dataType":"integer","defaultValue":"0","groupRefs":["GlobalStyleAttributes"],"visible":false},{"code":"GS_USER","names":{"en-US":"Global Style USERcode"},"descriptions":{"en-US":"Global Style User code"},"dataType":"string","defaultValue":"","groupRefs":["GlobalStyleAttributes"],"visible":false},{"code":"GS_VCO129","names":{"en-US":"Global Style VCOlor129"},"descriptions":{"en-US":"Global Style Color 129"},"dataType":"integer","defaultValue":"33052","groupRefs":["GlobalStyleAttributes"],"visible":false},{"code":"GS_VCO130","names":{"en-US":"Global Style VCOlor130"},"descriptions":{"en-US":"Global Style Color 130"},"dataType":"integer","defaultValue":"33052","groupRefs":["GlobalStyleAttributes"],"visible":false},{"code":"GS_VCT","names":{"en-US":"Global Style VCounterTop"},"descriptions":{"en-US":"Global Style Counter top texture"},"dataType":"integer","defaultValue":"6011","groupRefs":["GlobalStyleAttributes"],"visible":false},{"code":"GS_VD","names":{"en-US":"Global Style VDoor"},"descriptions":{"en-US":"Global Style Door texture"},"dataType":"integer","defaultValue":"33052","groupRefs":["GlobalStyleAttributes"],"visible":false},{"code":"GS_VDFT","names":{"en-US":"Global Style VDrawerFronT"},"descriptions":{"en-US":"Global Style Drawer front (1) texture"},"dataType":"integer","defaultValue":"33052","groupRefs":["GlobalStyleAttributes"],"visible":false},{"code":"GS_VDWPU","names":{"en-US":"Global Style VDraWerPUll"},"descriptions":{"en-US":"Global Style Drawer pull texture"},"dataType":"integer","defaultValue":"#VPU#","groupRefs":["GlobalStyleAttributes"],"visible":false},{"code":"GS_VF","names":{"en-US":"Global Style VFiller"},"descriptions":{"en-US":"Global Style Filler texture"},"dataType":"integer","defaultValue":"#VD#","groupRefs":["GlobalStyleAttributes"],"visible":false},{"code":"GS_VP","names":{"en-US":"Global Style VPanel"},"descriptions":{"en-US":"Global Style Panel texture"},"dataType":"integer","defaultValue":"#VD#","groupRefs":["GlobalStyleAttributes"],"visible":false},{"code":"GS_VPU","names":{"en-US":"Global Style VPUll"},"descriptions":{"en-US":"Global Style Pull texture"},"dataType":"integer","defaultValue":"8052","groupRefs":["GlobalStyleAttributes"],"visible":false},{"code":"GS_VPU2","names":{"en-US":"Global Style VPull2"},"descriptions":{"en-US":"Global Style Pull insert texture"},"dataType":"integer","defaultValue":"8052","groupRefs":["GlobalStyleAttributes"],"visible":false},{"code":"GS_VTK","names":{"en-US":"Global Style VToeKick"},"descriptions":{"en-US":"Global Style Toe base texture"},"dataType":"integer","defaultValue":"#VDFT#","groupRefs":["GlobalStyleAttributes"],"visible":false},{"code":"GS_WCC","names":{"en-US":"Global Style WhichCabCode"},"descriptions":{"en-US":"Global Style Which cabinet code (0)"},"dataType":"integer","defaultValue":"0","groupRefs":["GlobalStyleAttributes"],"visible":false},{"code":"HasCountertop_Material","dataType":"boolean","defaultValue":"#GS_HasCountertop_Material#","groupRefs":["HasExtraSubItems"],"visible":false},{"code":"HasCountertop_Material_43009","dataType":"boolean","defaultValue":"#GS_HasCountertop_Material_43009#","groupRefs":["HasExtraSubItems"],"visible":false},{"code":"HasCountertop_Material_43054","dataType":"boolean","defaultValue":"#GS_HasCountertop_Material_43054#","groupRefs":["HasExtraSubItems"],"visible":false},{"code":"HasCountertop_Material_43055","dataType":"boolean","defaultValue":"#GS_HasCountertop_Material_43055#","groupRefs":["HasExtraSubItems"],"visible":false},{"code":"HasCountertop_Material_43056","dataType":"boolean","defaultValue":"#GS_HasCountertop_Material_43056#","groupRefs":["HasExtraSubItems"],"visible":false},{"code":"HasCountertop_Material_43066","dataType":"boolean","defaultValue":"#GS_HasCountertop_Material_43066#","groupRefs":["HasExtraSubItems"],"visible":false},{"code":"HasCountertop_Material_43067","dataType":"boolean","defaultValue":"#GS_HasCountertop_Material_43067#","groupRefs":["HasExtraSubItems"],"visible":false},{"code":"HasCountertop_Material_43074","dataType":"boolean","defaultValue":"#GS_HasCountertop_Material_43074#","groupRefs":["HasExtraSubItems"],"visible":false},{"code":"HasCountertop_Material_43075","dataType":"boolean","defaultValue":"#GS_HasCountertop_Material_43075#","groupRefs":["HasExtraSubItems"],"visible":false},{"code":"HasCountertop_Material_43076","dataType":"boolean","defaultValue":"#GS_HasCountertop_Material_43076#","groupRefs":["HasExtraSubItems"],"visible":false},{"code":"HasCYNCLY_W20H86_INSET1","dataType":"boolean","defaultValue":"","groupRefs":["HasExtraSubItems"],"visible":false},{"code":"HasCYNCLY_W20H86_INSET2","dataType":"boolean","defaultValue":"","groupRefs":["HasExtraSubItems"],"visible":false},{"code":"HasCYNCLY_W20H86_INTEGRATED1","dataType":"boolean","defaultValue":"","groupRefs":["HasExtraSubItems"],"visible":false},{"code":"HasCYNCLY_W20H86_SHAKER1","dataType":"boolean","defaultValue":"","groupRefs":["HasExtraSubItems"],"visible":false},{"code":"HasCYNCLY_W20H86_SHAKER2","dataType":"boolean","defaultValue":"","groupRefs":["HasExtraSubItems"],"visible":false},{"code":"HasCYNCLY_W20H86_SLAB0","dataType":"boolean","defaultValue":"","groupRefs":["HasExtraSubItems"],"visible":false},{"code":"HasCYNCLY_W20H86_SLAB1","dataType":"boolean","defaultValue":"","groupRefs":["HasExtraSubItems"],"visible":false},{"code":"HasCYNCLY_W20H86_SLAB2","dataType":"boolean","defaultValue":"","groupRefs":["HasExtraSubItems"],"visible":false},{"code":"HasCYNCLY_W20H86_SLAB3","dataType":"boolean","defaultValue":"","groupRefs":["HasExtraSubItems"],"visible":false},{"code":"HasCYNCLY_W20H86_SLAB4","dataType":"boolean","defaultValue":"","groupRefs":["HasExtraSubItems"],"visible":false},{"code":"HasCYNCLY_W2H72_INSET1","dataType":"boolean","defaultValue":"","groupRefs":["HasExtraSubItems"],"visible":false},{"code":"HasCYNCLY_W2H72_INSET2","dataType":"boolean","defaultValue":"","groupRefs":["HasExtraSubItems"],"visible":false},{"code":"HasCYNCLY_W2H72_INTEGRATED1","dataType":"boolean","defaultValue":"","groupRefs":["HasExtraSubItems"],"visible":false},{"code":"HasCYNCLY_W2H72_SHAKER1","dataType":"boolean","defaultValue":"","groupRefs":["HasExtraSubItems"],"visible":false},{"code":"HasCYNCLY_W2H72_SHAKER2","dataType":"boolean","defaultValue":"","groupRefs":["HasExtraSubItems"],"visible":false},{"code":"HasCYNCLY_W2H72_SLAB0","dataType":"boolean","defaultValue":"","groupRefs":["HasExtraSubItems"],"visible":false},{"code":"HasCYNCLY_W2H72_SLAB1","dataType":"boolean","defaultValue":"","groupRefs":["HasExtraSubItems"],"visible":false},{"code":"HasCYNCLY_W2H72_SLAB2","dataType":"boolean","defaultValue":"","groupRefs":["HasExtraSubItems"],"visible":false},{"code":"HasCYNCLY_W2H72_SLAB3","dataType":"boolean","defaultValue":"","groupRefs":["HasExtraSubItems"],"visible":false},{"code":"HasCYNCLY_W2H72_SLAB4","dataType":"boolean","defaultValue":"","groupRefs":["HasExtraSubItems"],"visible":false},{"code":"HasCYNCLY_W40H40_INSET1","dataType":"boolean","defaultValue":"","groupRefs":["HasExtraSubItems"],"visible":false},{"code":"HasCYNCLY_W40H40_INSET2","dataType":"boolean","defaultValue":"","groupRefs":["HasExtraSubItems"],"visible":false},{"code":"HasCYNCLY_W40H40_INTEGRATED1","dataType":"boolean","defaultValue":"","groupRefs":["HasExtraSubItems"],"visible":false},{"code":"HasCYNCLY_W40H40_SHAKER1","dataType":"boolean","defaultValue":"","groupRefs":["HasExtraSubItems"],"visible":false},{"code":"HasCYNCLY_W40H40_SHAKER2","dataType":"boolean","defaultValue":"","groupRefs":["HasExtraSubItems"],"visible":false},{"code":"HasCYNCLY_W40H40_SLAB0","dataType":"boolean","defaultValue":"","groupRefs":["HasExtraSubItems"],"visible":false},{"code":"HasCYNCLY_W40H40_SLAB1","dataType":"boolean","defaultValue":"","groupRefs":["HasExtraSubItems"],"visible":false},{"code":"HasCYNCLY_W40H40_SLAB2","dataType":"boolean","defaultValue":"","groupRefs":["HasExtraSubItems"],"visible":false},{"code":"HasCYNCLY_W40H40_SLAB3","dataType":"boolean","defaultValue":"","groupRefs":["HasExtraSubItems"],"visible":false},{"code":"HasCYNCLY_W40H40_SLAB4","dataType":"boolean","defaultValue":"","groupRefs":["HasExtraSubItems"],"visible":false},{"code":"HasCYNCLY_W80H18_INSET1","dataType":"boolean","defaultValue":"","groupRefs":["HasExtraSubItems"],"visible":false},{"code":"HasCYNCLY_W80H18_INSET2","dataType":"boolean","defaultValue":"","groupRefs":["HasExtraSubItems"],"visible":false},{"code":"HasCYNCLY_W80H18_INTEGRATED1","dataType":"boolean","defaultValue":"","groupRefs":["HasExtraSubItems"],"visible":false},{"code":"HasCYNCLY_W80H18_SHAKER1","dataType":"boolean","defaultValue":"","groupRefs":["HasExtraSubItems"],"visible":false},{"code":"HasCYNCLY_W80H18_SHAKER2","dataType":"boolean","defaultValue":"","groupRefs":["HasExtraSubItems"],"visible":false},{"code":"HasCYNCLY_W80H18_SLAB0","dataType":"boolean","defaultValue":"","groupRefs":["HasExtraSubItems"],"visible":false},{"code":"HasCYNCLY_W80H18_SLAB1","dataType":"boolean","defaultValue":"","groupRefs":["HasExtraSubItems"],"visible":false},{"code":"HasCYNCLY_W80H18_SLAB2","dataType":"boolean","defaultValue":"","groupRefs":["HasExtraSubItems"],"visible":false},{"code":"HasCYNCLY_W80H18_SLAB3","dataType":"boolean","defaultValue":"","groupRefs":["HasExtraSubItems"],"visible":false},{"code":"HasCYNCLY_W80H18_SLAB4","dataType":"boolean","defaultValue":"","groupRefs":["HasExtraSubItems"],"visible":false},{"code":"HasDoorOptions","names":{"en-US":"HasDoorOptions"},"descriptions":{"en-US":"A DoorOptions is selected"},"dataType":"boolean","defaultValue":"#GS_HasDoorOptions#","groupRefs":["FeatureTypes"],"visible":false},{"code":"HasSPL1","dataType":"boolean","defaultValue":"#GS_HasSPL1#","groupRefs":["HasExtraSubItems"],"visible":false},{"code":"HasSPL2","dataType":"boolean","defaultValue":"#GS_HasSPL2#","groupRefs":["HasExtraSubItems"],"visible":false},{"code":"HasSPL3","dataType":"boolean","defaultValue":"#GS_HasSPL3#","groupRefs":["HasExtraSubItems"],"visible":false},{"code":"HasVisible=False","names":{"en-US":"HasVisible=False"},"descriptions":{"en-US":"A Visible=False is selected"},"dataType":"boolean","defaultValue":"false","groupRefs":["FeatureTypes"],"visible":false},{"code":"InvertHinge","names":{"en-US":"InvertHinge"},"dataType":"string","defaultValue":"","groupRefs":["AdditionalAttributes"],"visible":false},{"code":"ITEMT","names":{"en-US":"ITEMType"},"descriptions":{"en-US":"Item type"},"dataType":"string","defaultValue":"#GS_ITEMT#","groupRefs":["Design"],"visible":false},{"code":"LatticeWineRack","names":{"en-US":"LatticeWineRack"},"dataType":"string","defaultValue":"","groupRefs":["AdditionalAttributes"],"visible":false},{"code":"LazySusan","names":{"en-US":"LazySusan"},"dataType":"string","defaultValue":"","groupRefs":["AdditionalAttributes"],"visible":false},{"code":"LPULL","names":{"en-US":"LongPULL"},"descriptions":{"en-US":"Display long pull"},"dataType":"boolean","defaultValue":"false","groupRefs":["Access"],"visible":false},{"code":"MANUF","names":{"en-US":"MANUFcode"},"descriptions":{"en-US":"Manufacturer code"},"dataType":"string","defaultValue":"#GS_MANUF#","groupRefs":["Dispcat"],"visible":true},{"code":"MAXBF","names":{"en-US":"MAXimumBlindFiller"},"descriptions":{"en-US":"Max blind filler"},"dataType":"decimal","defaultValue":"0","groupRefs":["Dispcat"],"visible":false},{"code":"MGT","names":{"en-US":"MoldinGThick"},"descriptions":{"en-US":"Molding thick"},"dataType":"decimal","defaultValue":"35","groupRefs":["Cntr_Trim"],"visible":false},{"code":"MGW","names":{"en-US":"MoldinGWidth"},"descriptions":{"en-US":"Molding width (1)"},"dataType":"decimal","defaultValue":"300","groupRefs":["Cntr_Trim"],"visible":false},{"code":"MINBF","names":{"en-US":"MINimumBlindFiller"},"descriptions":{"en-US":"Min blind filler"},"dataType":"decimal","defaultValue":"0","groupRefs":["Dispcat"],"visible":false},{"code":"MOD_BaseFeatureType_style_AQTY_REF","names":{"en-US":"MOD_BaseFeatureType_style_AQTY_REF"},"dataType":"string","defaultValue":"","groupRefs":["ModelReferences"],"visible":false},{"code":"MOD_BlindPull_Def_0_Min_0_Max_100_L_REF","names":{"en-US":"MOD_BlindPull_Def_0_Min_0_Max_100_L_REF"},"descriptions":{"en-US":"Blind pull"},"dataType":"string","defaultValue":"","groupRefs":["ModelReferences"],"visible":false},{"code":"MOD_BlindPull_Def_0_Min_0_Max_100_R_REF","names":{"en-US":"MOD_BlindPull_Def_0_Min_0_Max_100_R_REF"},"descriptions":{"en-US":"Blind pull"},"dataType":"string","defaultValue":"","groupRefs":["ModelReferences"],"visible":false},{"code":"MOD_Countertop_Material_REF","names":{"en-US":"Countertop Material"},"descriptions":{"en-US":"Worktop Finish"},"dataType":"string","defaultValue":"","groupRefs":["ModelReferences"],"visible":false},{"code":"MOD_Doors_and_Finishes_REF","names":{"en-US":"Doors and Finishes"},"descriptions":{"en-US":"Doors and Finishes"},"dataType":"string","defaultValue":"","groupRefs":["ModelReferences"],"visible":false},{"code":"MOD_Handles_REF","names":{"en-US":"Handles"},"descriptions":{"en-US":"Handles"},"dataType":"string","defaultValue":"","groupRefs":["ModelReferences"],"visible":false},{"code":"MOD_Inset_Beech_CYNCLY_W20H86_INSET2_REF","names":{"en-US":"Inset Beech"},"descriptions":{"en-US":"Inset Beech"},"dataType":"string","defaultValue":"","groupRefs":["ModelReferences"],"visible":false},{"code":"MOD_Inset_Beech_CYNCLY_W2H72_INSET2_REF","names":{"en-US":"Inset Beech"},"descriptions":{"en-US":"Inset Beech"},"dataType":"string","defaultValue":"","groupRefs":["ModelReferences"],"visible":false},{"code":"MOD_Inset_Beech_CYNCLY_W40H40_INSET2_REF","names":{"en-US":"Inset Beech"},"descriptions":{"en-US":"Inset Beech"},"dataType":"string","defaultValue":"","groupRefs":["ModelReferences"],"visible":false},{"code":"MOD_Inset_Beech_CYNCLY_W80H18_INSET2_REF","names":{"en-US":"Inset Beech"},"descriptions":{"en-US":"Inset Beech"},"dataType":"string","defaultValue":"","groupRefs":["ModelReferences"],"visible":false},{"code":"MOD_Inset_White_CYNCLY_W20H86_INSET1_REF","names":{"en-US":"Inset White"},"descriptions":{"en-US":"Inset White"},"dataType":"string","defaultValue":"","groupRefs":["ModelReferences"],"visible":false},{"code":"MOD_Inset_White_CYNCLY_W2H72_INSET1_REF","names":{"en-US":"Inset White"},"descriptions":{"en-US":"Inset White"},"dataType":"string","defaultValue":"","groupRefs":["ModelReferences"],"visible":false},{"code":"MOD_Inset_White_CYNCLY_W40H40_INSET1_REF","names":{"en-US":"Inset White"},"descriptions":{"en-US":"Inset White"},"dataType":"string","defaultValue":"","groupRefs":["ModelReferences"],"visible":false},{"code":"MOD_Inset_White_CYNCLY_W80H18_INSET1_REF","names":{"en-US":"Inset White"},"descriptions":{"en-US":"Inset White"},"dataType":"string","defaultValue":"","groupRefs":["ModelReferences"],"visible":false},{"code":"MOD_Integrated_Ice_Blue_CYNCLY_W20H86_INTEGRATED1_REF","names":{"en-US":"Integrated Ice Blue"},"descriptions":{"en-US":"Integrated Ice Blue"},"dataType":"string","defaultValue":"","groupRefs":["ModelReferences"],"visible":false},{"code":"MOD_Integrated_Ice_Blue_CYNCLY_W2H72_INTEGRATED1_REF","names":{"en-US":"Integrated Ice Blue"},"descriptions":{"en-US":"Integrated Ice Blue"},"dataType":"string","defaultValue":"","groupRefs":["ModelReferences"],"visible":false},{"code":"MOD_Integrated_Ice_Blue_CYNCLY_W40H40_INTEGRATED1_REF","names":{"en-US":"Integrated Ice Blue"},"descriptions":{"en-US":"Integrated Ice Blue"},"dataType":"string","defaultValue":"","groupRefs":["ModelReferences"],"visible":false},{"code":"MOD_Integrated_Ice_Blue_CYNCLY_W80H18_INTEGRATED1_REF","names":{"en-US":"Integrated Ice Blue"},"descriptions":{"en-US":"Integrated Ice Blue"},"dataType":"string","defaultValue":"","groupRefs":["ModelReferences"],"visible":false},{"code":"MOD_Shaker_Cream_CYNCLY_W20H86_SHAKER1_REF","names":{"en-US":"Shaker Cream"},"descriptions":{"en-US":"Shaker Cream"},"dataType":"string","defaultValue":"","groupRefs":["ModelReferences"],"visible":false},{"code":"MOD_Shaker_Cream_CYNCLY_W2H72_SHAKER1_REF","names":{"en-US":"Shaker Cream"},"descriptions":{"en-US":"Shaker Cream"},"dataType":"string","defaultValue":"","groupRefs":["ModelReferences"],"visible":false},{"code":"MOD_Shaker_Cream_CYNCLY_W40H40_SHAKER1_REF","names":{"en-US":"Shaker Cream"},"descriptions":{"en-US":"Shaker Cream"},"dataType":"string","defaultValue":"","groupRefs":["ModelReferences"],"visible":false},{"code":"MOD_Shaker_Cream_CYNCLY_W80H18_SHAKER1_REF","names":{"en-US":"Shaker Cream"},"descriptions":{"en-US":"Shaker Cream"},"dataType":"string","defaultValue":"","groupRefs":["ModelReferences"],"visible":false},{"code":"MOD_Shaker_Light_Grey_CYNCLY_W20H86_SHAKER2_REF","names":{"en-US":"Shaker Light Grey"},"descriptions":{"en-US":"Shaker Light Grey"},"dataType":"string","defaultValue":"","groupRefs":["ModelReferences"],"visible":false},{"code":"MOD_Shaker_Light_Grey_CYNCLY_W2H72_SHAKER2_REF","names":{"en-US":"Shaker Light Grey"},"descriptions":{"en-US":"Shaker Light Grey"},"dataType":"string","defaultValue":"","groupRefs":["ModelReferences"],"visible":false},{"code":"MOD_Shaker_Light_Grey_CYNCLY_W40H40_SHAKER2_REF","names":{"en-US":"Shaker Light Grey"},"descriptions":{"en-US":"Shaker Light Grey"},"dataType":"string","defaultValue":"","groupRefs":["ModelReferences"],"visible":false},{"code":"MOD_Shaker_Light_Grey_CYNCLY_W80H18_SHAKER2_REF","names":{"en-US":"Shaker Light Grey"},"descriptions":{"en-US":"Shaker Light Grey"},"dataType":"string","defaultValue":"","groupRefs":["ModelReferences"],"visible":false},{"code":"MOD_Slab_Black_Matte_CYNCLY_W20H86_SLAB2_REF","names":{"en-US":"Slab Black Matte"},"descriptions":{"en-US":"Slab Black Matte"},"dataType":"string","defaultValue":"","groupRefs":["ModelReferences"],"visible":false},{"code":"MOD_Slab_Black_Matte_CYNCLY_W2H72_SLAB2_REF","names":{"en-US":"Slab Black Matte"},"descriptions":{"en-US":"Slab Black Matte"},"dataType":"string","defaultValue":"","groupRefs":["ModelReferences"],"visible":false},{"code":"MOD_Slab_Black_Matte_CYNCLY_W40H40_SLAB2_REF","names":{"en-US":"Slab Black Matte"},"descriptions":{"en-US":"Slab Black Matte"},"dataType":"string","defaultValue":"","groupRefs":["ModelReferences"],"visible":false},{"code":"MOD_Slab_Black_Matte_CYNCLY_W80H18_SLAB2_REF","names":{"en-US":"Slab Black Matte"},"descriptions":{"en-US":"Slab Black Matte"},"dataType":"string","defaultValue":"","groupRefs":["ModelReferences"],"visible":false},{"code":"MOD_Slab_Oak_Loire_CYNCLY_W20H86_SLAB4_REF","names":{"en-US":"Slab Oak Loire"},"descriptions":{"en-US":"Slab Oak Loire"},"dataType":"string","defaultValue":"","groupRefs":["ModelReferences"],"visible":false},{"code":"MOD_Slab_Oak_Loire_CYNCLY_W2H72_SLAB4_REF","names":{"en-US":"Slab Oak Loire"},"descriptions":{"en-US":"Slab Oak Loire"},"dataType":"string","defaultValue":"","groupRefs":["ModelReferences"],"visible":false},{"code":"MOD_Slab_Oak_Loire_CYNCLY_W40H40_SLAB4_REF","names":{"en-US":"Slab Oak Loire"},"descriptions":{"en-US":"Slab Oak Loire"},"dataType":"string","defaultValue":"","groupRefs":["ModelReferences"],"visible":false},{"code":"MOD_Slab_Oak_Loire_CYNCLY_W80H18_SLAB4_REF","names":{"en-US":"Slab Oak Loire"},"descriptions":{"en-US":"Slab Oak Loire"},"dataType":"string","defaultValue":"","groupRefs":["ModelReferences"],"visible":false},{"code":"MOD_Slab_Red_CYNCLY_W20H86_SLAB3_REF","names":{"en-US":"Slab Red"},"descriptions":{"en-US":"Slab Red"},"dataType":"string","defaultValue":"","groupRefs":["ModelReferences"],"visible":false},{"code":"MOD_Slab_Red_CYNCLY_W2H72_SLAB3_REF","names":{"en-US":"Slab Red"},"descriptions":{"en-US":"Slab Red"},"dataType":"string","defaultValue":"","groupRefs":["ModelReferences"],"visible":false},{"code":"MOD_Slab_Red_CYNCLY_W40H40_SLAB3_REF","names":{"en-US":"Slab Red"},"descriptions":{"en-US":"Slab Red"},"dataType":"string","defaultValue":"","groupRefs":["ModelReferences"],"visible":false},{"code":"MOD_Slab_Red_CYNCLY_W80H18_SLAB3_REF","names":{"en-US":"Slab Red"},"descriptions":{"en-US":"Slab Red"},"dataType":"string","defaultValue":"","groupRefs":["ModelReferences"],"visible":false},{"code":"MOD_Slab_White_High_Gloss_CYNCLY_W20H86_SLAB1_REF","names":{"en-US":"Slab White High Gloss"},"descriptions":{"en-US":"Slab White High Gloss"},"dataType":"string","defaultValue":"","groupRefs":["ModelReferences"],"visible":false},{"code":"MOD_Slab_White_High_Gloss_CYNCLY_W2H72_SLAB1_REF","names":{"en-US":"Slab White High Gloss"},"descriptions":{"en-US":"Slab White High Gloss"},"dataType":"string","defaultValue":"","groupRefs":["ModelReferences"],"visible":false},{"code":"MOD_Slab_White_High_Gloss_CYNCLY_W40H40_SLAB1_REF","names":{"en-US":"Slab White High Gloss"},"descriptions":{"en-US":"Slab White High Gloss"},"dataType":"string","defaultValue":"","groupRefs":["ModelReferences"],"visible":false},{"code":"MOD_Slab_White_High_Gloss_CYNCLY_W80H18_SLAB1_REF","names":{"en-US":"Slab White High Gloss"},"descriptions":{"en-US":"Slab White High Gloss"},"dataType":"string","defaultValue":"","groupRefs":["ModelReferences"],"visible":false},{"code":"MOD_SlabWhite_Matte_CYNCLY_W20H86_SLAB0_REF","names":{"en-US":"SlabWhite Matte"},"descriptions":{"en-US":"SlabWhite Matte"},"dataType":"string","defaultValue":"","groupRefs":["ModelReferences"],"visible":false},{"code":"MOD_SlabWhite_Matte_CYNCLY_W2H72_SLAB0_REF","names":{"en-US":"SlabWhite Matte"},"descriptions":{"en-US":"SlabWhite Matte"},"dataType":"string","defaultValue":"","groupRefs":["ModelReferences"],"visible":false},{"code":"MOD_SlabWhite_Matte_CYNCLY_W40H40_SLAB0_REF","names":{"en-US":"SlabWhite Matte"},"descriptions":{"en-US":"SlabWhite Matte"},"dataType":"string","defaultValue":"","groupRefs":["ModelReferences"],"visible":false},{"code":"MOD_SlabWhite_Matte_CYNCLY_W80H18_SLAB0_REF","names":{"en-US":"SlabWhite Matte"},"descriptions":{"en-US":"SlabWhite Matte"},"dataType":"string","defaultValue":"","groupRefs":["ModelReferences"],"visible":false},{"code":"MOD_Splashback_Finish_REF","names":{"en-US":"Splashback Finish"},"descriptions":{"en-US":"Splashback Finish"},"dataType":"string","defaultValue":"","groupRefs":["ModelReferences"],"visible":false},{"code":"MOD_Visible_False_AQTY_REF","names":{"en-US":"MOD_Visible_False_AQTY_REF"},"dataType":"string","defaultValue":"","groupRefs":["ModelReferences"],"visible":false},{"code":"ModifyConfiguration","names":{"en-US":"ModifyConfiguration"},"dataType":"string","defaultValue":"","groupRefs":["AdditionalAttributes"],"visible":false},{"code":"MullionGrid","names":{"en-US":"MullionGrid"},"dataType":"string","defaultValue":"","groupRefs":["AdditionalAttributes"],"visible":false},{"code":"MXCP","names":{"en-US":"MaXCabPull"},"descriptions":{"en-US":"Max cabinet pull width"},"dataType":"decimal","defaultValue":"0","groupRefs":["Dispcat"],"visible":false},{"code":"NoDrill","names":{"en-US":"NoDrill"},"dataType":"string","defaultValue":"","groupRefs":["AdditionalAttributes"],"visible":false},{"code":"PanandLidPullOut","names":{"en-US":"PanandLidPullOut"},"dataType":"string","defaultValue":"","groupRefs":["AdditionalAttributes"],"visible":false},{"code":"Peninsula","names":{"en-US":"Peninsula"},"dataType":"string","defaultValue":"","groupRefs":["AdditionalAttributes"],"visible":false},{"code":"PH1","names":{"en-US":"PullHeight1"},"descriptions":{"en-US":"Door pull height"},"dataType":"decimal","defaultValue":"#GS_PH1#","groupRefs":["Access"],"visible":false},{"code":"PipeChase","names":{"en-US":"PipeChase"},"dataType":"string","defaultValue":"","groupRefs":["AdditionalAttributes"],"visible":false},{"code":"PLX","names":{"en-US":"PullLocX"},"descriptions":{"en-US":"Pull location X"},"dataType":"decimal","defaultValue":"#GS_PLX#","groupRefs":["Door"],"visible":false},{"code":"PLY","names":{"en-US":"PullLocY"},"descriptions":{"en-US":"Pull location Y"},"dataType":"decimal","defaultValue":"#GS_PLY#","groupRefs":["Door"],"visible":false},{"code":"PPB","names":{"en-US":"PullPosBase"},"descriptions":{"en-US":"Pull position base"},"dataType":"integer","defaultValue":"#GS_PPB#","groupRefs":["Style"],"visible":false},{"code":"PPDW","names":{"en-US":"PullPosDraWer"},"descriptions":{"en-US":"Pull position drawer"},"dataType":"integer","defaultValue":"#GS_PPDW#","groupRefs":["Style"],"visible":false},{"code":"PPT1","names":{"en-US":"PullPosTall1"},"descriptions":{"en-US":"Pull position tall"},"dataType":"integer","defaultValue":"#GS_PPT1#","groupRefs":["Style"],"visible":false},{"code":"PPW","names":{"en-US":"PullPosWall"},"descriptions":{"en-US":"Pull position wall"},"dataType":"integer","defaultValue":"#GS_PPW#","groupRefs":["Style"],"visible":false},{"code":"PullOutHamper","names":{"en-US":"PullOutHamper"},"dataType":"string","defaultValue":"","groupRefs":["AdditionalAttributes"],"visible":false},{"code":"PullOutOrganizer","names":{"en-US":"PullOutOrganizer"},"dataType":"string","defaultValue":"","groupRefs":["AdditionalAttributes"],"visible":false},{"code":"PW1","names":{"en-US":"PullWidth1"},"descriptions":{"en-US":"Door pull width"},"dataType":"decimal","defaultValue":"#GS_PW1#","groupRefs":["Access"],"visible":false},{"code":"RECHG","names":{"en-US":"RECordHinGe"},"descriptions":{"en-US":"Hinge"},"dataType":"integer","defaultValue":"2","groupRefs":["Dispcat"],"visible":false},{"code":"RecycleBin","names":{"en-US":"RecycleBin"},"dataType":"string","defaultValue":"","groupRefs":["AdditionalAttributes"],"visible":false},{"code":"REF_BaseFeatureType_style_AQTY","refCode":"BaseFeatureType_style_AQTY","names":{"en-US":"BaseFeatureType_style_AQTY"},"dataType":"string","defaultValue":"#MOD_BaseFeatureType_style_AQTY_REF#","groupRefs":["ModelReferences"],"visible":false},{"code":"REF_BlindPull_Def_0_Min_0_Max_100_L","refCode":"BlindPull_Def_0_Min_0_Max_100_L","names":{"en-US":"BlindPull_Def_0_Min_0_Max_100_L"},"descriptions":{"en-US":"Blind pull"},"dataType":"string","defaultValue":"#MOD_BlindPull_Def_0_Min_0_Max_100_L_REF#","groupRefs":["ModelReferences"],"visible":false},{"code":"REF_BlindPull_Def_0_Min_0_Max_100_R","refCode":"BlindPull_Def_0_Min_0_Max_100_R","names":{"en-US":"BlindPull_Def_0_Min_0_Max_100_R"},"descriptions":{"en-US":"Blind pull"},"dataType":"string","defaultValue":"#MOD_BlindPull_Def_0_Min_0_Max_100_R_REF#","groupRefs":["ModelReferences"],"visible":false},{"code":"REF_Countertop_Material","refCode":"Countertop_Material","names":{"en-US":"Countertop Material"},"descriptions":{"en-US":"Worktop Finish"},"dataType":"string","defaultValue":"#MOD_Countertop_Material_REF#","groupRefs":["ModelReferences"],"visible":false},{"code":"REF_DoorOptionsQty","refCode":"DoorOptionsQty","names":{"en-US":"REF_DoorOptionsQty"},"descriptions":{"en-US":"Doors and Finishes (qty)"},"dataType":"integer","defaultValue":"#DoorOptionsQty#","groupRefs":["FeatureTypes"],"visible":false},{"code":"REF_Doors_and_Finishes","refCode":"Doors_and_Finishes","names":{"en-US":"Doors and Finishes"},"descriptions":{"en-US":"Doors and Finishes"},"dataType":"string","defaultValue":"#MOD_Doors_and_Finishes_REF#","groupRefs":["ModelReferences"],"visible":false},{"code":"REF_EOPM","refCode":"EOPM","names":{"en-US":"EOPricingMethod"},"descriptions":{"en-US":"EO pricing method"},"dataType":"integer","defaultValue":"","groupRefs":["AttributeReferences"],"visible":false},{"code":"REF_H","refCode":"H","names":{"en-US":"Height"},"descriptions":{"en-US":" Height"},"dataType":"decimal","defaultValue":"","groupRefs":["AttributeReferences"],"visible":false},{"code":"REF_Handles","refCode":"Handles","names":{"en-US":"Handles"},"descriptions":{"en-US":"Handles"},"dataType":"string","defaultValue":"#MOD_Handles_REF#","groupRefs":["ModelReferences"],"visible":false},{"code":"REF_Inset_Beech_CYNCLY_W20H86_INSET2","refCode":"Inset_Beech_CYNCLY_W20H86_INSET2","names":{"en-US":"Inset Beech"},"descriptions":{"en-US":"Inset Beech"},"dataType":"string","defaultValue":"#MOD_Inset_Beech_CYNCLY_W20H86_INSET2_REF#","groupRefs":["ModelReferences"],"visible":false},{"code":"REF_Inset_Beech_CYNCLY_W2H72_INSET2","refCode":"Inset_Beech_CYNCLY_W2H72_INSET2","names":{"en-US":"Inset Beech"},"descriptions":{"en-US":"Inset Beech"},"dataType":"string","defaultValue":"#MOD_Inset_Beech_CYNCLY_W2H72_INSET2_REF#","groupRefs":["ModelReferences"],"visible":false},{"code":"REF_Inset_Beech_CYNCLY_W40H40_INSET2","refCode":"Inset_Beech_CYNCLY_W40H40_INSET2","names":{"en-US":"Inset Beech"},"descriptions":{"en-US":"Inset Beech"},"dataType":"string","defaultValue":"#MOD_Inset_Beech_CYNCLY_W40H40_INSET2_REF#","groupRefs":["ModelReferences"],"visible":false},{"code":"REF_Inset_Beech_CYNCLY_W80H18_INSET2","refCode":"Inset_Beech_CYNCLY_W80H18_INSET2","names":{"en-US":"Inset Beech"},"descriptions":{"en-US":"Inset Beech"},"dataType":"string","defaultValue":"#MOD_Inset_Beech_CYNCLY_W80H18_INSET2_REF#","groupRefs":["ModelReferences"],"visible":false},{"code":"REF_Inset_White_CYNCLY_W20H86_INSET1","refCode":"Inset_White_CYNCLY_W20H86_INSET1","names":{"en-US":"Inset White"},"descriptions":{"en-US":"Inset White"},"dataType":"string","defaultValue":"#MOD_Inset_White_CYNCLY_W20H86_INSET1_REF#","groupRefs":["ModelReferences"],"visible":false},{"code":"REF_Inset_White_CYNCLY_W2H72_INSET1","refCode":"Inset_White_CYNCLY_W2H72_INSET1","names":{"en-US":"Inset White"},"descriptions":{"en-US":"Inset White"},"dataType":"string","defaultValue":"#MOD_Inset_White_CYNCLY_W2H72_INSET1_REF#","groupRefs":["ModelReferences"],"visible":false},{"code":"REF_Inset_White_CYNCLY_W40H40_INSET1","refCode":"Inset_White_CYNCLY_W40H40_INSET1","names":{"en-US":"Inset White"},"descriptions":{"en-US":"Inset White"},"dataType":"string","defaultValue":"#MOD_Inset_White_CYNCLY_W40H40_INSET1_REF#","groupRefs":["ModelReferences"],"visible":false},{"code":"REF_Inset_White_CYNCLY_W80H18_INSET1","refCode":"Inset_White_CYNCLY_W80H18_INSET1","names":{"en-US":"Inset White"},"descriptions":{"en-US":"Inset White"},"dataType":"string","defaultValue":"#MOD_Inset_White_CYNCLY_W80H18_INSET1_REF#","groupRefs":["ModelReferences"],"visible":false},{"code":"REF_Integrated_Ice_Blue_CYNCLY_W20H86_INTEGRATED1","refCode":"Integrated_Ice_Blue_CYNCLY_W20H86_INTEGRATED1","names":{"en-US":"Integrated Ice Blue"},"descriptions":{"en-US":"Integrated Ice Blue"},"dataType":"string","defaultValue":"#MOD_Integrated_Ice_Blue_CYNCLY_W20H86_INTEGRATED1_REF#","groupRefs":["ModelReferences"],"visible":false},{"code":"REF_Integrated_Ice_Blue_CYNCLY_W2H72_INTEGRATED1","refCode":"Integrated_Ice_Blue_CYNCLY_W2H72_INTEGRATED1","names":{"en-US":"Integrated Ice Blue"},"descriptions":{"en-US":"Integrated Ice Blue"},"dataType":"string","defaultValue":"#MOD_Integrated_Ice_Blue_CYNCLY_W2H72_INTEGRATED1_REF#","groupRefs":["ModelReferences"],"visible":false},{"code":"REF_Integrated_Ice_Blue_CYNCLY_W40H40_INTEGRATED1","refCode":"Integrated_Ice_Blue_CYNCLY_W40H40_INTEGRATED1","names":{"en-US":"Integrated Ice Blue"},"descriptions":{"en-US":"Integrated Ice Blue"},"dataType":"string","defaultValue":"#MOD_Integrated_Ice_Blue_CYNCLY_W40H40_INTEGRATED1_REF#","groupRefs":["ModelReferences"],"visible":false},{"code":"REF_Integrated_Ice_Blue_CYNCLY_W80H18_INTEGRATED1","refCode":"Integrated_Ice_Blue_CYNCLY_W80H18_INTEGRATED1","names":{"en-US":"Integrated Ice Blue"},"descriptions":{"en-US":"Integrated Ice Blue"},"dataType":"string","defaultValue":"#MOD_Integrated_Ice_Blue_CYNCLY_W80H18_INTEGRATED1_REF#","groupRefs":["ModelReferences"],"visible":false},{"code":"REF_NumCabDOorPull","refCode":"NumCabDOorPull","names":{"en-US":"NumCabDOorPull"},"descriptions":{"en-US":"Door pull count"},"dataType":"integer","defaultValue":"","groupRefs":["ModelReferences"],"visible":false},{"code":"REF_RUPM","refCode":"RUPM","names":{"en-US":"RoundUPMeasure"},"descriptions":{"en-US":"Round up measure"},"dataType":"decimal","defaultValue":"","groupRefs":["AttributeReferences"],"visible":false},{"code":"REF_Shaker_Cream_CYNCLY_W20H86_SHAKER1","refCode":"Shaker_Cream_CYNCLY_W20H86_SHAKER1","names":{"en-US":"Shaker Cream"},"descriptions":{"en-US":"Shaker Cream"},"dataType":"string","defaultValue":"#MOD_Shaker_Cream_CYNCLY_W20H86_SHAKER1_REF#","groupRefs":["ModelReferences"],"visible":false},{"code":"REF_Shaker_Cream_CYNCLY_W2H72_SHAKER1","refCode":"Shaker_Cream_CYNCLY_W2H72_SHAKER1","names":{"en-US":"Shaker Cream"},"descriptions":{"en-US":"Shaker Cream"},"dataType":"string","defaultValue":"#MOD_Shaker_Cream_CYNCLY_W2H72_SHAKER1_REF#","groupRefs":["ModelReferences"],"visible":false},{"code":"REF_Shaker_Cream_CYNCLY_W40H40_SHAKER1","refCode":"Shaker_Cream_CYNCLY_W40H40_SHAKER1","names":{"en-US":"Shaker Cream"},"descriptions":{"en-US":"Shaker Cream"},"dataType":"string","defaultValue":"#MOD_Shaker_Cream_CYNCLY_W40H40_SHAKER1_REF#","groupRefs":["ModelReferences"],"visible":false},{"code":"REF_Shaker_Cream_CYNCLY_W80H18_SHAKER1","refCode":"Shaker_Cream_CYNCLY_W80H18_SHAKER1","names":{"en-US":"Shaker Cream"},"descriptions":{"en-US":"Shaker Cream"},"dataType":"string","defaultValue":"#MOD_Shaker_Cream_CYNCLY_W80H18_SHAKER1_REF#","groupRefs":["ModelReferences"],"visible":false},{"code":"REF_Shaker_Light_Grey_CYNCLY_W20H86_SHAKER2","refCode":"Shaker_Light_Grey_CYNCLY_W20H86_SHAKER2","names":{"en-US":"Shaker Light Grey"},"descriptions":{"en-US":"Shaker Light Grey"},"dataType":"string","defaultValue":"#MOD_Shaker_Light_Grey_CYNCLY_W20H86_SHAKER2_REF#","groupRefs":["ModelReferences"],"visible":false},{"code":"REF_Shaker_Light_Grey_CYNCLY_W2H72_SHAKER2","refCode":"Shaker_Light_Grey_CYNCLY_W2H72_SHAKER2","names":{"en-US":"Shaker Light Grey"},"descriptions":{"en-US":"Shaker Light Grey"},"dataType":"string","defaultValue":"#MOD_Shaker_Light_Grey_CYNCLY_W2H72_SHAKER2_REF#","groupRefs":["ModelReferences"],"visible":false},{"code":"REF_Shaker_Light_Grey_CYNCLY_W40H40_SHAKER2","refCode":"Shaker_Light_Grey_CYNCLY_W40H40_SHAKER2","names":{"en-US":"Shaker Light Grey"},"descriptions":{"en-US":"Shaker Light Grey"},"dataType":"string","defaultValue":"#MOD_Shaker_Light_Grey_CYNCLY_W40H40_SHAKER2_REF#","groupRefs":["ModelReferences"],"visible":false},{"code":"REF_Shaker_Light_Grey_CYNCLY_W80H18_SHAKER2","refCode":"Shaker_Light_Grey_CYNCLY_W80H18_SHAKER2","names":{"en-US":"Shaker Light Grey"},"descriptions":{"en-US":"Shaker Light Grey"},"dataType":"string","defaultValue":"#MOD_Shaker_Light_Grey_CYNCLY_W80H18_SHAKER2_REF#","groupRefs":["ModelReferences"],"visible":false},{"code":"REF_Slab_Black_Matte_CYNCLY_W20H86_SLAB2","refCode":"Slab_Black_Matte_CYNCLY_W20H86_SLAB2","names":{"en-US":"Slab Black Matte"},"descriptions":{"en-US":"Slab Black Matte"},"dataType":"string","defaultValue":"#MOD_Slab_Black_Matte_CYNCLY_W20H86_SLAB2_REF#","groupRefs":["ModelReferences"],"visible":false},{"code":"REF_Slab_Black_Matte_CYNCLY_W2H72_SLAB2","refCode":"Slab_Black_Matte_CYNCLY_W2H72_SLAB2","names":{"en-US":"Slab Black Matte"},"descriptions":{"en-US":"Slab Black Matte"},"dataType":"string","defaultValue":"#MOD_Slab_Black_Matte_CYNCLY_W2H72_SLAB2_REF#","groupRefs":["ModelReferences"],"visible":false},{"code":"REF_Slab_Black_Matte_CYNCLY_W40H40_SLAB2","refCode":"Slab_Black_Matte_CYNCLY_W40H40_SLAB2","names":{"en-US":"Slab Black Matte"},"descriptions":{"en-US":"Slab Black Matte"},"dataType":"string","defaultValue":"#MOD_Slab_Black_Matte_CYNCLY_W40H40_SLAB2_REF#","groupRefs":["ModelReferences"],"visible":false},{"code":"REF_Slab_Black_Matte_CYNCLY_W80H18_SLAB2","refCode":"Slab_Black_Matte_CYNCLY_W80H18_SLAB2","names":{"en-US":"Slab Black Matte"},"descriptions":{"en-US":"Slab Black Matte"},"dataType":"string","defaultValue":"#MOD_Slab_Black_Matte_CYNCLY_W80H18_SLAB2_REF#","groupRefs":["ModelReferences"],"visible":false},{"code":"REF_Slab_Oak_Loire_CYNCLY_W20H86_SLAB4","refCode":"Slab_Oak_Loire_CYNCLY_W20H86_SLAB4","names":{"en-US":"Slab Oak Loire"},"descriptions":{"en-US":"Slab Oak Loire"},"dataType":"string","defaultValue":"#MOD_Slab_Oak_Loire_CYNCLY_W20H86_SLAB4_REF#","groupRefs":["ModelReferences"],"visible":false},{"code":"REF_Slab_Oak_Loire_CYNCLY_W2H72_SLAB4","refCode":"Slab_Oak_Loire_CYNCLY_W2H72_SLAB4","names":{"en-US":"Slab Oak Loire"},"descriptions":{"en-US":"Slab Oak Loire"},"dataType":"string","defaultValue":"#MOD_Slab_Oak_Loire_CYNCLY_W2H72_SLAB4_REF#","groupRefs":["ModelReferences"],"visible":false},{"code":"REF_Slab_Oak_Loire_CYNCLY_W40H40_SLAB4","refCode":"Slab_Oak_Loire_CYNCLY_W40H40_SLAB4","names":{"en-US":"Slab Oak Loire"},"descriptions":{"en-US":"Slab Oak Loire"},"dataType":"string","defaultValue":"#MOD_Slab_Oak_Loire_CYNCLY_W40H40_SLAB4_REF#","groupRefs":["ModelReferences"],"visible":false},{"code":"REF_Slab_Oak_Loire_CYNCLY_W80H18_SLAB4","refCode":"Slab_Oak_Loire_CYNCLY_W80H18_SLAB4","names":{"en-US":"Slab Oak Loire"},"descriptions":{"en-US":"Slab Oak Loire"},"dataType":"string","defaultValue":"#MOD_Slab_Oak_Loire_CYNCLY_W80H18_SLAB4_REF#","groupRefs":["ModelReferences"],"visible":false},{"code":"REF_Slab_Red_CYNCLY_W20H86_SLAB3","refCode":"Slab_Red_CYNCLY_W20H86_SLAB3","names":{"en-US":"Slab Red"},"descriptions":{"en-US":"Slab Red"},"dataType":"string","defaultValue":"#MOD_Slab_Red_CYNCLY_W20H86_SLAB3_REF#","groupRefs":["ModelReferences"],"visible":false},{"code":"REF_Slab_Red_CYNCLY_W2H72_SLAB3","refCode":"Slab_Red_CYNCLY_W2H72_SLAB3","names":{"en-US":"Slab Red"},"descriptions":{"en-US":"Slab Red"},"dataType":"string","defaultValue":"#MOD_Slab_Red_CYNCLY_W2H72_SLAB3_REF#","groupRefs":["ModelReferences"],"visible":false},{"code":"REF_Slab_Red_CYNCLY_W40H40_SLAB3","refCode":"Slab_Red_CYNCLY_W40H40_SLAB3","names":{"en-US":"Slab Red"},"descriptions":{"en-US":"Slab Red"},"dataType":"string","defaultValue":"#MOD_Slab_Red_CYNCLY_W40H40_SLAB3_REF#","groupRefs":["ModelReferences"],"visible":false},{"code":"REF_Slab_Red_CYNCLY_W80H18_SLAB3","refCode":"Slab_Red_CYNCLY_W80H18_SLAB3","names":{"en-US":"Slab Red"},"descriptions":{"en-US":"Slab Red"},"dataType":"string","defaultValue":"#MOD_Slab_Red_CYNCLY_W80H18_SLAB3_REF#","groupRefs":["ModelReferences"],"visible":false},{"code":"REF_Slab_White_High_Gloss_CYNCLY_W20H86_SLAB1","refCode":"Slab_White_High_Gloss_CYNCLY_W20H86_SLAB1","names":{"en-US":"Slab White High Gloss"},"descriptions":{"en-US":"Slab White High Gloss"},"dataType":"string","defaultValue":"#MOD_Slab_White_High_Gloss_CYNCLY_W20H86_SLAB1_REF#","groupRefs":["ModelReferences"],"visible":false},{"code":"REF_Slab_White_High_Gloss_CYNCLY_W2H72_SLAB1","refCode":"Slab_White_High_Gloss_CYNCLY_W2H72_SLAB1","names":{"en-US":"Slab White High Gloss"},"descriptions":{"en-US":"Slab White High Gloss"},"dataType":"string","defaultValue":"#MOD_Slab_White_High_Gloss_CYNCLY_W2H72_SLAB1_REF#","groupRefs":["ModelReferences"],"visible":false},{"code":"REF_Slab_White_High_Gloss_CYNCLY_W40H40_SLAB1","refCode":"Slab_White_High_Gloss_CYNCLY_W40H40_SLAB1","names":{"en-US":"Slab White High Gloss"},"descriptions":{"en-US":"Slab White High Gloss"},"dataType":"string","defaultValue":"#MOD_Slab_White_High_Gloss_CYNCLY_W40H40_SLAB1_REF#","groupRefs":["ModelReferences"],"visible":false},{"code":"REF_Slab_White_High_Gloss_CYNCLY_W80H18_SLAB1","refCode":"Slab_White_High_Gloss_CYNCLY_W80H18_SLAB1","names":{"en-US":"Slab White High Gloss"},"descriptions":{"en-US":"Slab White High Gloss"},"dataType":"string","defaultValue":"#MOD_Slab_White_High_Gloss_CYNCLY_W80H18_SLAB1_REF#","groupRefs":["ModelReferences"],"visible":false},{"code":"REF_SlabWhite_Matte_CYNCLY_W20H86_SLAB0","refCode":"SlabWhite_Matte_CYNCLY_W20H86_SLAB0","names":{"en-US":"SlabWhite Matte"},"descriptions":{"en-US":"SlabWhite Matte"},"dataType":"string","defaultValue":"#MOD_SlabWhite_Matte_CYNCLY_W20H86_SLAB0_REF#","groupRefs":["ModelReferences"],"visible":false},{"code":"REF_SlabWhite_Matte_CYNCLY_W2H72_SLAB0","refCode":"SlabWhite_Matte_CYNCLY_W2H72_SLAB0","names":{"en-US":"SlabWhite Matte"},"descriptions":{"en-US":"SlabWhite Matte"},"dataType":"string","defaultValue":"#MOD_SlabWhite_Matte_CYNCLY_W2H72_SLAB0_REF#","groupRefs":["ModelReferences"],"visible":false},{"code":"REF_SlabWhite_Matte_CYNCLY_W40H40_SLAB0","refCode":"SlabWhite_Matte_CYNCLY_W40H40_SLAB0","names":{"en-US":"SlabWhite Matte"},"descriptions":{"en-US":"SlabWhite Matte"},"dataType":"string","defaultValue":"#MOD_SlabWhite_Matte_CYNCLY_W40H40_SLAB0_REF#","groupRefs":["ModelReferences"],"visible":false},{"code":"REF_SlabWhite_Matte_CYNCLY_W80H18_SLAB0","refCode":"SlabWhite_Matte_CYNCLY_W80H18_SLAB0","names":{"en-US":"SlabWhite Matte"},"descriptions":{"en-US":"SlabWhite Matte"},"dataType":"string","defaultValue":"#MOD_SlabWhite_Matte_CYNCLY_W80H18_SLAB0_REF#","groupRefs":["ModelReferences"],"visible":false},{"code":"REF_Splashback_Finish","refCode":"Splashback_Finish","names":{"en-US":"Splashback Finish"},"descriptions":{"en-US":"Splashback Finish"},"dataType":"string","defaultValue":"#MOD_Splashback_Finish_REF#","groupRefs":["ModelReferences"],"visible":false},{"code":"REF_UOPR","refCode":"UOPR","names":{"en-US":"UnitOfPricing"},"descriptions":{"en-US":"Unit of pricing"},"dataType":"decimal","defaultValue":"","groupRefs":["AttributeReferences"],"visible":false},{"code":"REF_Visible_False_AQTY","refCode":"Visible_False_AQTY","names":{"en-US":"Visible_False_AQTY"},"dataType":"string","defaultValue":"#MOD_Visible_False_AQTY_REF#","groupRefs":["ModelReferences"],"visible":false},{"code":"REF_Visible=FalseQty","refCode":"Visible=FalseQty","names":{"en-US":"REF_Visible=FalseQty"},"descriptions":{"en-US":"Slab White High Gloss (qty)"},"dataType":"integer","defaultValue":"#Visible=FalseQty#","groupRefs":["FeatureTypes"],"visible":false},{"code":"REF_W","refCode":"W","names":{"en-US":"Width"},"descriptions":{"en-US":" Width"},"dataType":"decimal","defaultValue":"","groupRefs":["AttributeReferences"],"visible":false},{"code":"ReturnColumn","names":{"en-US":"ReturnColumn"},"dataType":"string","defaultValue":"","groupRefs":["AdditionalAttributes"],"visible":false},{"code":"ReturnFiller","names":{"en-US":"ReturnFiller"},"dataType":"string","defaultValue":"","groupRefs":["AdditionalAttributes"],"visible":false},{"code":"RoutforGlass","names":{"en-US":"RoutforGlass"},"dataType":"string","defaultValue":"","groupRefs":["AdditionalAttributes"],"visible":false},{"code":"RTC","names":{"en-US":"RooTClass"},"descriptions":{"en-US":"Root class"},"dataType":"integer","defaultValue":"#GS_RTC#","groupRefs":["Design"],"visible":false},{"code":"RUPM","names":{"en-US":"RoundUPMeasure"},"descriptions":{"en-US":"Round up measure"},"dataType":"decimal","defaultValue":"0","groupRefs":["Dispcat"],"visible":false},{"code":"SDB","names":{"en-US":"StyleDoorBase"},"descriptions":{"en-US":"Door style base "},"dataType":"integer","defaultValue":"#GS_SDB#","groupRefs":["Style"],"visible":false},{"code":"SDRW","names":{"en-US":"StyleDRaWer"},"descriptions":{"en-US":"Drawer style"},"dataType":"integer","defaultValue":"#GS_SDRW#","groupRefs":["Style"],"visible":false},{"code":"SDT1","names":{"en-US":"StyleDoorTall1"},"descriptions":{"en-US":"Door style tall"},"dataType":"integer","defaultValue":"#GS_SDT1#","groupRefs":["Style"],"visible":false},{"code":"SDW","names":{"en-US":"StyleDoorWall"},"descriptions":{"en-US":"Door style wall"},"dataType":"integer","defaultValue":"#GS_SDW#","groupRefs":["Style"],"visible":false},{"code":"SDWP","names":{"en-US":"StyleDraWerPull"},"descriptions":{"en-US":"Drawer pull style"},"dataType":"integer","defaultValue":"#GS_SDWP#","groupRefs":["Style"],"visible":false},{"code":"SingleBottomSection","names":{"en-US":"SingleBottomSection"},"dataType":"string","defaultValue":"","groupRefs":["AdditionalAttributes"],"visible":false},{"code":"SinkBaseMultiStorageShelf","names":{"en-US":"SinkBaseMultiStorageShelf"},"dataType":"string","defaultValue":"","groupRefs":["AdditionalAttributes"],"visible":false},{"code":"SinkFloor","names":{"en-US":"SinkFloor"},"dataType":"string","defaultValue":"","groupRefs":["AdditionalAttributes"],"visible":false},{"code":"SinkPullOutCaddy","names":{"en-US":"SinkPullOutCaddy"},"dataType":"string","defaultValue":"","groupRefs":["AdditionalAttributes"],"visible":false},{"code":"SplitBlockFillerBottom","names":{"en-US":"SplitBlockFillerBottom"},"dataType":"string","defaultValue":"","groupRefs":["AdditionalAttributes"],"visible":false},{"code":"SplitBlockFillerTop","names":{"en-US":"SplitBlockFillerTop"},"dataType":"string","defaultValue":"","groupRefs":["AdditionalAttributes"],"visible":false},{"code":"SplitPostFillerBottom","names":{"en-US":"SplitPostFillerBottom"},"dataType":"string","defaultValue":"","groupRefs":["AdditionalAttributes"],"visible":false},{"code":"SPUL","names":{"en-US":"StylePULl"},"descriptions":{"en-US":"Door pull style"},"dataType":"integer","defaultValue":"#GS_SPUL#","groupRefs":["Style"],"visible":false},{"code":"StemGlassHolder","names":{"en-US":"StemGlassHolder"},"dataType":"string","defaultValue":"","groupRefs":["AdditionalAttributes"],"visible":false},{"code":"StemwareHolder","names":{"en-US":"StemwareHolder"},"dataType":"string","defaultValue":"","groupRefs":["AdditionalAttributes"],"visible":false},{"code":"this_catalog_id","names":{"en-US":"this_catalog_id"},"dataType":"string","defaultValue":"this:","groupRefs":["AdditionalAttributes"],"visible":true},{"code":"TKT","names":{"en-US":"ToeKickThick"},"descriptions":{"en-US":"Toe kick thick"},"dataType":"decimal","defaultValue":"20","groupRefs":["Thick"],"visible":false},{"code":"ToeModification","names":{"en-US":"ToeModification"},"dataType":"string","defaultValue":"","groupRefs":["AdditionalAttributes"],"visible":false},{"code":"TowelBar","names":{"en-US":"TowelBar"},"dataType":"string","defaultValue":"","groupRefs":["AdditionalAttributes"],"visible":false},{"code":"TrashCan","names":{"en-US":"TrashCan"},"dataType":"string","defaultValue":"","groupRefs":["AdditionalAttributes"],"visible":false},{"code":"UOPR","names":{"en-US":"UnitOfPricing"},"descriptions":{"en-US":"Unit of pricing"},"dataType":"decimal","defaultValue":"0","groupRefs":["Dispcat"],"visible":false},{"code":"UpperSection","names":{"en-US":"UpperSection"},"dataType":"string","defaultValue":"","groupRefs":["AdditionalAttributes"],"visible":false},{"code":"UQ11","names":{"en-US":"UserQ11"},"descriptions":{"en-US":"User quantity 11"},"dataType":"integer","defaultValue":"#GS_UQ11#","groupRefs":["UserQty"],"visible":false},{"code":"UQ12","names":{"en-US":"UserQ12"},"descriptions":{"en-US":"User quantity 12"},"dataType":"integer","defaultValue":"0","groupRefs":["UserQty"],"visible":false},{"code":"UQ14","names":{"en-US":"UserQ14"},"descriptions":{"en-US":"User quantity 14"},"dataType":"integer","defaultValue":"0","groupRefs":["UserQty"],"visible":false},{"code":"USER","names":{"en-US":"USERcode"},"descriptions":{"en-US":"User code"},"dataType":"string","defaultValue":"#GS_USER#","groupRefs":["Sys_Var"],"visible":true},{"code":"VA","names":{"en-US":"VAccessories"},"descriptions":{"en-US":"Accessory texture (0)"},"dataType":"integer","defaultValue":"8015","groupRefs":["Textures"],"visible":false},{"code":"VAC1","names":{"en-US":"VACcessories1"},"descriptions":{"en-US":"Accessory texture (1)"},"dataType":"integer","defaultValue":"0","groupRefs":["Textures"],"visible":false},{"code":"VAC2","names":{"en-US":"VACcessories2"},"descriptions":{"en-US":"Accessory texture (2)"},"dataType":"integer","defaultValue":"0","groupRefs":["Textures"],"visible":false},{"code":"VAC3","names":{"en-US":"VACcessories3"},"descriptions":{"en-US":"Accessory texture (3)"},"dataType":"integer","defaultValue":"0","groupRefs":["Textures"],"visible":false},{"code":"VAM","names":{"en-US":"VAluMinum"},"descriptions":{"en-US":"Aluminium texture"},"dataType":"integer","defaultValue":"8000","groupRefs":["Textures"],"visible":false},{"code":"VCO129","names":{"en-US":"VCOlor129"},"descriptions":{"en-US":"Color 129"},"dataType":"integer","defaultValue":"#GS_VCO129#","groupRefs":["MiscAcc"],"visible":false},{"code":"VCO130","names":{"en-US":"VCOlor130"},"descriptions":{"en-US":"Color 130"},"dataType":"integer","defaultValue":"#GS_VCO130#","groupRefs":["MiscAcc"],"visible":false},{"code":"VCT","names":{"en-US":"VCounterTop"},"descriptions":{"en-US":"Counter top texture"},"dataType":"integer","defaultValue":"#GS_VCT#","groupRefs":["Config","Textures"],"visible":false},{"code":"VD","names":{"en-US":"VDoor"},"descriptions":{"en-US":"Door texture"},"dataType":"integer","defaultValue":"#GS_VD#","groupRefs":["Textures"],"visible":false},{"code":"VD2","names":{"en-US":"VDoor2"},"descriptions":{"en-US":"Door insert (1) texture"},"dataType":"integer","defaultValue":"#VD#","groupRefs":["Textures"],"visible":false},{"code":"VD3","names":{"en-US":"VDoor3"},"descriptions":{"en-US":"Door insert (2) texture"},"dataType":"integer","defaultValue":"49","groupRefs":["Textures"],"visible":false},{"code":"VDFT","names":{"en-US":"VDrawerFronT"},"descriptions":{"en-US":"Drawer front (1) texture"},"dataType":"integer","defaultValue":"#GS_VDFT#","groupRefs":["Textures"],"visible":false},{"code":"VDFT2","names":{"en-US":"VDrawerFronT2"},"descriptions":{"en-US":"Drawer front (2) texture"},"dataType":"integer","defaultValue":"#VDFT#","groupRefs":["Textures"],"visible":false},{"code":"VDS","names":{"en-US":"VDrawerSide"},"descriptions":{"en-US":"Drawer box texture"},"dataType":"integer","defaultValue":"4122","groupRefs":["Textures"],"visible":false},{"code":"VDWPU","names":{"en-US":"VDraWerPUll"},"descriptions":{"en-US":"Drawer pull texture"},"dataType":"integer","defaultValue":"#GS_VDWPU#","groupRefs":["Textures"],"visible":false},{"code":"VerticalMolding","names":{"en-US":"VerticalMolding"},"dataType":"string","defaultValue":"","groupRefs":["AdditionalAttributes"],"visible":false},{"code":"VF","names":{"en-US":"VFiller"},"descriptions":{"en-US":"Filler texture"},"dataType":"integer","defaultValue":"#GS_VF#","groupRefs":["Textures"],"visible":false},{"code":"VGL","names":{"en-US":"VGLass"},"descriptions":{"en-US":"Glass texture"},"dataType":"integer","defaultValue":"5100","groupRefs":["Textures"],"visible":false},{"code":"Visible=FalseQty","names":{"en-US":"Visible=FalseQty"},"descriptions":{"en-US":"Slab White High Gloss (qty)"},"dataType":"integer","defaultValue":"0","groupRefs":["FeatureTypes"],"visible":false},{"code":"VMTL","names":{"en-US":"VMeTaL"},"descriptions":{"en-US":"Metal texture"},"dataType":"integer","defaultValue":"22","groupRefs":["Panels"],"visible":false},{"code":"VP","names":{"en-US":"VPanel"},"descriptions":{"en-US":"Panel texture"},"dataType":"integer","defaultValue":"#GS_VP#","groupRefs":["Textures"],"visible":false},{"code":"VPU","names":{"en-US":"VPUll"},"descriptions":{"en-US":"Pull texture"},"dataType":"integer","defaultValue":"#GS_VPU#","groupRefs":["Textures"],"visible":false},{"code":"VPU2","names":{"en-US":"VPull2"},"descriptions":{"en-US":"Pull insert texture"},"dataType":"integer","defaultValue":"#GS_VPU2#","groupRefs":["Textures"],"visible":false},{"code":"VS","names":{"en-US":"VShelf"},"descriptions":{"en-US":"Shelf texture"},"dataType":"integer","defaultValue":"4122","groupRefs":["Textures"],"visible":false},{"code":"VSD","names":{"en-US":"VSiDe"},"descriptions":{"en-US":"Side texture"},"dataType":"integer","defaultValue":"#VS#","groupRefs":["Textures"],"visible":false},{"code":"VSF","names":{"en-US":"VSideFinish"},"descriptions":{"en-US":"Finished side texture"},"dataType":"integer","defaultValue":"#VD#","groupRefs":["Textures"],"visible":false},{"code":"VSK","names":{"en-US":"VSinK"},"descriptions":{"en-US":"Sink texture"},"dataType":"integer","defaultValue":"#EHC# ? 8018 : 22","groupRefs":["Bath"],"visible":false},{"code":"VTBL","names":{"en-US":"VTaBleLeg"},"descriptions":{"en-US":"Table leg texture"},"dataType":"integer","defaultValue":"8001","groupRefs":["Tables"],"visible":false},{"code":"VTK","names":{"en-US":"VToeKick"},"descriptions":{"en-US":"Toe base texture"},"dataType":"integer","defaultValue":"#GS_VTK#","groupRefs":["Config","Textures"],"visible":false},{"code":"W2","names":{"en-US":"Width2"},"descriptions":{"en-US":"Width (2)"},"dataType":"decimal","defaultValue":"$W$","groupRefs":["General"],"visible":false},{"code":"WasteBin","names":{"en-US":"WasteBin"},"dataType":"string","defaultValue":"","groupRefs":["AdditionalAttributes"],"visible":false},{"code":"WCC","names":{"en-US":"WhichCabCode"},"descriptions":{"en-US":"Which cabinet code (0)"},"dataType":"integer","defaultValue":"#GS_WCC#","groupRefs":["Design"],"visible":false}]