{"catalogDependencies":{"D":{"companyCode":"1243c976-fb59-4554-a2ad-5cd3c954b87a","catalogCode":"CommonMetric","version":"^14.0.0","attributeOverrides":[{"attributeRef":"COMMON_2D_FRONT","value":"True"},{"attributeRef":"COMMON_2D_TOP","value":"True"},{"attributeRef":"COMMON_APPLIANCE_CUTOUT_BOTRAIL_HEIGHT","value":"35"},{"attributeRef":"COMMON_APPLIANCE_CUTOUT_TOPRAIL_HEIGHT","value":"35"},{"attributeRef":"COMMON_BASE_DOORSTYLE","value":"#GS_COMMON_BASE_DOORSTYLE#"},{"attributeRef":"COMMON_BOTTOM_OVERLAY","value":"#DINS# ? - 2 : (#FOVL# ? 30 : 13)"},{"attributeRef":"COMMON_BOTTOMRAIL_HEIGHT","value":"35"},{"attributeRef":"COMMON_CONFIG_OVERLAY_BOTTOM1","value":"#DINS# ? - 2 : (#FOVL# ? 30 : 13)"},{"attributeRef":"COMMON_CONFIG_OVERLAY_BOTTOM2","value":"#DINS# ? - 2 : (#FOVL# ? 30 : 13)"},{"attributeRef":"COMMON_CONFIG_OVERLAY_BOTTOM3","value":"#DINS# ? - 2 : (#FOVL# ? 30 : 13)"},{"attributeRef":"COMMON_CONFIG_OVERLAY_BOTTOM4","value":"#DINS# ? - 2 : (#FOVL# ? 30 : 13)"},{"attributeRef":"COMMON_CONFIG_OVERLAY_TOP1","value":"#DINS# ? - 2 : (#FOVL# ? 30 : 13)"},{"attributeRef":"COMMON_CONFIG_OVERLAY_TOP2","value":"#DINS# ? - 2 : (#FOVL# ? 30 : 13)"},{"attributeRef":"COMMON_CONFIG_OVERLAY_TOP3","value":"#DINS# ? - 2 : (#FOVL# ? 30 : 13)"},{"attributeRef":"COMMON_CONFIG_OVERLAY_TOP4","value":"#DINS# ? - 2 : (#FOVL# ? 30 : 13)"},{"attributeRef":"COMMON_COUNTRYSINK_TOPRAIL_HEIGHT","value":"35"},{"attributeRef":"COMMON_CROSSCATALOG_DEFAULT_OPTION","value":"dynamic"},{"attributeRef":"COMMON_CROSSCATALOG_DEFAULT_OPTION_COOKTOP","value":"dynamic"},{"attributeRef":"COMMON_CROSSCATALOG_DEFAULT_OPTION_MICROWAVE","value":"dynamic"},{"attributeRef":"COMMON_CROSSCATALOG_DEFAULT_OPTION_OVEN","value":"dynamic"},{"attributeRef":"COMMON_CROSSCATALOG_DEFAULT_OPTION_SINK","value":"dynamic"},{"attributeRef":"COMMON_CROSSCATALOG_DEFAULT_OPTION_WORKTOP","value":"dynamic"},{"attributeRef":"COMMON_DECORATIVE_TYPE_INTEGRATION_WORKTOP","value":"Manufacturer"},{"attributeRef":"COMMON_DOOR_HANDLESTYLE","value":"#GS_COMMON_DOOR_HANDLESTYLE#"},{"attributeRef":"COMMON_DOOR_INSET","value":"0"},{"attributeRef":"COMMON_DRAWER_HANDLESTYLE","value":"#GS_COMMON_DRAWER_HANDLESTYLE#"},{"attributeRef":"COMMON_DRAWERHANDLE_HEIGHT","value":"#GS_COMMON_DRAWERHANDLE_HEIGHT#"},{"attributeRef":"COMMON_DRAWERHANDLE_WIDTH","value":"#GS_COMMON_DRAWERHANDLE_WIDTH#"},{"attributeRef":"COMMON_DRAWERSTYLE_GEN","value":"#GS_COMMON_DRAWERSTYLE_GEN#"},{"attributeRef":"COMMON_HANDLE_HEIGHT","value":"#GS_COMMON_HANDLE_HEIGHT#"},{"attributeRef":"COMMON_HANDLE_WIDTH","value":"#GS_COMMON_HANDLE_WIDTH#"},{"attributeRef":"COMMON_INTER_OVERLAY_BOTTOM1","value":"#DINS# ? - 2 : (#FOVL# ? 15 : 6)"},{"attributeRef":"COMMON_INTER_OVERLAY_BOTTOM1_1","value":"#DINS# ? - 2 : (#FOVL# ? 15 : 6)"},{"attributeRef":"COMMON_INTER_OVERLAY_BOTTOM1_2","value":"#DINS# ? - 2 : (#FOVL# ? 15 : 6)"},{"attributeRef":"COMMON_INTER_OVERLAY_BOTTOM1_3","value":"#DINS# ? - 2 : (#FOVL# ? 15 : 6)"},{"attributeRef":"COMMON_INTER_OVERLAY_BOTTOM1_4","value":"#DINS# ? - 2 : (#FOVL# ? 15 : 6)"},{"attributeRef":"COMMON_INTER_OVERLAY_BOTTOM1_5","value":"#DINS# ? - 2 : (#FOVL# ? 15 : 6)"},{"attributeRef":"COMMON_INTER_OVERLAY_BOTTOM2","value":"#DINS# ? - 2 : (#FOVL# ? 15 : 6)"},{"attributeRef":"COMMON_INTER_OVERLAY_BOTTOM2_1","value":"#DINS# ? - 2 : (#FOVL# ? 15 : 6)"},{"attributeRef":"COMMON_INTER_OVERLAY_BOTTOM2_2","value":"#DINS# ? - 2 : (#FOVL# ? 15 : 6)"},{"attributeRef":"COMMON_INTER_OVERLAY_BOTTOM2_3","value":"#DINS# ? - 2 : (#FOVL# ? 15 : 6)"},{"attributeRef":"COMMON_INTER_OVERLAY_BOTTOM2_4","value":"#DINS# ? - 2 : (#FOVL# ? 15 : 6)"},{"attributeRef":"COMMON_INTER_OVERLAY_BOTTOM2_5","value":"#DINS# ? - 2 : (#FOVL# ? 15 : 6)"},{"attributeRef":"COMMON_INTER_OVERLAY_BOTTOM3","value":"#DINS# ? - 2 : (#FOVL# ? 15 : 6)"},{"attributeRef":"COMMON_INTER_OVERLAY_BOTTOM3_1","value":"#DINS# ? - 2 : (#FOVL# ? 15 : 6)"},{"attributeRef":"COMMON_INTER_OVERLAY_BOTTOM3_2","value":"#DINS# ? - 2 : (#FOVL# ? 15 : 6)"},{"attributeRef":"COMMON_INTER_OVERLAY_BOTTOM3_3","value":"#DINS# ? - 2 : (#FOVL# ? 15 : 6)"},{"attributeRef":"COMMON_INTER_OVERLAY_BOTTOM3_4","value":"#DINS# ? - 2 : (#FOVL# ? 15 : 6)"},{"attributeRef":"COMMON_INTER_OVERLAY_BOTTOM3_5","value":"#DINS# ? - 2 : (#FOVL# ? 15 : 6)"},{"attributeRef":"COMMON_INTER_OVERLAY_BOTTOM4","value":"#DINS# ? - 2 : (#FOVL# ? 15 : 6)"},{"attributeRef":"COMMON_INTER_OVERLAY_BOTTOM4_1","value":"#DINS# ? - 2 : (#FOVL# ? 15 : 6)"},{"attributeRef":"COMMON_INTER_OVERLAY_BOTTOM4_2","value":"#DINS# ? - 2 : (#FOVL# ? 15 : 6)"},{"attributeRef":"COMMON_INTER_OVERLAY_BOTTOM4_3","value":"#DINS# ? - 2 : (#FOVL# ? 15 : 6)"},{"attributeRef":"COMMON_INTER_OVERLAY_BOTTOM4_4","value":"#DINS# ? - 2 : (#FOVL# ? 15 : 6)"},{"attributeRef":"COMMON_INTER_OVERLAY_BOTTOM4_5","value":"#DINS# ? - 2 : (#FOVL# ? 15 : 6)"},{"attributeRef":"COMMON_INTER_OVERLAY_BOTTOM5_1","value":"#DINS# ? - 2 : (#FOVL# ? 15 : 6)"},{"attributeRef":"COMMON_INTER_OVERLAY_BOTTOM5_2","value":"#DINS# ? - 2 : (#FOVL# ? 15 : 6)"},{"attributeRef":"COMMON_INTER_OVERLAY_BOTTOM5_3","value":"#DINS# ? - 2 : (#FOVL# ? 15 : 6)"},{"attributeRef":"COMMON_INTER_OVERLAY_BOTTOM5_4","value":"#DINS# ? - 2 : (#FOVL# ? 15 : 6)"},{"attributeRef":"COMMON_INTER_OVERLAY_BOTTOM5_5","value":"#DINS# ? - 2 : (#FOVL# ? 15 : 6)"},{"attributeRef":"COMMON_INTER_OVERLAY_BOTTOM6_1","value":"#DINS# ? - 2 : (#FOVL# ? 15 : 6)"},{"attributeRef":"COMMON_INTER_OVERLAY_BOTTOM6_2","value":"#DINS# ? - 2 : (#FOVL# ? 15 : 6)"},{"attributeRef":"COMMON_INTER_OVERLAY_BOTTOM6_3","value":"#DINS# ? - 2 : (#FOVL# ? 15 : 6)"},{"attributeRef":"COMMON_INTER_OVERLAY_BOTTOM6_4","value":"#DINS# ? - 2 : (#FOVL# ? 15 : 6)"},{"attributeRef":"COMMON_INTER_OVERLAY_BOTTOM6_5","value":"#DINS# ? - 2 : (#FOVL# ? 15 : 6)"},{"attributeRef":"COMMON_INTER_OVERLAY_TOP1","value":"#DINS# ? - 2 : (#FOVL# ? 15 : 6)"},{"attributeRef":"COMMON_INTER_OVERLAY_TOP1_1","value":"#DINS# ? - 2 : (#FOVL# ? 15 : 6)"},{"attributeRef":"COMMON_INTER_OVERLAY_TOP1_2","value":"#DINS# ? - 2 : (#FOVL# ? 15 : 6)"},{"attributeRef":"COMMON_INTER_OVERLAY_TOP1_3","value":"#DINS# ? - 2 : (#FOVL# ? 15 : 6)"},{"attributeRef":"COMMON_INTER_OVERLAY_TOP1_4","value":"#DINS# ? - 2 : (#FOVL# ? 15 : 6)"},{"attributeRef":"COMMON_INTER_OVERLAY_TOP1_5","value":"#DINS# ? - 2 : (#FOVL# ? 15 : 6)"},{"attributeRef":"COMMON_INTER_OVERLAY_TOP2","value":"#DINS# ? - 2 : (#FOVL# ? 15 : 6)"},{"attributeRef":"COMMON_INTER_OVERLAY_TOP2_1","value":"#DINS# ? - 2 : (#FOVL# ? 15 : 6)"},{"attributeRef":"COMMON_INTER_OVERLAY_TOP2_2","value":"#DINS# ? - 2 : (#FOVL# ? 15 : 6)"},{"attributeRef":"COMMON_INTER_OVERLAY_TOP2_3","value":"#DINS# ? - 2 : (#FOVL# ? 15 : 6)"},{"attributeRef":"COMMON_INTER_OVERLAY_TOP2_4","value":"#DINS# ? - 2 : (#FOVL# ? 15 : 6)"},{"attributeRef":"COMMON_INTER_OVERLAY_TOP2_5","value":"#DINS# ? - 2 : (#FOVL# ? 15 : 6)"},{"attributeRef":"COMMON_INTER_OVERLAY_TOP3","value":"#DINS# ? - 2 : (#FOVL# ? 15 : 6)"},{"attributeRef":"COMMON_INTER_OVERLAY_TOP3_1","value":"#DINS# ? - 2 : (#FOVL# ? 15 : 6)"},{"attributeRef":"COMMON_INTER_OVERLAY_TOP3_2","value":"#DINS# ? - 2 : (#FOVL# ? 15 : 6)"},{"attributeRef":"COMMON_INTER_OVERLAY_TOP3_3","value":"#DINS# ? - 2 : (#FOVL# ? 15 : 6)"},{"attributeRef":"COMMON_INTER_OVERLAY_TOP3_4","value":"#DINS# ? - 2 : (#FOVL# ? 15 : 6)"},{"attributeRef":"COMMON_INTER_OVERLAY_TOP3_5","value":"#DINS# ? - 2 : (#FOVL# ? 15 : 6)"},{"attributeRef":"COMMON_INTER_OVERLAY_TOP4","value":"#DINS# ? - 2 : (#FOVL# ? 15 : 6)"},{"attributeRef":"COMMON_INTER_OVERLAY_TOP4_1","value":"#DINS# ? - 2 : (#FOVL# ? 15 : 6)"},{"attributeRef":"COMMON_INTER_OVERLAY_TOP4_2","value":"#DINS# ? - 2 : (#FOVL# ? 15 : 6)"},{"attributeRef":"COMMON_INTER_OVERLAY_TOP4_3","value":"#DINS# ? - 2 : (#FOVL# ? 15 : 6)"},{"attributeRef":"COMMON_INTER_OVERLAY_TOP4_4","value":"#DINS# ? - 2 : (#FOVL# ? 15 : 6)"},{"attributeRef":"COMMON_INTER_OVERLAY_TOP4_5","value":"#DINS# ? - 2 : (#FOVL# ? 15 : 6)"},{"attributeRef":"COMMON_INTER_OVERLAY_TOP5_1","value":"#DINS# ? - 2 : (#FOVL# ? 15 : 6)"},{"attributeRef":"COMMON_INTER_OVERLAY_TOP5_2","value":"#DINS# ? - 2 : (#FOVL# ? 15 : 6)"},{"attributeRef":"COMMON_INTER_OVERLAY_TOP5_3","value":"#DINS# ? - 2 : (#FOVL# ? 15 : 6)"},{"attributeRef":"COMMON_INTER_OVERLAY_TOP5_4","value":"#DINS# ? - 2 : (#FOVL# ? 15 : 6)"},{"attributeRef":"COMMON_INTER_OVERLAY_TOP5_5","value":"#DINS# ? - 2 : (#FOVL# ? 15 : 6)"},{"attributeRef":"COMMON_INTER_OVERLAY_TOP6_1","value":"#DINS# ? - 2 : (#FOVL# ? 15 : 6)"},{"attributeRef":"COMMON_INTER_OVERLAY_TOP6_2","value":"#DINS# ? - 2 : (#FOVL# ? 15 : 6)"},{"attributeRef":"COMMON_INTER_OVERLAY_TOP6_3","value":"#DINS# ? - 2 : (#FOVL# ? 15 : 6)"},{"attributeRef":"COMMON_INTER_OVERLAY_TOP6_4","value":"#DINS# ? - 2 : (#FOVL# ? 15 : 6)"},{"attributeRef":"COMMON_INTER_OVERLAY_TOP6_5","value":"#DINS# ? - 2 : (#FOVL# ? 15 : 6)"},{"attributeRef":"COMMON_LAYER_REDEFINITION_NEWFORMAT","value":"true"},{"attributeRef":"COMMON_MANUFACTURER_WORKTOP","value":"#this_catalog_id#wtp"},{"attributeRef":"COMMON_MATERIAL_HANDLE_DOOR","value":"#this_catalog_id##VPU#"},{"attributeRef":"COMMON_MATERIAL_HANDLE_DOOR_2","value":"#this_catalog_id##VPU#"},{"attributeRef":"COMMON_MATERIAL_HANDLE_DRAWER","value":"#this_catalog_id##VDWPU#"},{"attributeRef":"COMMON_MATERIAL_HANDLE_DRAWER_2","value":"#this_catalog_id##VDWPU#"},{"attributeRef":"COMMON_MEASURE_ANGLE","value":"135"},{"attributeRef":"COMMON_MEASURE_GARAGE_TOPRAIL","value":"35"},{"attributeRef":"COMMON_MEASURE_THICKNESS_TOEKICK","value":"20"},{"attributeRef":"COMMON_MIDDLE_HORIZONTAL_OVERLAY","value":"#DINS# ? - 2 : (#FOVL# ? 30 : 13)"},{"attributeRef":"COMMON_MIDDLE_OVERLAY","value":"#DINS# ? - 2 : (#FOVL# ? 15 : 6)"},{"attributeRef":"COMMON_MINIMUM_BLINDPULL_BASE","value":"0"},{"attributeRef":"COMMON_MINIMUM_BLINDPULL_WALL","value":"0"},{"attributeRef":"COMMON_ROLLOUT_FIN","value":"#this_catalog_id##CLDSF#"},{"attributeRef":"COMMON_SIDE_OVERLAY","value":"#DINS# ? - 2 : (#FOVL# ? 30 : 13)"},{"attributeRef":"COMMON_SUSAN_POLYMERSHELF_DIAMETER","value":"300"},{"attributeRef":"COMMON_SUSAN_ROTATINGSHELF_DIAMETER","value":"300"},{"attributeRef":"COMMON_TALL_DOORSTYLE","value":"#GS_COMMON_TALL_DOORSTYLE#"},{"attributeRef":"COMMON_TOEKICK_HEIGHT","value":"0"},{"attributeRef":"COMMON_TOP_OVERLAY","value":"#DINS# ? - 2 : (#FOVL# ? 30 : 13)"},{"attributeRef":"COMMON_TOPRAIL_HEIGHT","value":"35"},{"attributeRef":"COMMON_WALL_BLINDCORNER_STILE_WIDTH","value":"150"},{"attributeRef":"COMMON_WALL_DOORSTYLE","value":"#GS_COMMON_WALL_DOORSTYLE#"},{"attributeRef":"COMMON_WORKTOP_THICKNESS","value":"38"},{"attributeRef":"GLOBAL_MOLDINGS","value":"True"},{"attributeRef":"GLOBAL_TOEKICKS","value":"True"},{"attributeRef":"GLOBAL_WORKTOPS","value":"True"},{"attributeRef":"LA_ACCESSORY","value":"#this_catalog_id##VA#"},{"attributeRef":"LA_ACCESSORY_1","value":"#this_catalog_id##VAC1#"},{"attributeRef":"LA_ACCESSORY_2","value":"#this_catalog_id##VAC2#"},{"attributeRef":"LA_ACCESSORY_3","value":"#this_catalog_id##VAC3#"},{"attributeRef":"LA_ACCESSORY_FINISH","value":"#this_catalog_id##VA#"},{"attributeRef":"LA_ACCESSORY_V_FINISH","value":"#this_catalog_id##VD#"},{"attributeRef":"LA_ALUMINUM","value":"#this_catalog_id##VAM#"},{"attributeRef":"LA_BACK_EDGE_BOTTOM","value":"#this_catalog_id##CLBHNF#"},{"attributeRef":"LA_BACK_EDGE_BOTTOM_FINISH","value":"#this_catalog_id##CLBHF#"},{"attributeRef":"LA_BACK_EDGE_LEFT","value":"#this_catalog_id##CLBHNF#"},{"attributeRef":"LA_BACK_EDGE_LEFT_FINISH","value":"#this_catalog_id##CLBHF#"},{"attributeRef":"LA_BACK_EDGE_RIGHT","value":"#this_catalog_id##CLBHNF#"},{"attributeRef":"LA_BACK_EDGE_RIGHT_FINISH","value":"#this_catalog_id##CLBHF#"},{"attributeRef":"LA_BACK_EDGE_TOP","value":"#this_catalog_id##CLBHNF#"},{"attributeRef":"LA_BACK_EDGE_TOP_FINISH","value":"#this_catalog_id##CLBHF#"},{"attributeRef":"LA_BACK_EXTERIOR","value":"#this_catalog_id##CLBHNF#"},{"attributeRef":"LA_BACK_EXTERIOR_FINISH","value":"#this_catalog_id##CLBHF#"},{"attributeRef":"LA_BACK_INTERIOR","value":"#this_catalog_id##CLBHNF#"},{"attributeRef":"LA_BACK_INTERIOR_FINISH","value":"#this_catalog_id##CLBHF#"},{"attributeRef":"LA_BOTTOM","value":"#this_catalog_id##VSD#"},{"attributeRef":"LA_BOTTOM_EDGE_BACK","value":"#this_catalog_id##CLFHNF#"},{"attributeRef":"LA_BOTTOM_EDGE_BACK_FINISH","value":"#this_catalog_id##CLFHF#"},{"attributeRef":"LA_BOTTOM_EDGE_FRONT","value":"#this_catalog_id##CLBF#"},{"attributeRef":"LA_BOTTOM_EDGE_FRONT_FINISH","value":"#this_catalog_id##CLBFF#"},{"attributeRef":"LA_BOTTOM_EDGE_LEFT","value":"#this_catalog_id##CLFHNF#"},{"attributeRef":"LA_BOTTOM_EDGE_LEFT_FINISH","value":"#this_catalog_id##CLFHF#"},{"attributeRef":"LA_BOTTOM_EDGE_RIGHT","value":"#this_catalog_id##CLFHNF#"},{"attributeRef":"LA_BOTTOM_EDGE_RIGHT_FINISH","value":"#this_catalog_id##CLFHF#"},{"attributeRef":"LA_BOTTOM_EXTERIOR","value":"#this_catalog_id##CLFHNF#"},{"attributeRef":"LA_BOTTOM_EXTERIOR_FINISH","value":"#this_catalog_id##CLFHF#"},{"attributeRef":"LA_BOTTOM_FINISH","value":"#this_catalog_id##VDFT#"},{"attributeRef":"LA_BOTTOM_INTERIOR","value":"#this_catalog_id##CLFHNF#"},{"attributeRef":"LA_BOTTOM_INTERIOR_FINISH","value":"#this_catalog_id##CLFHF#"},{"attributeRef":"LA_COUNTERTOP_BOTTOM","value":"#this_catalog_id##VCT#"},{"attributeRef":"LA_COUNTERTOP_EDGE","value":"#this_catalog_id##VCT#"},{"attributeRef":"LA_COUNTERTOP_TOP","value":"#this_catalog_id##VCT#"},{"attributeRef":"LA_DRAWERBOX_BACK_EXTERIOR","value":"#this_catalog_id##CLDSF#"},{"attributeRef":"LA_DRAWERBOX_BACK_EXTERIOR_FINISH","value":"#this_catalog_id##CLDSF#"},{"attributeRef":"LA_DRAWERBOX_BACK_INTERIOR","value":"#this_catalog_id##CLDSF#"},{"attributeRef":"LA_DRAWERBOX_BACK_INTERIOR_FINISH","value":"#this_catalog_id##CLDSF#"},{"attributeRef":"LA_DRAWERBOX_BOTTOM_BOTTOM","value":"#this_catalog_id##CLDSF#"},{"attributeRef":"LA_DRAWERBOX_BOTTOM_BOTTOM_FINISH","value":"#this_catalog_id##CLDSF#"},{"attributeRef":"LA_DRAWERBOX_BOTTOM_EDGE","value":"#this_catalog_id##CLDSF#"},{"attributeRef":"LA_DRAWERBOX_BOTTOM_EDGE_FINISH","value":"#this_catalog_id##CLDSF#"},{"attributeRef":"LA_DRAWERBOX_BOTTOM_EXTERIOR","value":"#this_catalog_id##CLDSF#"},{"attributeRef":"LA_DRAWERBOX_BOTTOM_EXTERIOR_FINISH","value":"#this_catalog_id##CLDSF#"},{"attributeRef":"LA_DRAWERBOX_BOTTOM_INTERIOR","value":"#this_catalog_id##CLDSF#"},{"attributeRef":"LA_DRAWERBOX_BOTTOM_INTERIOR_FINISH","value":"#this_catalog_id##CLDSF#"},{"attributeRef":"LA_DRAWERBOX_BOTTOM_TOP","value":"#this_catalog_id##CLDSF#"},{"attributeRef":"LA_DRAWERBOX_BOTTOM_TOP_FINISH","value":"#this_catalog_id##CLDSF#"},{"attributeRef":"LA_DRAWERBOX_EDGE_BACK","value":"#this_catalog_id##CLDSF#"},{"attributeRef":"LA_DRAWERBOX_EDGE_BACK_FINISH","value":"#this_catalog_id##CLDSF#"},{"attributeRef":"LA_DRAWERBOX_EDGE_BOTTOM","value":"#this_catalog_id##CLDSF#"},{"attributeRef":"LA_DRAWERBOX_EDGE_BOTTOM_FINISH","value":"#this_catalog_id##CLDSF#"},{"attributeRef":"LA_DRAWERBOX_EDGE_FRONT","value":"#this_catalog_id##CLDSF#"},{"attributeRef":"LA_DRAWERBOX_EDGE_FRONT_FINISH","value":"#this_catalog_id##CLDSF#"},{"attributeRef":"LA_DRAWERBOX_EDGE_LEFT","value":"#this_catalog_id##CLDSF#"},{"attributeRef":"LA_DRAWERBOX_EDGE_LEFT_FINISH","value":"#this_catalog_id##CLDSF#"},{"attributeRef":"LA_DRAWERBOX_EDGE_RIGHT","value":"#this_catalog_id##CLDSF#"},{"attributeRef":"LA_DRAWERBOX_EDGE_RIGHT_FINISH","value":"#this_catalog_id##CLDSF#"},{"attributeRef":"LA_DRAWERBOX_EDGE_TOP","value":"#this_catalog_id##CLDSF#"},{"attributeRef":"LA_DRAWERBOX_EDGE_TOP_FINISH","value":"#this_catalog_id##CLDSF#"},{"attributeRef":"LA_DRAWERBOX_FRONT_BACK_BOTTOM","value":"#this_catalog_id##CLDSF#"},{"attributeRef":"LA_DRAWERBOX_FRONT_BACK_BOTTOM_FINISH","value":"#this_catalog_id##CLDSF#"},{"attributeRef":"LA_DRAWERBOX_FRONT_BACK_EDGE","value":"#this_catalog_id##CLDSF#"},{"attributeRef":"LA_DRAWERBOX_FRONT_BACK_EDGE_FINISH","value":"#this_catalog_id##CLDSF#"},{"attributeRef":"LA_DRAWERBOX_FRONT_BACK_TOP","value":"#this_catalog_id##CLDSF#"},{"attributeRef":"LA_DRAWERBOX_FRONT_BACK_TOP_FINISH","value":"#this_catalog_id##CLDSF#"},{"attributeRef":"LA_DRAWERBOX_FRONT_EXTERIOR","value":"#this_catalog_id##CLDSF#"},{"attributeRef":"LA_DRAWERBOX_FRONT_EXTERIOR_FINISH","value":"#this_catalog_id##CLDSF#"},{"attributeRef":"LA_DRAWERBOX_FRONT_INTERIOR","value":"#this_catalog_id##CLDSF#"},{"attributeRef":"LA_DRAWERBOX_FRONT_INTERIOR_FINISH","value":"#this_catalog_id##CLDSF#"},{"attributeRef":"LA_DRAWERBOX_SIDE_BOTTOM","value":"#this_catalog_id##CLDSF#"},{"attributeRef":"LA_DRAWERBOX_SIDE_BOTTOM_FINISH","value":"#this_catalog_id##CLDSF#"},{"attributeRef":"LA_DRAWERBOX_SIDE_EDGE","value":"#this_catalog_id##CLDSF#"},{"attributeRef":"LA_DRAWERBOX_SIDE_EDGE_FINISH","value":"#this_catalog_id##CLDSF#"},{"attributeRef":"LA_DRAWERBOX_SIDE_EXTERIOR","value":"#this_catalog_id##CLDSF#"},{"attributeRef":"LA_DRAWERBOX_SIDE_EXTERIOR_FINISH","value":"#this_catalog_id##CLDSF#"},{"attributeRef":"LA_DRAWERBOX_SIDE_INTERIOR","value":"#this_catalog_id##CLDSF#"},{"attributeRef":"LA_DRAWERBOX_SIDE_INTERIOR_FINISH","value":"#this_catalog_id##CLDSF#"},{"attributeRef":"LA_DRAWERBOX_SIDE_TOP","value":"#this_catalog_id##CLDSF#"},{"attributeRef":"LA_DRAWERBOX_SIDE_TOP_FINISH","value":"#this_catalog_id##CLDSF#"},{"attributeRef":"LA_EDGE","value":"#this_catalog_id##VSD#"},{"attributeRef":"LA_EDGE_FINISH","value":"#this_catalog_id##VDFT#"},{"attributeRef":"LA_FRONT_H","value":"#this_catalog_id##VDFT#"},{"attributeRef":"LA_FRONT_V","value":"#this_catalog_id##VD#"},{"attributeRef":"LA_FRONT_V_2","value":"#this_catalog_id##VD2#"},{"attributeRef":"LA_FRONT_V_3","value":"#this_catalog_id##VD3#"},{"attributeRef":"LA_GLASS","value":"#this_catalog_id##VGL#"},{"attributeRef":"LA_LEFT_FINISH","value":"#this_catalog_id##VSF#"},{"attributeRef":"LA_LEG","value":"#this_catalog_id##VTBL#"},{"attributeRef":"LA_MATERIAL","value":"#this_catalog_id##VA#"},{"attributeRef":"LA_METAL","value":"#this_catalog_id##VMTL#"},{"attributeRef":"LA_MIRROR","value":"#this_catalog_id##VGL#"},{"attributeRef":"LA_MOLDING","value":"#this_catalog_id##VD#"},{"attributeRef":"LA_RIGHT_FINISH","value":"#this_catalog_id##VSF#"},{"attributeRef":"LA_SHELF_EDGE_BACK","value":"#this_catalog_id##VS#"},{"attributeRef":"LA_SHELF_EDGE_BACK_FINISH","value":"#this_catalog_id##VS#"},{"attributeRef":"LA_SHELF_EDGE_BOTTOM","value":"#this_catalog_id##VS#"},{"attributeRef":"LA_SHELF_EDGE_BOTTOM_FINISH","value":"#this_catalog_id##VS#"},{"attributeRef":"LA_SHELF_EDGE_FRONT","value":"#this_catalog_id##VS#"},{"attributeRef":"LA_SHELF_EDGE_FRONT_FINISH","value":"#this_catalog_id##VS#"},{"attributeRef":"LA_SHELF_EDGE_LEFT","value":"#this_catalog_id##VS#"},{"attributeRef":"LA_SHELF_EDGE_LEFT_FINISH","value":"#this_catalog_id##VS#"},{"attributeRef":"LA_SHELF_EDGE_RIGHT","value":"#this_catalog_id##VS#"},{"attributeRef":"LA_SHELF_EDGE_RIGHT_FINISH","value":"#this_catalog_id##VS#"},{"attributeRef":"LA_SHELF_EDGE_TOP","value":"#this_catalog_id##VS#"},{"attributeRef":"LA_SHELF_EDGE_TOP_FINISH","value":"#this_catalog_id##VS#"},{"attributeRef":"LA_SHELF_EXTERIOR","value":"#this_catalog_id##VS#"},{"attributeRef":"LA_SHELF_EXTERIOR_FINISH","value":"#this_catalog_id##VS#"},{"attributeRef":"LA_SHELF_INTERIOR","value":"#this_catalog_id##VS#"},{"attributeRef":"LA_SHELF_INTERIOR_FINISH","value":"#this_catalog_id##VS#"},{"attributeRef":"LA_SIDE_EDGE_BACK","value":"#this_catalog_id##CLHNF#"},{"attributeRef":"LA_SIDE_EDGE_BACK_FINISH","value":"#this_catalog_id##CLHF#"},{"attributeRef":"LA_SIDE_EDGE_BOTTOM","value":"#this_catalog_id##CLHNF#"},{"attributeRef":"LA_SIDE_EDGE_BOTTOM_FINISH","value":"#this_catalog_id##CLHF#"},{"attributeRef":"LA_SIDE_EDGE_FRONT","value":"#this_catalog_id##CLSEF#"},{"attributeRef":"LA_SIDE_EDGE_FRONT_FINISH","value":"#this_catalog_id##CLSEFF#"},{"attributeRef":"LA_SIDE_EDGE_TOP","value":"#this_catalog_id##CLHNF#"},{"attributeRef":"LA_SIDE_EDGE_TOP_FINISH","value":"#this_catalog_id##CLHF#"},{"attributeRef":"LA_SIDE_EXTERIOR","value":"#this_catalog_id##CLHNF#"},{"attributeRef":"LA_SIDE_EXTERIOR_FINISH","value":"#this_catalog_id##CLHF#"},{"attributeRef":"LA_SIDE_FINISH","value":"#this_catalog_id##VSF#"},{"attributeRef":"LA_SIDE_INTERIOR","value":"#this_catalog_id##CLHNF#"},{"attributeRef":"LA_SIDE_INTERIOR_FINISH","value":"#this_catalog_id##CLHF#"},{"attributeRef":"LA_SINK","value":"#this_catalog_id##VSK#"},{"attributeRef":"LA_TOEKICK_EDGE_BACK","value":"#this_catalog_id##CLTHNF#"},{"attributeRef":"LA_TOEKICK_EDGE_BACK_FINISH","value":"#this_catalog_id##CLTHF#"},{"attributeRef":"LA_TOEKICK_EDGE_BOTTOM","value":"#this_catalog_id##CLTHNF#"},{"attributeRef":"LA_TOEKICK_EDGE_BOTTOM_FINISH","value":"#this_catalog_id##CLTHF#"},{"attributeRef":"LA_TOEKICK_EDGE_FRONT","value":"#this_catalog_id##CLTHNF#"},{"attributeRef":"LA_TOEKICK_EDGE_FRONT_FINISH","value":"#this_catalog_id##CLTHF#"},{"attributeRef":"LA_TOEKICK_EDGE_LEFT","value":"#this_catalog_id##CLTHNF#"},{"attributeRef":"LA_TOEKICK_EDGE_LEFT_FINISH","value":"#this_catalog_id##CLTHF#"},{"attributeRef":"LA_TOEKICK_EDGE_RIGHT","value":"#this_catalog_id##CLTHNF#"},{"attributeRef":"LA_TOEKICK_EDGE_RIGHT_FINISH","value":"#this_catalog_id##CLTHF#"},{"attributeRef":"LA_TOEKICK_EDGE_TOP","value":"#this_catalog_id##CLTHNF#"},{"attributeRef":"LA_TOEKICK_EDGE_TOP_FINISH","value":"#this_catalog_id##CLTHF#"},{"attributeRef":"LA_TOEKICK_EXTERIOR","value":"#this_catalog_id##CLTHNF#"},{"attributeRef":"LA_TOEKICK_EXTERIOR_FINISH","value":"#this_catalog_id##CLTHF#"},{"attributeRef":"LA_TOEKICK_INTERIOR","value":"#this_catalog_id##CLTHNF#"},{"attributeRef":"LA_TOEKICK_INTERIOR_FINISH","value":"#this_catalog_id##CLTHF#"},{"attributeRef":"LA_TOP","value":"#this_catalog_id##VSD#"},{"attributeRef":"LA_TOP_EDGE_BACK","value":"#this_catalog_id##CLCHNF#"},{"attributeRef":"LA_TOP_EDGE_BACK_FINISH","value":"#this_catalog_id##CLCHF#"},{"attributeRef":"LA_TOP_EDGE_FRONT","value":"#this_catalog_id##CLTF#"},{"attributeRef":"LA_TOP_EDGE_FRONT_FINISH","value":"#this_catalog_id##CLTFF#"},{"attributeRef":"LA_TOP_EDGE_LEFT","value":"#this_catalog_id##CLCHNF#"},{"attributeRef":"LA_TOP_EDGE_LEFT_FINISH","value":"#this_catalog_id##CLCHF#"},{"attributeRef":"LA_TOP_EDGE_RIGHT","value":"#this_catalog_id##CLCHNF#"},{"attributeRef":"LA_TOP_EDGE_RIGHT_FINISH","value":"#this_catalog_id##CLCHF#"},{"attributeRef":"LA_TOP_EXTERIOR","value":"#this_catalog_id##CLCHNF#"},{"attributeRef":"LA_TOP_EXTERIOR_FINISH","value":"#this_catalog_id##CLCHF#"},{"attributeRef":"LA_TOP_FINISH","value":"#this_catalog_id##VDFT#"},{"attributeRef":"LA_TOP_INTERIOR","value":"#this_catalog_id##CLCHNF#"},{"attributeRef":"LA_TOP_INTERIOR_FINISH","value":"#this_catalog_id##CLCHF#"}]}}}