[{"code":"Visible=FalseQty","names":{"en-US":"Slab White High Gloss (qty)"},"classification":{"baseFeatureType":"subItem","tags":["Visible=False"]},"groupRefs":["1521"],"sequenceFactor":29,"visible":true,"defaultOptionCode":"0","selectionType":"singleSelect","options":[{"code":"0","names":{"en-US":"0"},"sequenceFactor":0,"itemModification":{"attributes":[{"attributeRef":"D:","value":"0","overridable":false},{"attributeRef":"Visible=FalseQty","value":"0","overridable":false}]}}]},{"code":"DoorOptionsQty","names":{"en-US":"Doors and Finishes (qty)"},"classification":{"baseFeatureType":"subItem","tags":["DoorOptions"]},"sequenceFactor":3,"visible":true,"defaultOptionCode":"0","selectionType":"singleSelect","options":[{"code":"0","names":{"en-US":"0"},"sequenceFactor":0,"itemModification":{"attributes":[{"attributeRef":"D:","value":"0","overridable":false},{"attributeRef":"DoorOptionsQty","value":"0","overridable":false}]}}]}]