[{"code":"TEP","refCodes":{"manufCode":"TEP","sku":"TEP","others":{"CiC2RefCode":"DEMO_M.DEMO_M.R.32779","cic":"TEP","legacyCode":"Cyncly.DEMO_M.TEP.7232","legacyCodeCatalog":"DEMO_M.TEP.7232","legacyCodeManuf":"Cyncly.TEP.7232","userCode":"TEP"}},"names":{"main":{"en-US":"TEP"},"planView":{"en-US":"741551"}},"descriptions":{"main":{"en-US":"Tall End Panel"}},"images":{"main":{"uri":"assets/images/tep.jpg"}},"classification":{"baseItemType":"cabinetry.panel","characteristics":{"application":["tall"],"subType":["end"],"targetRooms":["kitchen"]},"fullItemType":"Kitchen.Panel.Tall.End.Rectangular"},"groupRefs":["33446"],"visible":true,"sequenceOrder":1000187,"attributes":[{"attributeRef":"D:COMMON_LEG_POSITIONY3","value":"125","overridable":false},{"attributeRef":"D:COMMON_LEG_POSITIONY4","value":"125","overridable":false},{"attributeRef":"D:COMMON_LEG_QUANTITY","value":"2","overridable":false},{"attributeRef":"D:COMMON_LEG_STYLE","value":"Tubular Leg","overridable":false},{"attributeRef":"D:TEMPLATES_GENERAL_CAB_STYLE","value":"Frameless","overridable":false},{"attributeRef":"CCSBOX","value":"Base Skins Panel","overridable":false},{"attributeRef":"D:TEMPLATES_TALL_END_PANEL","value":"Base Skins Panel","overridable":false},{"attributeRef":"D:COMMON_STYLE_TOEKICK","value":"Floating Structure or Feet/Legs","overridable":false},{"attributeRef":"D:COMMON_CLEARANCE_TOEKICK","value":"0","overridable":false},{"attributeRef":"CCTH","value":"150","overridable":false},{"attributeRef":"D:COMMON_TOEKICK_HEIGHT","value":"150","overridable":false},{"attributeRef":"MANUF","value":"TEP","overridable":false},{"attributeRef":"REF_Doors_and_Finishes","value":"#MOD_Doors_and_Finishes_REF#","overridable":false},{"attributeRef":"D:searchToeKick","value":"searchItem('', '{\"classificationFilter\":{\"fullItemTypes\":[\"Kitchen.Molding.ForCabinetBase.Bottom\"]},\"catalogCodeFilters\":[{\"manufRefCode\":\"073970e1-93ad-4e81-b20e-7034fa47c4f7\",\"catalogRefCodes\":[{\"code\":\"DEMO_M\"}]}]}')"}],"dimensions":{"width":{"defaultValue":"20"},"height":{"defaultValue":"2250"},"depth":{"defaultValue":"580"}},"subItems":[{"itemRef":"D:templates_cabinet_tall_end_panel_left","position":["0","0","0"],"orientation":["0","0","0"],"scale":["1","1","1"],"inverted":false,"dimension":{"width":"$PW$","height":"$PH$","depth":"$PD$"}}],"featureRefs":[{"featureRef":"Doors_and_Finishes","scoped":false}],"sequenceFactor":1}]