[{"code":"1DR1DBCB110L","refCodes":{"manufCode":"BCB110L","sku":"BCB110L","others":{"CiC2RefCode":"DEMO_M.DEMO_M.R.41887","cic":"1DR1DBCB110L","legacyCode":"Cyncly.DEMO_M.1DR1DBCB110L.3172","legacyCodeCatalog":"DEMO_M.1DR1DBCB110L.3172","legacyCodeManuf":"Cyncly.1DR1DBCB110L.3172","userCode":"1DR1DBCB110L"}},"names":{"main":{"en-US":"1DR1DBCB110L"}},"descriptions":{"main":{"en-US":"Drawerline Blind Corner Base - Left"}},"images":{"main":{"uri":"assets/images/1d1drbcb110r.jpg"}},"classification":{"baseItemType":"cabinetry.cabinet","characteristics":{"cabinetType":["corner"],"frameDirection":["left"],"shapeType":["blind"],"subType":["base"],"targetRooms":["kitchen"]},"fullItemType":"Kitchen.Cabinet.Base.Corner.Rectangular-Right.Blind..DrawerDoor"},"groupRefs":["41882"],"visible":true,"sequenceOrder":1000108,"attributes":[{"attributeRef":"BLP","value":"0","overridable":false},{"attributeRef":"D:COMMON_BASECORNER_DEPTH1","value":"560","overridable":false},{"attributeRef":"D:COMMON_BASECORNER_DEPTH2","value":"560","overridable":false},{"attributeRef":"D:COMMON_BLIND_CORNER_FILLER_WIDTH","value":"55","overridable":false},{"attributeRef":"D:COMMON_BLINDCORNER_STILE_WIDTH","value":"110","overridable":false},{"attributeRef":"D:COMMON_RESTRICTION_HANDLES_POSITIONING_BASEDOOR","value":"TOP_SIDE_VERTICAL","overridable":false},{"attributeRef":"D:COMMON_DEFAULT_HANDLES_POSITIONING_BASEDOOR","value":"TOP_SIDE_VERTICAL","overridable":false},{"attributeRef":"D:COMMON_DEFINITION_HANDLES_POSITIONING_BASEDOOR","value":"TOP_SIDE_VERTICAL","overridable":false},{"attributeRef":"D:COMMON_BLINDCORNER_FILLER_TOEKICK","value":"False","overridable":false},{"attributeRef":"D:COMMON_MEASURE_CONFWIDTH1","value":"500","overridable":false},{"attributeRef":"D:COMMON_DIMENSION_DEPTH_ADJACENT","value":"560","overridable":false},{"attributeRef":"D:COMMON_DECORATIVE_TYPE_INTEGRATION_TOEKICK","value":"Cross","overridable":false},{"attributeRef":"D:COMMON_DRAWERBOX_DEPTH","value":"$PD$-3","overridable":false},{"attributeRef":"D:COMMON_DRAWERBOX2_DEPTH","value":"$PD$-3","overridable":false},{"attributeRef":"D:COMMON_DRAWERBOX3_DEPTH","value":"$PD$-3","overridable":false},{"attributeRef":"D:COMMON_DRAWERBOX4_DEPTH","value":"$PD$-3","overridable":false},{"attributeRef":"D:COMMON_DRAWERBOX5_DEPTH","value":"$PD$-3","overridable":false},{"attributeRef":"D:COMMON_DRAWERBOX6_DEPTH","value":"$PD$-3","overridable":false},{"attributeRef":"D:COMMON_DRAWERBOX7_DEPTH","value":"$PD$-3","overridable":false},{"attributeRef":"D:COMMON_DRAWERBOX8_DEPTH","value":"$PD$-3","overridable":false},{"attributeRef":"D:COMMON_DRAWERBOX9_DEPTH","value":"$PD$-3","overridable":false},{"attributeRef":"D:COMMON_CUSTOMV_DRAWERBOX_DEPTH2_1","value":"$PD$-3","overridable":false},{"attributeRef":"D:COMMON_CUSTOMV_DRAWERBOX_DEPTH3_1","value":"$PD$-3","overridable":false},{"attributeRef":"D:COMMON_CUSTOMV_DRAWERBOX_DEPTH4_1","value":"$PD$-3","overridable":false},{"attributeRef":"D:COMMON_CUSTOMV_DRAWERBOX_DEPTH5_1","value":"$PD$-3","overridable":false},{"attributeRef":"D:COMMON_CUSTOMV_DRAWERBOX_DEPTH6_1","value":"$PD$-3","overridable":false},{"attributeRef":"D:COMMON_CUSTOMV_DRAWERBOX_DEPTH1_1","value":"$PD$-3","overridable":false},{"attributeRef":"D:COMMON_CUSTOMV_DRAWERBOX_DEPTH1_2","value":"$PD$-3","overridable":false},{"attributeRef":"D:COMMON_CUSTOMV_DRAWERBOX_DEPTH2_2","value":"$PD$-3","overridable":false},{"attributeRef":"D:COMMON_CUSTOMV_DRAWERBOX_DEPTH3_2","value":"$PD$-3","overridable":false},{"attributeRef":"D:COMMON_CUSTOMV_DRAWERBOX_DEPTH4_2","value":"$PD$-3","overridable":false},{"attributeRef":"D:COMMON_CUSTOMV_DRAWERBOX_DEPTH5_2","value":"$PD$-3","overridable":false},{"attributeRef":"D:COMMON_CUSTOMV_DRAWERBOX_DEPTH6_2","value":"$PD$-3","overridable":false},{"attributeRef":"D:COMMON_CUSTOMV_DRAWERBOX_DEPTH1_3","value":"$PD$-3","overridable":false},{"attributeRef":"D:COMMON_CUSTOMV_DRAWERBOX_DEPTH2_3","value":"$PD$-3","overridable":false},{"attributeRef":"D:COMMON_CUSTOMV_DRAWERBOX_DEPTH3_3","value":"$PD$-3","overridable":false},{"attributeRef":"D:COMMON_CUSTOMV_DRAWERBOX_DEPTH4_3","value":"$PD$-3","overridable":false},{"attributeRef":"D:COMMON_CUSTOMV_DRAWERBOX_DEPTH5_3","value":"$PD$-3","overridable":false},{"attributeRef":"D:COMMON_CUSTOMV_DRAWERBOX_DEPTH6_3","value":"$PD$-3","overridable":false},{"attributeRef":"D:COMMON_CUSTOMV_DRAWERBOX_DEPTH1_4","value":"$PD$-3","overridable":false},{"attributeRef":"D:COMMON_CUSTOMV_DRAWERBOX_DEPTH2_4","value":"$PD$-3","overridable":false},{"attributeRef":"D:COMMON_CUSTOMV_DRAWERBOX_DEPTH3_4","value":"$PD$-3","overridable":false},{"attributeRef":"D:COMMON_CUSTOMV_DRAWERBOX_DEPTH4_4","value":"$PD$-3","overridable":false},{"attributeRef":"D:COMMON_CUSTOMV_DRAWERBOX_DEPTH5_4","value":"$PD$-3","overridable":false},{"attributeRef":"D:COMMON_CUSTOMV_DRAWERBOX_DEPTH6_4","value":"$PD$-3","overridable":false},{"attributeRef":"D:COMMON_CUSTOMV_DRAWERBOX_DEPTH1_5","value":"$PD$-3","overridable":false},{"attributeRef":"D:COMMON_CUSTOMV_DRAWERBOX_DEPTH2_5","value":"$PD$-3","overridable":false},{"attributeRef":"D:COMMON_CUSTOMV_DRAWERBOX_DEPTH3_5","value":"$PD$-3","overridable":false},{"attributeRef":"D:COMMON_CUSTOMV_DRAWERBOX_DEPTH4_5","value":"$PD$-3","overridable":false},{"attributeRef":"D:COMMON_CUSTOMV_DRAWERBOX_DEPTH5_5","value":"$PD$-3","overridable":false},{"attributeRef":"D:COMMON_CUSTOMV_DRAWERBOX_DEPTH6_5","value":"$PD$-3","overridable":false},{"attributeRef":"D:COMMON_DRAWER01_HEIGHT","value":"150","overridable":false},{"attributeRef":"D:COMMON_INSET_BLINDSTILE","value":"False","overridable":false},{"attributeRef":"D:COMMON_LEG_POSITIONY3","value":"100","overridable":false},{"attributeRef":"D:COMMON_LEG_QUANTITY","value":"4","overridable":false},{"attributeRef":"D:COMMON_LEG_STYLE","value":"Tubular Leg","overridable":false},{"attributeRef":"D:COMMON_MINIMUM_BLINDPULL_BASE","value":"0","overridable":false},{"attributeRef":"D:COMMON_NUMFRONTDOOR1","value":"1","overridable":false},{"attributeRef":"D:COMMON_CUSTOMV_NUMFRONTDOOR1_1","value":"1","overridable":false},{"attributeRef":"D:COMMON_QUANTITY_SHELF_1","value":"1","overridable":false},{"attributeRef":"D:TEMPLATES_GENERAL_CAB_STYLE","value":"Frameless","overridable":false},{"attributeRef":"CCR1","value":"False","overridable":false},{"attributeRef":"D:COMMON_RAIL1","value":"False","overridable":false},{"attributeRef":"D:COMMON_DOOR_HINGE","value":"1","overridable":false},{"attributeRef":"CCSBOX","value":"Standard Base Blind","overridable":false},{"attributeRef":"D:TEMPLATES_BASE_CORNER_BLIND_STRUCTURE","value":"Standard Base Blind","overridable":false},{"attributeRef":"D:COMMON_SHELF_DEPTH","value":"510","overridable":false},{"attributeRef":"CCSGC","value":"Blind Corner Door / Drawer","overridable":false},{"attributeRef":"D:TEMPLATES_BASE_CORNER_BLIND_CONFIG","value":"Blind Corner Door / Drawer","overridable":false},{"attributeRef":"D:COMMON_STYLE_TOEKICK","value":"Floating Structure or Feet/Legs","overridable":false},{"attributeRef":"D:COMMON_CLEARANCE_TOEKICK","value":"75","overridable":false},{"attributeRef":"CCTH","value":"150","overridable":false},{"attributeRef":"D:COMMON_TOEKICK_HEIGHT","value":"150","overridable":false},{"attributeRef":"D:COMMON_WORKTOP_OVERHANG_FRONT","value":"40","overridable":false},{"attributeRef":"MANUF","value":"BCB110L","overridable":false},{"attributeRef":"MAXBF","value":"0","overridable":false},{"attributeRef":"MINBF","value":"0","overridable":false},{"attributeRef":"MXCP","value":"100","overridable":false},{"attributeRef":"RECHG","value":"1","overridable":false},{"attributeRef":"REF_BlindPull_Def_0_Min_0_Max_100_R","value":"#MOD_BlindPull_Def_0_Min_0_Max_100_R_REF#","overridable":false},{"attributeRef":"REF_Doors_and_Finishes","value":"#MOD_Doors_and_Finishes_REF#","overridable":false},{"attributeRef":"REF_Handles","value":"#MOD_Handles_REF#","overridable":false},{"attributeRef":"REF_NumCabDOorPull","value":"1","overridable":false},{"attributeRef":"W2","value":"0","overridable":false},{"attributeRef":"D:searchToeKick","value":"searchItem('', '{\"classificationFilter\":{\"fullItemTypes\":[\"Kitchen.Molding.ForCabinetBase.Bottom\"]},\"catalogCodeFilters\":[{\"manufRefCode\":\"073970e1-93ad-4e81-b20e-7034fa47c4f7\",\"catalogRefCodes\":[{\"code\":\"DEMO_M\"}]}]}')"}],"dimensions":{"width":{"defaultValue":"1100"},"height":{"defaultValue":"870"},"depth":{"defaultValue":"560"},"others":{"depth2":{"type":"depth","value":"560"}}},"clearanceDistances":{"right":{"defaultValue":"0","range":{"min":"0","max":"100","increment":"1"}}},"subItems":[{"itemRef":"D:templates_cabinet_base_corner_blind_right","position":["0","0","0"],"orientation":["0","0","0"],"scale":["1","1","1"],"inverted":false,"dimension":{"width":"$PW$","height":"$PH$","depth":"$PD$"}}],"featureRefs":[{"featureRef":"BlindPull_Def_0_Min_0_Max_100_R","scoped":false},{"featureRef":"Doors_and_Finishes","scoped":false},{"featureRef":"Handles","defaultOptionCode":"PULL1","scoped":false}],"restrictionRefs":["GSV2-011Doors_and_Finishes-016Handles"],"sequenceFactor":2},{"code":"1DR1DBCB110R","refCodes":{"manufCode":"BCB110R","sku":"BCB110R","others":{"CiC2RefCode":"DEMO_M.DEMO_M.R.41886","cic":"1DR1DBCB110R","legacyCode":"Cyncly.DEMO_M.1DR1DBCB110R.3172","legacyCodeCatalog":"DEMO_M.1DR1DBCB110R.3172","legacyCodeManuf":"Cyncly.1DR1DBCB110R.3172","userCode":"1DR1DBCB110R"}},"names":{"main":{"en-US":"1DR1DBCB110R"}},"descriptions":{"main":{"en-US":"Drawerline Blind Corner Base - Right"}},"images":{"main":{"uri":"assets/images/1d1drbcb110l.jpg"}},"classification":{"baseItemType":"cabinetry.cabinet","characteristics":{"cabinetType":["corner"],"frameDirection":["right"],"shapeType":["blind"],"subType":["base"],"targetRooms":["kitchen"]},"fullItemType":"Kitchen.Cabinet.Base.Corner.Rectangular-Left.Blind..DrawerDoor"},"groupRefs":["41882"],"visible":true,"sequenceOrder":1000107,"attributes":[{"attributeRef":"BLP","value":"0","overridable":false},{"attributeRef":"D:COMMON_BASECORNER_DEPTH1","value":"560","overridable":false},{"attributeRef":"D:COMMON_BASECORNER_DEPTH2","value":"560","overridable":false},{"attributeRef":"D:COMMON_BLIND_CORNER_FILLER_WIDTH","value":"55","overridable":false},{"attributeRef":"D:COMMON_BLINDCORNER_STILE_WIDTH","value":"110","overridable":false},{"attributeRef":"D:COMMON_RESTRICTION_HANDLES_POSITIONING_BASEDOOR","value":"TOP_SIDE_VERTICAL","overridable":false},{"attributeRef":"D:COMMON_DEFAULT_HANDLES_POSITIONING_BASEDOOR","value":"TOP_SIDE_VERTICAL","overridable":false},{"attributeRef":"D:COMMON_DEFINITION_HANDLES_POSITIONING_BASEDOOR","value":"TOP_SIDE_VERTICAL","overridable":false},{"attributeRef":"D:COMMON_BLINDCORNER_FILLER_TOEKICK","value":"False","overridable":false},{"attributeRef":"D:COMMON_MEASURE_CONFWIDTH1","value":"500","overridable":false},{"attributeRef":"D:COMMON_DIMENSION_DEPTH_ADJACENT","value":"560","overridable":false},{"attributeRef":"D:COMMON_DECORATIVE_TYPE_INTEGRATION_TOEKICK","value":"Cross","overridable":false},{"attributeRef":"D:COMMON_DRAWERBOX_DEPTH","value":"$PD$-3","overridable":false},{"attributeRef":"D:COMMON_DRAWERBOX2_DEPTH","value":"$PD$-3","overridable":false},{"attributeRef":"D:COMMON_DRAWERBOX3_DEPTH","value":"$PD$-3","overridable":false},{"attributeRef":"D:COMMON_DRAWERBOX4_DEPTH","value":"$PD$-3","overridable":false},{"attributeRef":"D:COMMON_DRAWERBOX5_DEPTH","value":"$PD$-3","overridable":false},{"attributeRef":"D:COMMON_DRAWERBOX6_DEPTH","value":"$PD$-3","overridable":false},{"attributeRef":"D:COMMON_DRAWERBOX7_DEPTH","value":"$PD$-3","overridable":false},{"attributeRef":"D:COMMON_DRAWERBOX8_DEPTH","value":"$PD$-3","overridable":false},{"attributeRef":"D:COMMON_DRAWERBOX9_DEPTH","value":"$PD$-3","overridable":false},{"attributeRef":"D:COMMON_CUSTOMV_DRAWERBOX_DEPTH2_1","value":"$PD$-3","overridable":false},{"attributeRef":"D:COMMON_CUSTOMV_DRAWERBOX_DEPTH3_1","value":"$PD$-3","overridable":false},{"attributeRef":"D:COMMON_CUSTOMV_DRAWERBOX_DEPTH4_1","value":"$PD$-3","overridable":false},{"attributeRef":"D:COMMON_CUSTOMV_DRAWERBOX_DEPTH5_1","value":"$PD$-3","overridable":false},{"attributeRef":"D:COMMON_CUSTOMV_DRAWERBOX_DEPTH6_1","value":"$PD$-3","overridable":false},{"attributeRef":"D:COMMON_CUSTOMV_DRAWERBOX_DEPTH1_1","value":"$PD$-3","overridable":false},{"attributeRef":"D:COMMON_CUSTOMV_DRAWERBOX_DEPTH1_2","value":"$PD$-3","overridable":false},{"attributeRef":"D:COMMON_CUSTOMV_DRAWERBOX_DEPTH2_2","value":"$PD$-3","overridable":false},{"attributeRef":"D:COMMON_CUSTOMV_DRAWERBOX_DEPTH3_2","value":"$PD$-3","overridable":false},{"attributeRef":"D:COMMON_CUSTOMV_DRAWERBOX_DEPTH4_2","value":"$PD$-3","overridable":false},{"attributeRef":"D:COMMON_CUSTOMV_DRAWERBOX_DEPTH5_2","value":"$PD$-3","overridable":false},{"attributeRef":"D:COMMON_CUSTOMV_DRAWERBOX_DEPTH6_2","value":"$PD$-3","overridable":false},{"attributeRef":"D:COMMON_CUSTOMV_DRAWERBOX_DEPTH1_3","value":"$PD$-3","overridable":false},{"attributeRef":"D:COMMON_CUSTOMV_DRAWERBOX_DEPTH2_3","value":"$PD$-3","overridable":false},{"attributeRef":"D:COMMON_CUSTOMV_DRAWERBOX_DEPTH3_3","value":"$PD$-3","overridable":false},{"attributeRef":"D:COMMON_CUSTOMV_DRAWERBOX_DEPTH4_3","value":"$PD$-3","overridable":false},{"attributeRef":"D:COMMON_CUSTOMV_DRAWERBOX_DEPTH5_3","value":"$PD$-3","overridable":false},{"attributeRef":"D:COMMON_CUSTOMV_DRAWERBOX_DEPTH6_3","value":"$PD$-3","overridable":false},{"attributeRef":"D:COMMON_CUSTOMV_DRAWERBOX_DEPTH1_4","value":"$PD$-3","overridable":false},{"attributeRef":"D:COMMON_CUSTOMV_DRAWERBOX_DEPTH2_4","value":"$PD$-3","overridable":false},{"attributeRef":"D:COMMON_CUSTOMV_DRAWERBOX_DEPTH3_4","value":"$PD$-3","overridable":false},{"attributeRef":"D:COMMON_CUSTOMV_DRAWERBOX_DEPTH4_4","value":"$PD$-3","overridable":false},{"attributeRef":"D:COMMON_CUSTOMV_DRAWERBOX_DEPTH5_4","value":"$PD$-3","overridable":false},{"attributeRef":"D:COMMON_CUSTOMV_DRAWERBOX_DEPTH6_4","value":"$PD$-3","overridable":false},{"attributeRef":"D:COMMON_CUSTOMV_DRAWERBOX_DEPTH1_5","value":"$PD$-3","overridable":false},{"attributeRef":"D:COMMON_CUSTOMV_DRAWERBOX_DEPTH2_5","value":"$PD$-3","overridable":false},{"attributeRef":"D:COMMON_CUSTOMV_DRAWERBOX_DEPTH3_5","value":"$PD$-3","overridable":false},{"attributeRef":"D:COMMON_CUSTOMV_DRAWERBOX_DEPTH4_5","value":"$PD$-3","overridable":false},{"attributeRef":"D:COMMON_CUSTOMV_DRAWERBOX_DEPTH5_5","value":"$PD$-3","overridable":false},{"attributeRef":"D:COMMON_CUSTOMV_DRAWERBOX_DEPTH6_5","value":"$PD$-3","overridable":false},{"attributeRef":"D:COMMON_DRAWER01_HEIGHT","value":"150","overridable":false},{"attributeRef":"D:COMMON_INSET_BLINDSTILE","value":"False","overridable":false},{"attributeRef":"D:COMMON_LEG_POSITIONY3","value":"100","overridable":false},{"attributeRef":"D:COMMON_LEG_QUANTITY","value":"4","overridable":false},{"attributeRef":"D:COMMON_LEG_STYLE","value":"Tubular Leg","overridable":false},{"attributeRef":"D:COMMON_MINIMUM_BLINDPULL_BASE","value":"0","overridable":false},{"attributeRef":"D:COMMON_NUMFRONTDOOR1","value":"1","overridable":false},{"attributeRef":"D:COMMON_CUSTOMV_NUMFRONTDOOR1_1","value":"1","overridable":false},{"attributeRef":"D:COMMON_QUANTITY_SHELF_1","value":"1","overridable":false},{"attributeRef":"D:TEMPLATES_GENERAL_CAB_STYLE","value":"Frameless","overridable":false},{"attributeRef":"CCR1","value":"False","overridable":false},{"attributeRef":"D:COMMON_RAIL1","value":"False","overridable":false},{"attributeRef":"D:COMMON_DOOR_HINGE","value":"0","overridable":false},{"attributeRef":"CCSBOX","value":"Standard Base Blind","overridable":false},{"attributeRef":"D:TEMPLATES_BASE_CORNER_BLIND_STRUCTURE","value":"Standard Base Blind","overridable":false},{"attributeRef":"D:COMMON_SHELF_DEPTH","value":"510","overridable":false},{"attributeRef":"CCSGC","value":"Blind Corner Door / Drawer","overridable":false},{"attributeRef":"D:TEMPLATES_BASE_CORNER_BLIND_CONFIG","value":"Blind Corner Door / Drawer","overridable":false},{"attributeRef":"D:COMMON_STYLE_TOEKICK","value":"Floating Structure or Feet/Legs","overridable":false},{"attributeRef":"D:COMMON_CLEARANCE_TOEKICK","value":"75","overridable":false},{"attributeRef":"CCTH","value":"150","overridable":false},{"attributeRef":"D:COMMON_TOEKICK_HEIGHT","value":"150","overridable":false},{"attributeRef":"D:COMMON_WORKTOP_OVERHANG_FRONT","value":"40","overridable":false},{"attributeRef":"MANUF","value":"BCB110R","overridable":false},{"attributeRef":"MAXBF","value":"0","overridable":false},{"attributeRef":"MINBF","value":"0","overridable":false},{"attributeRef":"MXCP","value":"100","overridable":false},{"attributeRef":"RECHG","value":"0","overridable":false},{"attributeRef":"REF_BlindPull_Def_0_Min_0_Max_100_L","value":"#MOD_BlindPull_Def_0_Min_0_Max_100_L_REF#","overridable":false},{"attributeRef":"REF_Doors_and_Finishes","value":"#MOD_Doors_and_Finishes_REF#","overridable":false},{"attributeRef":"REF_Handles","value":"#MOD_Handles_REF#","overridable":false},{"attributeRef":"REF_NumCabDOorPull","value":"1","overridable":false},{"attributeRef":"W2","value":"0","overridable":false},{"attributeRef":"D:searchToeKick","value":"searchItem('', '{\"classificationFilter\":{\"fullItemTypes\":[\"Kitchen.Molding.ForCabinetBase.Bottom\"]},\"catalogCodeFilters\":[{\"manufRefCode\":\"073970e1-93ad-4e81-b20e-7034fa47c4f7\",\"catalogRefCodes\":[{\"code\":\"DEMO_M\"}]}]}')"}],"dimensions":{"width":{"defaultValue":"1100"},"height":{"defaultValue":"870"},"depth":{"defaultValue":"560"},"others":{"depth2":{"type":"depth","value":"560"}}},"clearanceDistances":{"left":{"defaultValue":"0","range":{"min":"0","max":"100","increment":"1"}}},"subItems":[{"itemRef":"D:templates_cabinet_base_corner_blind_left","position":["0","0","0"],"orientation":["0","0","0"],"scale":["1","1","1"],"inverted":false,"dimension":{"width":"$PW$","height":"$PH$","depth":"$PD$"}}],"featureRefs":[{"featureRef":"BlindPull_Def_0_Min_0_Max_100_L","scoped":false},{"featureRef":"Doors_and_Finishes","scoped":false},{"featureRef":"Handles","defaultOptionCode":"PULL1","scoped":false}],"restrictionRefs":["GSV2-011Doors_and_Finishes-016Handles"],"sequenceFactor":1},{"code":"BCB110L","refCodes":{"manufCode":"BCB110L","sku":"BCB110L","others":{"CiC2RefCode":"DEMO_M.DEMO_M.R.32646","cic":"BCB110L","legacyCode":"Cyncly.DEMO_M.BCB110L.3172","legacyCodeCatalog":"DEMO_M.BCB110L.3172","legacyCodeManuf":"Cyncly.BCB110L.3172","userCode":"BCB110L"}},"names":{"main":{"en-US":"BCB110L"},"planView":{"en-US":"BBC1100L"}},"descriptions":{"main":{"en-US":"1 Door Blind Corner Base - Left"}},"images":{"main":{"uri":"assets/images/bcb110l.jpg"}},"classification":{"baseItemType":"cabinetry.cabinet","characteristics":{"cabinetType":["corner"],"frameDirection":["right"],"shapeType":["blind"],"subType":["base"],"targetRooms":["kitchen"]},"fullItemType":"Kitchen.Cabinet.Base.Corner.Rectangular-Right.Blind..FullDoor"},"groupRefs":["317"],"visible":true,"sequenceOrder":1000106,"attributes":[{"attributeRef":"BLP","value":"0","overridable":false},{"attributeRef":"D:COMMON_BASECORNER_DEPTH1","value":"560","overridable":false},{"attributeRef":"D:COMMON_BASECORNER_DEPTH2","value":"560","overridable":false},{"attributeRef":"D:COMMON_BLIND_CORNER_FILLER_WIDTH","value":"55","overridable":false},{"attributeRef":"D:COMMON_BLINDCORNER_STILE_WIDTH","value":"110","overridable":false},{"attributeRef":"D:COMMON_RESTRICTION_HANDLES_POSITIONING_BASEDOOR","value":"TOP_SIDE_VERTICAL","overridable":false},{"attributeRef":"D:COMMON_DEFAULT_HANDLES_POSITIONING_BASEDOOR","value":"TOP_SIDE_VERTICAL","overridable":false},{"attributeRef":"D:COMMON_DEFINITION_HANDLES_POSITIONING_BASEDOOR","value":"TOP_SIDE_VERTICAL","overridable":false},{"attributeRef":"D:COMMON_BLINDCORNER_FILLER_TOEKICK","value":"False","overridable":false},{"attributeRef":"D:COMMON_MEASURE_CONFWIDTH1","value":"500","overridable":false},{"attributeRef":"D:COMMON_DIMENSION_DEPTH_ADJACENT","value":"560","overridable":false},{"attributeRef":"D:COMMON_DECORATIVE_TYPE_INTEGRATION_TOEKICK","value":"Cross","overridable":false},{"attributeRef":"D:COMMON_INSET_BLINDSTILE","value":"False","overridable":false},{"attributeRef":"D:COMMON_LEG_POSITIONY3","value":"100","overridable":false},{"attributeRef":"D:COMMON_LEG_QUANTITY","value":"4","overridable":false},{"attributeRef":"D:COMMON_LEG_STYLE","value":"Tubular Leg","overridable":false},{"attributeRef":"D:COMMON_MINIMUM_BLINDPULL_BASE","value":"0","overridable":false},{"attributeRef":"D:COMMON_NUMFRONTDOOR1","value":"1","overridable":false},{"attributeRef":"D:COMMON_CUSTOMV_NUMFRONTDOOR1_1","value":"1","overridable":false},{"attributeRef":"D:COMMON_QUANTITY_SHELF_1","value":"1","overridable":false},{"attributeRef":"D:TEMPLATES_BASE_STANDARD_RECTANGULAR_SHELF","value":"Shelf","overridable":false},{"attributeRef":"D:TEMPLATES_GENERAL_CAB_STYLE","value":"Frameless","overridable":false},{"attributeRef":"CCR1","value":"False","overridable":false},{"attributeRef":"D:COMMON_RAIL1","value":"False","overridable":false},{"attributeRef":"D:COMMON_DOOR_HINGE","value":"1 (Reversed)","overridable":false},{"attributeRef":"CCSBOX","value":"Standard Base Blind","overridable":false},{"attributeRef":"D:TEMPLATES_BASE_CORNER_BLIND_STRUCTURE","value":"Standard Base Blind","overridable":false},{"attributeRef":"D:COMMON_SHELF_DEPTH","value":"510","overridable":false},{"attributeRef":"CCSGC","value":"Blind Corner Full Height Door","overridable":false},{"attributeRef":"D:TEMPLATES_BASE_CORNER_BLIND_CONFIG","value":"Blind Corner Full Height Door","overridable":false},{"attributeRef":"D:COMMON_STYLE_TOEKICK","value":"Floating Structure or Feet/Legs","overridable":false},{"attributeRef":"D:COMMON_CLEARANCE_TOEKICK","value":"75","overridable":false},{"attributeRef":"CCTH","value":"150","overridable":false},{"attributeRef":"D:COMMON_TOEKICK_HEIGHT","value":"150","overridable":false},{"attributeRef":"D:COMMON_WORKTOP_OVERHANG_FRONT","value":"40","overridable":false},{"attributeRef":"MANUF","value":"BCB110L","overridable":false},{"attributeRef":"MAXBF","value":"0","overridable":false},{"attributeRef":"MINBF","value":"0","overridable":false},{"attributeRef":"MXCP","value":"100","overridable":false},{"attributeRef":"RECHG","value":"1","overridable":false},{"attributeRef":"REF_BlindPull_Def_0_Min_0_Max_100_R","value":"#MOD_BlindPull_Def_0_Min_0_Max_100_R_REF#","overridable":false},{"attributeRef":"REF_Doors_and_Finishes","value":"#MOD_Doors_and_Finishes_REF#","overridable":false},{"attributeRef":"REF_Handles","value":"#MOD_Handles_REF#","overridable":false},{"attributeRef":"REF_NumCabDOorPull","value":"1","overridable":false},{"attributeRef":"W2","value":"0","overridable":false},{"attributeRef":"D:searchToeKick","value":"searchItem('', '{\"classificationFilter\":{\"fullItemTypes\":[\"Kitchen.Molding.ForCabinetBase.Bottom\"]},\"catalogCodeFilters\":[{\"manufRefCode\":\"073970e1-93ad-4e81-b20e-7034fa47c4f7\",\"catalogRefCodes\":[{\"code\":\"DEMO_M\"}]}]}')"}],"dimensions":{"width":{"defaultValue":"1100"},"height":{"defaultValue":"870"},"depth":{"defaultValue":"560"},"others":{"depth2":{"type":"depth","value":"560"}}},"clearanceDistances":{"right":{"defaultValue":"0","range":{"min":"0","max":"100","increment":"1"}}},"subItems":[{"itemRef":"D:templates_cabinet_base_corner_blind_right","position":["0","0","0"],"orientation":["0","0","0"],"scale":["1","1","1"],"inverted":false,"dimension":{"width":"$PW$","height":"$PH$","depth":"$PD$"}}],"featureRefs":[{"featureRef":"BlindPull_Def_0_Min_0_Max_100_R","scoped":false},{"featureRef":"Doors_and_Finishes","scoped":false},{"featureRef":"Handles","defaultOptionCode":"PULL1","scoped":false}],"restrictionRefs":["GSV2-011Doors_and_Finishes-016Handles"],"sequenceFactor":2},{"code":"BCB110R","refCodes":{"manufCode":"BCB110R","sku":"BCB110R","others":{"CiC2RefCode":"DEMO_M.DEMO_M.R.32645","cic":"BCB110R","legacyCode":"Cyncly.DEMO_M.BCB110R.3172","legacyCodeCatalog":"DEMO_M.BCB110R.3172","legacyCodeManuf":"Cyncly.BCB110R.3172","userCode":"BCB110R"}},"names":{"main":{"en-US":"BCB110R"},"planView":{"en-US":"BBC1100R"}},"descriptions":{"main":{"en-US":"1 Door Blind Corner Base - Right"}},"images":{"main":{"uri":"assets/images/bcb110r.jpg"}},"classification":{"baseItemType":"cabinetry.cabinet","characteristics":{"cabinetType":["corner"],"frameDirection":["left"],"shapeType":["blind"],"subType":["base"],"targetRooms":["kitchen"]},"fullItemType":"Kitchen.Cabinet.Base.Corner.Rectangular-Left.Blind..FullDoor"},"groupRefs":["317"],"visible":true,"sequenceOrder":1000105,"attributes":[{"attributeRef":"BLP","value":"0","overridable":false},{"attributeRef":"D:COMMON_BASECORNER_DEPTH1","value":"560","overridable":false},{"attributeRef":"D:COMMON_BASECORNER_DEPTH2","value":"560","overridable":false},{"attributeRef":"D:COMMON_BLIND_CORNER_FILLER_WIDTH","value":"55","overridable":false},{"attributeRef":"D:COMMON_BLINDCORNER_STILE_WIDTH","value":"110","overridable":false},{"attributeRef":"D:COMMON_RESTRICTION_HANDLES_POSITIONING_BASEDOOR","value":"TOP_SIDE_VERTICAL","overridable":false},{"attributeRef":"D:COMMON_DEFAULT_HANDLES_POSITIONING_BASEDOOR","value":"TOP_SIDE_VERTICAL","overridable":false},{"attributeRef":"D:COMMON_DEFINITION_HANDLES_POSITIONING_BASEDOOR","value":"TOP_SIDE_VERTICAL","overridable":false},{"attributeRef":"D:COMMON_BLINDCORNER_FILLER_TOEKICK","value":"False","overridable":false},{"attributeRef":"D:COMMON_MEASURE_CONFWIDTH1","value":"500","overridable":false},{"attributeRef":"D:COMMON_DIMENSION_DEPTH_ADJACENT","value":"560","overridable":false},{"attributeRef":"D:COMMON_DECORATIVE_TYPE_INTEGRATION_TOEKICK","value":"Cross","overridable":false},{"attributeRef":"D:COMMON_INSET_BLINDSTILE","value":"False","overridable":false},{"attributeRef":"D:COMMON_LEG_POSITIONY3","value":"100","overridable":false},{"attributeRef":"D:COMMON_LEG_QUANTITY","value":"4","overridable":false},{"attributeRef":"D:COMMON_LEG_STYLE","value":"Tubular Leg","overridable":false},{"attributeRef":"D:COMMON_MINIMUM_BLINDPULL_BASE","value":"0","overridable":false},{"attributeRef":"D:COMMON_NUMFRONTDOOR1","value":"1","overridable":false},{"attributeRef":"D:COMMON_CUSTOMV_NUMFRONTDOOR1_1","value":"1","overridable":false},{"attributeRef":"D:COMMON_QUANTITY_SHELF_1","value":"1","overridable":false},{"attributeRef":"D:TEMPLATES_BASE_STANDARD_RECTANGULAR_SHELF","value":"Shelf","overridable":false},{"attributeRef":"D:TEMPLATES_GENERAL_CAB_STYLE","value":"Frameless","overridable":false},{"attributeRef":"CCR1","value":"False","overridable":false},{"attributeRef":"D:COMMON_RAIL1","value":"False","overridable":false},{"attributeRef":"D:COMMON_DOOR_HINGE","value":"0 (Standard)","overridable":false},{"attributeRef":"CCSBOX","value":"Standard Base Blind","overridable":false},{"attributeRef":"D:TEMPLATES_BASE_CORNER_BLIND_STRUCTURE","value":"Standard Base Blind","overridable":false},{"attributeRef":"D:COMMON_SHELF_DEPTH","value":"510","overridable":false},{"attributeRef":"CCSGC","value":"Blind Corner Full Height Door","overridable":false},{"attributeRef":"D:TEMPLATES_BASE_CORNER_BLIND_CONFIG","value":"Blind Corner Full Height Door","overridable":false},{"attributeRef":"D:COMMON_STYLE_TOEKICK","value":"Floating Structure or Feet/Legs","overridable":false},{"attributeRef":"D:COMMON_CLEARANCE_TOEKICK","value":"75","overridable":false},{"attributeRef":"CCTH","value":"150","overridable":false},{"attributeRef":"D:COMMON_TOEKICK_HEIGHT","value":"150","overridable":false},{"attributeRef":"D:COMMON_WORKTOP_OVERHANG_FRONT","value":"40","overridable":false},{"attributeRef":"MANUF","value":"BCB110R","overridable":false},{"attributeRef":"MAXBF","value":"0","overridable":false},{"attributeRef":"MINBF","value":"0","overridable":false},{"attributeRef":"MXCP","value":"100","overridable":false},{"attributeRef":"RECHG","value":"0","overridable":false},{"attributeRef":"REF_BlindPull_Def_0_Min_0_Max_100_L","value":"#MOD_BlindPull_Def_0_Min_0_Max_100_L_REF#","overridable":false},{"attributeRef":"REF_Doors_and_Finishes","value":"#MOD_Doors_and_Finishes_REF#","overridable":false},{"attributeRef":"REF_Handles","value":"#MOD_Handles_REF#","overridable":false},{"attributeRef":"REF_NumCabDOorPull","value":"1","overridable":false},{"attributeRef":"W2","value":"0","overridable":false},{"attributeRef":"D:searchToeKick","value":"searchItem('', '{\"classificationFilter\":{\"fullItemTypes\":[\"Kitchen.Molding.ForCabinetBase.Bottom\"]},\"catalogCodeFilters\":[{\"manufRefCode\":\"073970e1-93ad-4e81-b20e-7034fa47c4f7\",\"catalogRefCodes\":[{\"code\":\"DEMO_M\"}]}]}')"}],"dimensions":{"width":{"defaultValue":"1100"},"height":{"defaultValue":"870"},"depth":{"defaultValue":"560"},"others":{"depth2":{"type":"depth","value":"560"}}},"clearanceDistances":{"left":{"defaultValue":"0","range":{"min":"0","max":"100","increment":"1"}}},"subItems":[{"itemRef":"D:templates_cabinet_base_corner_blind_left","position":["0","0","0"],"orientation":["0","0","0"],"scale":["1","1","1"],"inverted":false,"dimension":{"width":"$PW$","height":"$PH$","depth":"$PD$"}}],"featureRefs":[{"featureRef":"BlindPull_Def_0_Min_0_Max_100_L","scoped":false},{"featureRef":"Doors_and_Finishes","scoped":false},{"featureRef":"Handles","defaultOptionCode":"PULL1","scoped":false}],"restrictionRefs":["GSV2-011Doors_and_Finishes-016Handles"],"sequenceFactor":1}]