[{"code":"WEPH1","refCodes":{"manufCode":"WEPH1","sku":"WEPH1","others":{"CiC2RefCode":"DEMO_M.DEMO_M.R.36721","cic":"WEPH1","legacyCode":"Cyncly.DEMO_M.WEPH1.7233","legacyCodeCatalog":"DEMO_M.WEPH1.7233","legacyCodeManuf":"Cyncly.WEPH1.7233","userCode":"WEPH1"}},"names":{"main":{"en-US":"WEPH1"},"planView":{"en-US":"740637"}},"descriptions":{"main":{"en-US":"72cm Wall End Panel"},"short":{"en-US":"Wall Tall End Panel"}},"images":{"main":{"uri":"assets/images/weph1.jpg"}},"classification":{"baseItemType":"cabinetry.panel","characteristics":{"application":["wall"],"subType":["end"],"targetRooms":["kitchen"]},"fullItemType":"Kitchen.Panel.Wall.End.Rectangular"},"groupRefs":["36371"],"visible":true,"sequenceOrder":1000161,"attributes":[{"attributeRef":"D:TEMPLATES_GENERAL_CAB_STYLE","value":"Frameless","overridable":false},{"attributeRef":"CCSBOX","value":"Wall Skins Panel","overridable":false},{"attributeRef":"D:TEMPLATES_WALL_END_PANEL","value":"Wall Skins Panel","overridable":false},{"attributeRef":"MANUF","value":"WEPH1","overridable":false},{"attributeRef":"REF_Doors_and_Finishes","value":"#MOD_Doors_and_Finishes_REF#","overridable":false}],"dimensions":{"width":{"defaultValue":"20"},"height":{"defaultValue":"720"},"depth":{"defaultValue":"320"}},"subItems":[{"itemRef":"D:templates_cabinet_wall_end_panel_left","position":["0","0","0"],"orientation":["0","0","0"],"scale":["1","1","1"],"inverted":false,"dimension":{"width":"$PW$","height":"$PH$","depth":"$PD$"}}],"featureRefs":[{"featureRef":"Doors_and_Finishes","scoped":false}],"sequenceFactor":2},{"code":"WEPH2","refCodes":{"manufCode":"WEPH2","sku":"WEPH2","others":{"CiC2RefCode":"DEMO_M.DEMO_M.R.32777","cic":"WEPH2","legacyCode":"Cyncly.DEMO_M.WEPH2.7233","legacyCodeCatalog":"DEMO_M.WEPH2.7233","legacyCodeManuf":"Cyncly.WEPH2.7233","userCode":"WEPH2"}},"names":{"main":{"en-US":"WEPH2"},"planView":{"en-US":"740636"}},"descriptions":{"main":{"en-US":"40cm Wall End Panel"},"short":{"en-US":"Wall Short End Panel"}},"images":{"main":{"uri":"assets/images/weph2.jpg"}},"classification":{"baseItemType":"cabinetry.panel","characteristics":{"application":["wall"],"subType":["end"],"targetRooms":["kitchen"]},"fullItemType":"Kitchen.Panel.Wall.End.Rectangular"},"groupRefs":["36371"],"visible":true,"sequenceOrder":1000160,"attributes":[{"attributeRef":"D:TEMPLATES_GENERAL_CAB_STYLE","value":"Frameless","overridable":false},{"attributeRef":"CCSBOX","value":"Wall Skins Panel","overridable":false},{"attributeRef":"D:TEMPLATES_WALL_END_PANEL","value":"Wall Skins Panel","overridable":false},{"attributeRef":"MANUF","value":"WEPH2","overridable":false},{"attributeRef":"REF_Doors_and_Finishes","value":"#MOD_Doors_and_Finishes_REF#","overridable":false}],"dimensions":{"width":{"defaultValue":"20"},"height":{"defaultValue":"400"},"depth":{"defaultValue":"320"}},"subItems":[{"itemRef":"D:templates_cabinet_wall_end_panel_left","position":["0","0","0"],"orientation":["0","0","0"],"scale":["1","1","1"],"inverted":false,"dimension":{"width":"$PW$","height":"$PH$","depth":"$PD$"}}],"featureRefs":[{"featureRef":"Doors_and_Finishes","scoped":false}],"sequenceFactor":1}]