[{"code":"BEP30","refCodes":{"manufCode":"BEP30","sku":"BEP30","others":{"CiC2RefCode":"DEMO_M.DEMO_M.R.37351","cic":"BEP30","legacyCode":"Cyncly.DEMO_M.BEP30.7232","legacyCodeCatalog":"DEMO_M.BEP30.7232","legacyCodeManuf":"Cyncly.BEP30.7232","userCode":"BEP30"}},"names":{"main":{"en-US":"BEP30"},"planView":{"en-US":"740637"}},"descriptions":{"main":{"en-US":"Shallow Depth End Panel"},"short":{"en-US":"Shallow End Panel (Panel to be cut to size)"}},"images":{"main":{"uri":"assets/images/bep30.jpg"}},"classification":{"baseItemType":"cabinetry.panel","characteristics":{"application":["base"],"subType":["end"],"targetRooms":["kitchen"]},"fullItemType":"Kitchen.Panel.Base.End.Rectangular"},"groupRefs":["36376"],"visible":true,"sequenceOrder":1000080,"attributes":[{"attributeRef":"D:COMMON_LEG_POSITIONY3","value":"125","overridable":false},{"attributeRef":"D:COMMON_LEG_POSITIONY4","value":"125","overridable":false},{"attributeRef":"D:COMMON_LEG_QUANTITY","value":"2","overridable":false},{"attributeRef":"D:COMMON_LEG_STYLE","value":"Tubular Leg","overridable":false},{"attributeRef":"D:TEMPLATES_GENERAL_CAB_STYLE","value":"Frameless","overridable":false},{"attributeRef":"CCSBOX","value":"Base End Panel","overridable":false},{"attributeRef":"D:TEMPLATES_BASE_END_PANEL","value":"Base End Panel","overridable":false},{"attributeRef":"D:COMMON_STYLECABINET_BACK","value":"Full Back","overridable":false},{"attributeRef":"D:COMMON_STYLECABINET_TOP","value":"Back & Front Stretchers","overridable":false},{"attributeRef":"D:COMMON_STYLE_TOEKICK","value":"Floating Structure or Feet/Legs","overridable":false},{"attributeRef":"D:COMMON_CLEARANCE_TOEKICK","value":"75","overridable":false},{"attributeRef":"CCTH","value":"0","overridable":false},{"attributeRef":"D:COMMON_TOEKICK_HEIGHT","value":"0","overridable":false},{"attributeRef":"D:COMMON_WORKTOP_OVERHANG_FRONT","value":"40","overridable":false},{"attributeRef":"MANUF","value":"BEP30","overridable":false},{"attributeRef":"REF_Doors_and_Finishes","value":"#MOD_Doors_and_Finishes_REF#","overridable":false},{"attributeRef":"REF_H","value":"$H$","overridable":false},{"attributeRef":"REF_W","value":"$W$","overridable":false},{"attributeRef":"D:searchToeKick","value":"searchItem('', '{\"classificationFilter\":{\"fullItemTypes\":[\"Kitchen.Molding.ForCabinetBase.Bottom\"]},\"catalogCodeFilters\":[{\"manufRefCode\":\"073970e1-93ad-4e81-b20e-7034fa47c4f7\",\"catalogRefCodes\":[{\"code\":\"DEMO_M\"}]}]}')"}],"dimensions":{"width":{"defaultValue":"20"},"height":{"defaultValue":"870"},"depth":{"defaultValue":"320"}},"subItems":[{"itemRef":"D:templates_cabinet_base_end_panel_left","position":["0","0","0"],"orientation":["0","0","0"],"scale":["1","1","1"],"inverted":false,"dimension":{"width":"$PW$","height":"$PH$","depth":"$PD$"}}],"featureRefs":[{"featureRef":"Doors_and_Finishes","scoped":false}],"sequenceFactor":2},{"code":"BEP60","refCodes":{"manufCode":"BEP60","sku":"BEP60","others":{"CiC2RefCode":"DEMO_M.DEMO_M.R.36170","cic":"BEP60","legacyCode":"Cyncly.DEMO_M.BEP60.7232","legacyCodeCatalog":"DEMO_M.BEP60.7232","legacyCodeManuf":"Cyncly.BEP60.7232","userCode":"BEP60"}},"names":{"main":{"en-US":"BEP60"}},"descriptions":{"main":{"en-US":"Base End Panel"},"short":{"en-US":"Base End Panel"}},"images":{"main":{"uri":"assets/images/bep60.jpg"}},"classification":{"baseItemType":"cabinetry.panel","characteristics":{"application":["base"],"subType":["end"],"targetRooms":["kitchen"]},"fullItemType":"Kitchen.Panel.Base.End.Rectangular"},"groupRefs":["36376"],"visible":true,"sequenceOrder":1000079,"attributes":[{"attributeRef":"D:COMMON_LEG_POSITIONY3","value":"125","overridable":false},{"attributeRef":"D:COMMON_LEG_POSITIONY4","value":"125","overridable":false},{"attributeRef":"D:COMMON_LEG_QUANTITY","value":"2","overridable":false},{"attributeRef":"D:COMMON_LEG_STYLE","value":"Tubular Leg","overridable":false},{"attributeRef":"D:TEMPLATES_GENERAL_CAB_STYLE","value":"Frameless","overridable":false},{"attributeRef":"CCSBOX","value":"Base End Panel","overridable":false},{"attributeRef":"D:TEMPLATES_BASE_END_PANEL","value":"Base End Panel","overridable":false},{"attributeRef":"D:COMMON_STYLECABINET_BACK","value":"Full Back","overridable":false},{"attributeRef":"D:COMMON_STYLECABINET_TOP","value":"Back & Front Stretchers","overridable":false},{"attributeRef":"D:COMMON_STYLE_TOEKICK","value":"Floating Structure or Feet/Legs","overridable":false},{"attributeRef":"D:COMMON_CLEARANCE_TOEKICK","value":"75","overridable":false},{"attributeRef":"CCTH","value":"0","overridable":false},{"attributeRef":"D:COMMON_TOEKICK_HEIGHT","value":"0","overridable":false},{"attributeRef":"D:COMMON_WORKTOP_OVERHANG_FRONT","value":"40","overridable":false},{"attributeRef":"MANUF","value":"BEP60","overridable":false},{"attributeRef":"REF_Doors_and_Finishes","value":"#MOD_Doors_and_Finishes_REF#","overridable":false},{"attributeRef":"REF_H","value":"$H$","overridable":false},{"attributeRef":"REF_W","value":"$W$","overridable":false},{"attributeRef":"D:searchToeKick","value":"searchItem('', '{\"classificationFilter\":{\"fullItemTypes\":[\"Kitchen.Molding.ForCabinetBase.Bottom\"]},\"catalogCodeFilters\":[{\"manufRefCode\":\"073970e1-93ad-4e81-b20e-7034fa47c4f7\",\"catalogRefCodes\":[{\"code\":\"DEMO_M\"}]}]}')"}],"dimensions":{"width":{"defaultValue":"20"},"height":{"defaultValue":"870"},"depth":{"defaultValue":"580"}},"subItems":[{"itemRef":"D:templates_cabinet_base_end_panel_left","position":["0","0","0"],"orientation":["0","0","0"],"scale":["1","1","1"],"inverted":false,"dimension":{"width":"$PW$","height":"$PH$","depth":"$PD$"}}],"featureRefs":[{"featureRef":"Doors_and_Finishes","scoped":false}],"sequenceFactor":1},{"code":"MBEP","refCodes":{"manufCode":"MBEP","sku":"MBEP","others":{"CiC2RefCode":"DEMO_M.DEMO_M.R.42002","cic":"MBEP","legacyCode":"Cyncly.DEMO_M.MBEP.7232","legacyCodeCatalog":"DEMO_M.MBEP.7232","legacyCodeManuf":"Cyncly.MBEP.7232","userCode":"MBEP"}},"names":{"main":{"en-US":"MBEP"}},"descriptions":{"main":{"en-US":"Mid - Base End Panel"},"short":{"en-US":"Base End Panel"}},"images":{"main":{"uri":"assets/images/mbep.jpg"}},"classification":{"baseItemType":"cabinetry.panel","characteristics":{"application":["base"],"subType":["end"],"targetRooms":["kitchen"]},"fullItemType":"Kitchen.Panel.Base.End.Rectangular"},"groupRefs":["42001"],"visible":true,"sequenceOrder":1000121,"attributes":[{"attributeRef":"D:COMMON_LEG_POSITIONY3","value":"125","overridable":false},{"attributeRef":"D:COMMON_LEG_POSITIONY4","value":"125","overridable":false},{"attributeRef":"D:COMMON_LEG_QUANTITY","value":"2","overridable":false},{"attributeRef":"D:COMMON_LEG_STYLE","value":"Tubular Leg","overridable":false},{"attributeRef":"D:TEMPLATES_GENERAL_CAB_STYLE","value":"Frameless","overridable":false},{"attributeRef":"CCSBOX","value":"Base End Panel","overridable":false},{"attributeRef":"D:TEMPLATES_BASE_END_PANEL","value":"Base End Panel","overridable":false},{"attributeRef":"D:COMMON_STYLECABINET_BACK","value":"Full Back","overridable":false},{"attributeRef":"D:COMMON_STYLECABINET_TOP","value":"Back & Front Stretchers","overridable":false},{"attributeRef":"D:COMMON_STYLE_TOEKICK","value":"Floating Structure or Feet/Legs","overridable":false},{"attributeRef":"D:COMMON_CLEARANCE_TOEKICK","value":"75","overridable":false},{"attributeRef":"CCTH","value":"0","overridable":false},{"attributeRef":"D:COMMON_TOEKICK_HEIGHT","value":"0","overridable":false},{"attributeRef":"D:COMMON_WORKTOP_OVERHANG_FRONT","value":"40","overridable":false},{"attributeRef":"MANUF","value":"MBEP","overridable":false},{"attributeRef":"REF_Doors_and_Finishes","value":"#MOD_Doors_and_Finishes_REF#","overridable":false},{"attributeRef":"D:searchToeKick","value":"searchItem('', '{\"classificationFilter\":{\"fullItemTypes\":[\"Kitchen.Molding.ForCabinetBase.Bottom\"]},\"catalogCodeFilters\":[{\"manufRefCode\":\"073970e1-93ad-4e81-b20e-7034fa47c4f7\",\"catalogRefCodes\":[{\"code\":\"DEMO_M\"}]}]}')"}],"dimensions":{"width":{"defaultValue":"20"},"height":{"defaultValue":"1350"},"depth":{"defaultValue":"580"}},"subItems":[{"itemRef":"D:templates_cabinet_base_end_panel_left","position":["0","0","0"],"orientation":["0","0","0"],"scale":["1","1","1"],"inverted":false,"dimension":{"width":"$PW$","height":"$PH$","depth":"$PD$"}}],"featureRefs":[{"featureRef":"Doors_and_Finishes","scoped":false}],"sequenceFactor":1}]