[{"code":"FROM_HERE_42068","refCodes":{"manufCode":"Cyncly_W100H18_SLAB0","sku":"Cyncly_W100H18_SLAB0","others":{"CiC2RefCode":"DEMO_M.DEMO_M.R.42068","cic":"FROM HERE","legacyCode":"Cyncly.DEMO_M.FROM HERE.66","legacyCodeCatalog":"DEMO_M.FROM HERE.66","legacyCodeManuf":"Cyncly.FROM HERE.66","userCode":"FROM HERE"}},"names":{"main":{"en-US":"FROM HERE"}},"descriptions":{"main":{"en-US":"from here"}},"images":{"main":{"uri":"assets/images/slab0.jpg"}},"classification":{"baseItemType":"cabinetry.front","fullItemType":"Common.Charge.Customization"},"groupRefs":["38105"],"visible":true,"sequenceOrder":1000317,"attributes":[{"attributeRef":"D:TEMPLATES_GENERAL_CAB_STYLE","value":"Frameless","overridable":false},{"attributeRef":"MANUF","value":"Cyncly_W100H18_SLAB0","overridable":false}],"dimensions":{"width":{"defaultValue":"800"},"height":{"defaultValue":"720"},"depth":{"defaultValue":"560"}},"sequenceFactor":102},{"code":"FROM_HERE_42169","refCodes":{"manufCode":"Cyncly_W100H18_SLAB1","sku":"Cyncly_W100H18_SLAB1","others":{"CiC2RefCode":"DEMO_M.DEMO_M.R.42169","cic":"FROM HERE","legacyCode":"Cyncly.DEMO_M.FROM HERE.66","legacyCodeCatalog":"DEMO_M.FROM HERE.66","legacyCodeManuf":"Cyncly.FROM HERE.66","userCode":"FROM HERE"}},"names":{"main":{"en-US":"FROM HERE"}},"descriptions":{"main":{"en-US":"from here"}},"images":{"main":{"uri":"assets/images/slab1.jpg"}},"classification":{"baseItemType":"cabinetry.front","fullItemType":"Common.Charge.Customization"},"groupRefs":["42071"],"visible":true,"sequenceOrder":1000415,"attributes":[{"attributeRef":"D:TEMPLATES_GENERAL_CAB_STYLE","value":"Frameless","overridable":false},{"attributeRef":"MANUF","value":"Cyncly_W100H18_SLAB1","overridable":false}],"dimensions":{"width":{"defaultValue":"800"},"height":{"defaultValue":"720"},"depth":{"defaultValue":"560"}},"sequenceFactor":98},{"code":"FROM_HERE_42170","refCodes":{"manufCode":"Cyncly_W90H18_SLAB1","sku":"Cyncly_W90H18_SLAB1","others":{"CiC2RefCode":"DEMO_M.DEMO_M.R.42170","cic":"FROM HERE","legacyCode":"Cyncly.DEMO_M.FROM HERE.66","legacyCodeCatalog":"DEMO_M.FROM HERE.66","legacyCodeManuf":"Cyncly.FROM HERE.66","userCode":"FROM HERE"}},"names":{"main":{"en-US":"FROM HERE"}},"descriptions":{"main":{"en-US":"from here"}},"images":{"main":{"uri":"assets/images/slab1.jpg"}},"classification":{"baseItemType":"cabinetry.front","fullItemType":"Common.Charge.Customization"},"groupRefs":["42071"],"visible":true,"sequenceOrder":1000416,"attributes":[{"attributeRef":"D:TEMPLATES_GENERAL_CAB_STYLE","value":"Frameless","overridable":false},{"attributeRef":"MANUF","value":"Cyncly_W90H18_SLAB1","overridable":false}],"dimensions":{"width":{"defaultValue":"800"},"height":{"defaultValue":"720"},"depth":{"defaultValue":"560"}},"sequenceFactor":99},{"code":"FROM_HERE_42171","refCodes":{"manufCode":"Cyncly_W100H18_SLAB1","sku":"Cyncly_W100H18_SLAB1","others":{"CiC2RefCode":"DEMO_M.DEMO_M.R.42171","cic":"FROM HERE","legacyCode":"Cyncly.DEMO_M.FROM HERE.66","legacyCodeCatalog":"DEMO_M.FROM HERE.66","legacyCodeManuf":"Cyncly.FROM HERE.66","userCode":"FROM HERE"}},"names":{"main":{"en-US":"FROM HERE"}},"descriptions":{"main":{"en-US":"from here"}},"images":{"main":{"uri":"assets/images/slab1.jpg"}},"classification":{"baseItemType":"cabinetry.front","fullItemType":"Common.Charge.Customization"},"groupRefs":["42071"],"visible":true,"sequenceOrder":1000417,"attributes":[{"attributeRef":"D:TEMPLATES_GENERAL_CAB_STYLE","value":"Frameless","overridable":false},{"attributeRef":"MANUF","value":"Cyncly_W100H18_SLAB1","overridable":false}],"dimensions":{"width":{"defaultValue":"800"},"height":{"defaultValue":"720"},"depth":{"defaultValue":"560"}},"sequenceFactor":100},{"code":"FROM_HERE_42172","refCodes":{"manufCode":"Cyncly_W90H18_SLAB1","sku":"Cyncly_W90H18_SLAB1","others":{"CiC2RefCode":"DEMO_M.DEMO_M.R.42172","cic":"FROM HERE","legacyCode":"Cyncly.DEMO_M.FROM HERE.66","legacyCodeCatalog":"DEMO_M.FROM HERE.66","legacyCodeManuf":"Cyncly.FROM HERE.66","userCode":"FROM HERE"}},"names":{"main":{"en-US":"FROM HERE"}},"descriptions":{"main":{"en-US":"from here"}},"images":{"main":{"uri":"assets/images/slab1.jpg"}},"classification":{"baseItemType":"cabinetry.front","fullItemType":"Common.Charge.Customization"},"groupRefs":["42071"],"visible":true,"sequenceOrder":1000418,"attributes":[{"attributeRef":"D:TEMPLATES_GENERAL_CAB_STYLE","value":"Frameless","overridable":false},{"attributeRef":"MANUF","value":"Cyncly_W90H18_SLAB1","overridable":false}],"dimensions":{"width":{"defaultValue":"800"},"height":{"defaultValue":"720"},"depth":{"defaultValue":"560"}},"sequenceFactor":101},{"code":"FROM_HERE_42173","refCodes":{"manufCode":"Cyncly_W100H18_SLAB1","sku":"Cyncly_W100H18_SLAB1","others":{"CiC2RefCode":"DEMO_M.DEMO_M.R.42173","cic":"FROM HERE","legacyCode":"Cyncly.DEMO_M.FROM HERE.66","legacyCodeCatalog":"DEMO_M.FROM HERE.66","legacyCodeManuf":"Cyncly.FROM HERE.66","userCode":"FROM HERE"}},"names":{"main":{"en-US":"FROM HERE"}},"descriptions":{"main":{"en-US":"from here"}},"images":{"main":{"uri":"assets/images/slab1.jpg"}},"classification":{"baseItemType":"cabinetry.front","fullItemType":"Common.Charge.Customization"},"groupRefs":["42071"],"visible":true,"sequenceOrder":1000419,"attributes":[{"attributeRef":"D:TEMPLATES_GENERAL_CAB_STYLE","value":"Frameless","overridable":false},{"attributeRef":"MANUF","value":"Cyncly_W100H18_SLAB1","overridable":false}],"dimensions":{"width":{"defaultValue":"800"},"height":{"defaultValue":"720"},"depth":{"defaultValue":"560"}},"sequenceFactor":102},{"code":"FROM_HERE_42272","refCodes":{"manufCode":"Cyncly_W100H18_SLAB2","sku":"Cyncly_W100H18_SLAB2","others":{"CiC2RefCode":"DEMO_M.DEMO_M.R.42272","cic":"FROM HERE","legacyCode":"Cyncly.DEMO_M.FROM HERE.66","legacyCodeCatalog":"DEMO_M.FROM HERE.66","legacyCodeManuf":"Cyncly.FROM HERE.66","userCode":"FROM HERE"}},"names":{"main":{"en-US":"FROM HERE"}},"descriptions":{"main":{"en-US":"from here"}},"images":{"main":{"uri":"assets/images/slab2.jpg"}},"classification":{"baseItemType":"cabinetry.front","fullItemType":"Common.Charge.Customization"},"groupRefs":["42174"],"visible":true,"sequenceOrder":1000517,"attributes":[{"attributeRef":"D:TEMPLATES_GENERAL_CAB_STYLE","value":"Frameless","overridable":false},{"attributeRef":"MANUF","value":"Cyncly_W100H18_SLAB2","overridable":false}],"dimensions":{"width":{"defaultValue":"800"},"height":{"defaultValue":"720"},"depth":{"defaultValue":"560"}},"sequenceFactor":98},{"code":"FROM_HERE_42273","refCodes":{"manufCode":"Cyncly_W90H18_SLAB2","sku":"Cyncly_W90H18_SLAB2","others":{"CiC2RefCode":"DEMO_M.DEMO_M.R.42273","cic":"FROM HERE","legacyCode":"Cyncly.DEMO_M.FROM HERE.66","legacyCodeCatalog":"DEMO_M.FROM HERE.66","legacyCodeManuf":"Cyncly.FROM HERE.66","userCode":"FROM HERE"}},"names":{"main":{"en-US":"FROM HERE"}},"descriptions":{"main":{"en-US":"from here"}},"images":{"main":{"uri":"assets/images/slab2.jpg"}},"classification":{"baseItemType":"cabinetry.front","fullItemType":"Common.Charge.Customization"},"groupRefs":["42174"],"visible":true,"sequenceOrder":1000518,"attributes":[{"attributeRef":"D:TEMPLATES_GENERAL_CAB_STYLE","value":"Frameless","overridable":false},{"attributeRef":"MANUF","value":"Cyncly_W90H18_SLAB2","overridable":false}],"dimensions":{"width":{"defaultValue":"800"},"height":{"defaultValue":"720"},"depth":{"defaultValue":"560"}},"sequenceFactor":99},{"code":"FROM_HERE_42274","refCodes":{"manufCode":"Cyncly_W100H18_SLAB2","sku":"Cyncly_W100H18_SLAB2","others":{"CiC2RefCode":"DEMO_M.DEMO_M.R.42274","cic":"FROM HERE","legacyCode":"Cyncly.DEMO_M.FROM HERE.66","legacyCodeCatalog":"DEMO_M.FROM HERE.66","legacyCodeManuf":"Cyncly.FROM HERE.66","userCode":"FROM HERE"}},"names":{"main":{"en-US":"FROM HERE"}},"descriptions":{"main":{"en-US":"from here"}},"images":{"main":{"uri":"assets/images/slab2.jpg"}},"classification":{"baseItemType":"cabinetry.front","fullItemType":"Common.Charge.Customization"},"groupRefs":["42174"],"visible":true,"sequenceOrder":1000519,"attributes":[{"attributeRef":"D:TEMPLATES_GENERAL_CAB_STYLE","value":"Frameless","overridable":false},{"attributeRef":"MANUF","value":"Cyncly_W100H18_SLAB2","overridable":false}],"dimensions":{"width":{"defaultValue":"800"},"height":{"defaultValue":"720"},"depth":{"defaultValue":"560"}},"sequenceFactor":100},{"code":"FROM_HERE_42275","refCodes":{"manufCode":"Cyncly_W90H18_SLAB2","sku":"Cyncly_W90H18_SLAB2","others":{"CiC2RefCode":"DEMO_M.DEMO_M.R.42275","cic":"FROM HERE","legacyCode":"Cyncly.DEMO_M.FROM HERE.66","legacyCodeCatalog":"DEMO_M.FROM HERE.66","legacyCodeManuf":"Cyncly.FROM HERE.66","userCode":"FROM HERE"}},"names":{"main":{"en-US":"FROM HERE"}},"descriptions":{"main":{"en-US":"from here"}},"images":{"main":{"uri":"assets/images/slab2.jpg"}},"classification":{"baseItemType":"cabinetry.front","fullItemType":"Common.Charge.Customization"},"groupRefs":["42174"],"visible":true,"sequenceOrder":1000520,"attributes":[{"attributeRef":"D:TEMPLATES_GENERAL_CAB_STYLE","value":"Frameless","overridable":false},{"attributeRef":"MANUF","value":"Cyncly_W90H18_SLAB2","overridable":false}],"dimensions":{"width":{"defaultValue":"800"},"height":{"defaultValue":"720"},"depth":{"defaultValue":"560"}},"sequenceFactor":101},{"code":"FROM_HERE_42276","refCodes":{"manufCode":"Cyncly_W100H18_SLAB2","sku":"Cyncly_W100H18_SLAB2","others":{"CiC2RefCode":"DEMO_M.DEMO_M.R.42276","cic":"FROM HERE","legacyCode":"Cyncly.DEMO_M.FROM HERE.66","legacyCodeCatalog":"DEMO_M.FROM HERE.66","legacyCodeManuf":"Cyncly.FROM HERE.66","userCode":"FROM HERE"}},"names":{"main":{"en-US":"FROM HERE"}},"descriptions":{"main":{"en-US":"from here"}},"images":{"main":{"uri":"assets/images/slab2.jpg"}},"classification":{"baseItemType":"cabinetry.front","fullItemType":"Common.Charge.Customization"},"groupRefs":["42174"],"visible":true,"sequenceOrder":1000521,"attributes":[{"attributeRef":"D:TEMPLATES_GENERAL_CAB_STYLE","value":"Frameless","overridable":false},{"attributeRef":"MANUF","value":"Cyncly_W100H18_SLAB2","overridable":false}],"dimensions":{"width":{"defaultValue":"800"},"height":{"defaultValue":"720"},"depth":{"defaultValue":"560"}},"sequenceFactor":102},{"code":"FROM_HERE_42375","refCodes":{"manufCode":"Cyncly_W100H18_SLAB3","sku":"Cyncly_W100H18_SLAB3","others":{"CiC2RefCode":"DEMO_M.DEMO_M.R.42375","cic":"FROM HERE","legacyCode":"Cyncly.DEMO_M.FROM HERE.66","legacyCodeCatalog":"DEMO_M.FROM HERE.66","legacyCodeManuf":"Cyncly.FROM HERE.66","userCode":"FROM HERE"}},"names":{"main":{"en-US":"FROM HERE"}},"descriptions":{"main":{"en-US":"from here"}},"images":{"main":{"uri":"assets/images/slab3.jpg"}},"classification":{"baseItemType":"cabinetry.front","fullItemType":"Common.Charge.Customization"},"groupRefs":["42277"],"visible":true,"sequenceOrder":1000619,"attributes":[{"attributeRef":"D:TEMPLATES_GENERAL_CAB_STYLE","value":"Frameless","overridable":false},{"attributeRef":"MANUF","value":"Cyncly_W100H18_SLAB3","overridable":false}],"dimensions":{"width":{"defaultValue":"800"},"height":{"defaultValue":"720"},"depth":{"defaultValue":"560"}},"sequenceFactor":98},{"code":"FROM_HERE_42376","refCodes":{"manufCode":"Cyncly_W90H18_SLAB3","sku":"Cyncly_W90H18_SLAB3","others":{"CiC2RefCode":"DEMO_M.DEMO_M.R.42376","cic":"FROM HERE","legacyCode":"Cyncly.DEMO_M.FROM HERE.66","legacyCodeCatalog":"DEMO_M.FROM HERE.66","legacyCodeManuf":"Cyncly.FROM HERE.66","userCode":"FROM HERE"}},"names":{"main":{"en-US":"FROM HERE"}},"descriptions":{"main":{"en-US":"from here"}},"images":{"main":{"uri":"assets/images/slab3.jpg"}},"classification":{"baseItemType":"cabinetry.front","fullItemType":"Common.Charge.Customization"},"groupRefs":["42277"],"visible":true,"sequenceOrder":1000620,"attributes":[{"attributeRef":"D:TEMPLATES_GENERAL_CAB_STYLE","value":"Frameless","overridable":false},{"attributeRef":"MANUF","value":"Cyncly_W90H18_SLAB3","overridable":false}],"dimensions":{"width":{"defaultValue":"800"},"height":{"defaultValue":"720"},"depth":{"defaultValue":"560"}},"sequenceFactor":99},{"code":"FROM_HERE_42377","refCodes":{"manufCode":"Cyncly_W100H18_SLAB3","sku":"Cyncly_W100H18_SLAB3","others":{"CiC2RefCode":"DEMO_M.DEMO_M.R.42377","cic":"FROM HERE","legacyCode":"Cyncly.DEMO_M.FROM HERE.66","legacyCodeCatalog":"DEMO_M.FROM HERE.66","legacyCodeManuf":"Cyncly.FROM HERE.66","userCode":"FROM HERE"}},"names":{"main":{"en-US":"FROM HERE"}},"descriptions":{"main":{"en-US":"from here"}},"images":{"main":{"uri":"assets/images/slab3.jpg"}},"classification":{"baseItemType":"cabinetry.front","fullItemType":"Common.Charge.Customization"},"groupRefs":["42277"],"visible":true,"sequenceOrder":1000621,"attributes":[{"attributeRef":"D:TEMPLATES_GENERAL_CAB_STYLE","value":"Frameless","overridable":false},{"attributeRef":"MANUF","value":"Cyncly_W100H18_SLAB3","overridable":false}],"dimensions":{"width":{"defaultValue":"800"},"height":{"defaultValue":"720"},"depth":{"defaultValue":"560"}},"sequenceFactor":100},{"code":"FROM_HERE_42378","refCodes":{"manufCode":"Cyncly_W90H18_SLAB3","sku":"Cyncly_W90H18_SLAB3","others":{"CiC2RefCode":"DEMO_M.DEMO_M.R.42378","cic":"FROM HERE","legacyCode":"Cyncly.DEMO_M.FROM HERE.66","legacyCodeCatalog":"DEMO_M.FROM HERE.66","legacyCodeManuf":"Cyncly.FROM HERE.66","userCode":"FROM HERE"}},"names":{"main":{"en-US":"FROM HERE"}},"descriptions":{"main":{"en-US":"from here"}},"images":{"main":{"uri":"assets/images/slab3.jpg"}},"classification":{"baseItemType":"cabinetry.front","fullItemType":"Common.Charge.Customization"},"groupRefs":["42277"],"visible":true,"sequenceOrder":1000622,"attributes":[{"attributeRef":"D:TEMPLATES_GENERAL_CAB_STYLE","value":"Frameless","overridable":false},{"attributeRef":"MANUF","value":"Cyncly_W90H18_SLAB3","overridable":false}],"dimensions":{"width":{"defaultValue":"800"},"height":{"defaultValue":"720"},"depth":{"defaultValue":"560"}},"sequenceFactor":101},{"code":"FROM_HERE_42379","refCodes":{"manufCode":"Cyncly_W100H18_SLAB3","sku":"Cyncly_W100H18_SLAB3","others":{"CiC2RefCode":"DEMO_M.DEMO_M.R.42379","cic":"FROM HERE","legacyCode":"Cyncly.DEMO_M.FROM HERE.66","legacyCodeCatalog":"DEMO_M.FROM HERE.66","legacyCodeManuf":"Cyncly.FROM HERE.66","userCode":"FROM HERE"}},"names":{"main":{"en-US":"FROM HERE"}},"descriptions":{"main":{"en-US":"from here"}},"images":{"main":{"uri":"assets/images/slab3.jpg"}},"classification":{"baseItemType":"cabinetry.front","fullItemType":"Common.Charge.Customization"},"groupRefs":["42277"],"visible":true,"sequenceOrder":1000623,"attributes":[{"attributeRef":"D:TEMPLATES_GENERAL_CAB_STYLE","value":"Frameless","overridable":false},{"attributeRef":"MANUF","value":"Cyncly_W100H18_SLAB3","overridable":false}],"dimensions":{"width":{"defaultValue":"800"},"height":{"defaultValue":"720"},"depth":{"defaultValue":"560"}},"sequenceFactor":102},{"code":"FROM_HERE_42478","refCodes":{"manufCode":"Cyncly_W100H18_SLAB4","sku":"Cyncly_W100H18_SLAB4","others":{"CiC2RefCode":"DEMO_M.DEMO_M.R.42478","cic":"FROM HERE","legacyCode":"Cyncly.DEMO_M.FROM HERE.66","legacyCodeCatalog":"DEMO_M.FROM HERE.66","legacyCodeManuf":"Cyncly.FROM HERE.66","userCode":"FROM HERE"}},"names":{"main":{"en-US":"FROM HERE"}},"descriptions":{"main":{"en-US":"from here"}},"images":{"main":{"uri":"assets/images/slab4.jpg"}},"classification":{"baseItemType":"cabinetry.front","fullItemType":"Common.Charge.Customization"},"groupRefs":["42380"],"visible":true,"sequenceOrder":1000721,"attributes":[{"attributeRef":"D:TEMPLATES_GENERAL_CAB_STYLE","value":"Frameless","overridable":false},{"attributeRef":"MANUF","value":"Cyncly_W100H18_SLAB4","overridable":false}],"dimensions":{"width":{"defaultValue":"800"},"height":{"defaultValue":"720"},"depth":{"defaultValue":"560"}},"sequenceFactor":98},{"code":"FROM_HERE_42479","refCodes":{"manufCode":"Cyncly_W90H18_SLAB4","sku":"Cyncly_W90H18_SLAB4","others":{"CiC2RefCode":"DEMO_M.DEMO_M.R.42479","cic":"FROM HERE","legacyCode":"Cyncly.DEMO_M.FROM HERE.66","legacyCodeCatalog":"DEMO_M.FROM HERE.66","legacyCodeManuf":"Cyncly.FROM HERE.66","userCode":"FROM HERE"}},"names":{"main":{"en-US":"FROM HERE"}},"descriptions":{"main":{"en-US":"from here"}},"images":{"main":{"uri":"assets/images/slab4.jpg"}},"classification":{"baseItemType":"cabinetry.front","fullItemType":"Common.Charge.Customization"},"groupRefs":["42380"],"visible":true,"sequenceOrder":1000722,"attributes":[{"attributeRef":"D:TEMPLATES_GENERAL_CAB_STYLE","value":"Frameless","overridable":false},{"attributeRef":"MANUF","value":"Cyncly_W90H18_SLAB4","overridable":false}],"dimensions":{"width":{"defaultValue":"800"},"height":{"defaultValue":"720"},"depth":{"defaultValue":"560"}},"sequenceFactor":99},{"code":"FROM_HERE_42480","refCodes":{"manufCode":"Cyncly_W100H18_SLAB4","sku":"Cyncly_W100H18_SLAB4","others":{"CiC2RefCode":"DEMO_M.DEMO_M.R.42480","cic":"FROM HERE","legacyCode":"Cyncly.DEMO_M.FROM HERE.66","legacyCodeCatalog":"DEMO_M.FROM HERE.66","legacyCodeManuf":"Cyncly.FROM HERE.66","userCode":"FROM HERE"}},"names":{"main":{"en-US":"FROM HERE"}},"descriptions":{"main":{"en-US":"from here"}},"images":{"main":{"uri":"assets/images/slab4.jpg"}},"classification":{"baseItemType":"cabinetry.front","fullItemType":"Common.Charge.Customization"},"groupRefs":["42380"],"visible":true,"sequenceOrder":1000723,"attributes":[{"attributeRef":"D:TEMPLATES_GENERAL_CAB_STYLE","value":"Frameless","overridable":false},{"attributeRef":"MANUF","value":"Cyncly_W100H18_SLAB4","overridable":false}],"dimensions":{"width":{"defaultValue":"800"},"height":{"defaultValue":"720"},"depth":{"defaultValue":"560"}},"sequenceFactor":100},{"code":"FROM_HERE_42481","refCodes":{"manufCode":"Cyncly_W90H18_SLAB4","sku":"Cyncly_W90H18_SLAB4","others":{"CiC2RefCode":"DEMO_M.DEMO_M.R.42481","cic":"FROM HERE","legacyCode":"Cyncly.DEMO_M.FROM HERE.66","legacyCodeCatalog":"DEMO_M.FROM HERE.66","legacyCodeManuf":"Cyncly.FROM HERE.66","userCode":"FROM HERE"}},"names":{"main":{"en-US":"FROM HERE"}},"descriptions":{"main":{"en-US":"from here"}},"images":{"main":{"uri":"assets/images/slab4.jpg"}},"classification":{"baseItemType":"cabinetry.front","fullItemType":"Common.Charge.Customization"},"groupRefs":["42380"],"visible":true,"sequenceOrder":1000724,"attributes":[{"attributeRef":"D:TEMPLATES_GENERAL_CAB_STYLE","value":"Frameless","overridable":false},{"attributeRef":"MANUF","value":"Cyncly_W90H18_SLAB4","overridable":false}],"dimensions":{"width":{"defaultValue":"800"},"height":{"defaultValue":"720"},"depth":{"defaultValue":"560"}},"sequenceFactor":101},{"code":"FROM_HERE_42482","refCodes":{"manufCode":"Cyncly_W100H18_SLAB4","sku":"Cyncly_W100H18_SLAB4","others":{"CiC2RefCode":"DEMO_M.DEMO_M.R.42482","cic":"FROM HERE","legacyCode":"Cyncly.DEMO_M.FROM HERE.66","legacyCodeCatalog":"DEMO_M.FROM HERE.66","legacyCodeManuf":"Cyncly.FROM HERE.66","userCode":"FROM HERE"}},"names":{"main":{"en-US":"FROM HERE"}},"descriptions":{"main":{"en-US":"from here"}},"images":{"main":{"uri":"assets/images/slab4.jpg"}},"classification":{"baseItemType":"cabinetry.front","fullItemType":"Common.Charge.Customization"},"groupRefs":["42380"],"visible":true,"sequenceOrder":1000725,"attributes":[{"attributeRef":"D:TEMPLATES_GENERAL_CAB_STYLE","value":"Frameless","overridable":false},{"attributeRef":"MANUF","value":"Cyncly_W100H18_SLAB4","overridable":false}],"dimensions":{"width":{"defaultValue":"800"},"height":{"defaultValue":"720"},"depth":{"defaultValue":"560"}},"sequenceFactor":102},{"code":"FROM_HERE_42581","refCodes":{"manufCode":"Cyncly_W100H18_INSET1","sku":"Cyncly_W100H18_INSET1","others":{"CiC2RefCode":"DEMO_M.DEMO_M.R.42581","cic":"FROM HERE","legacyCode":"Cyncly.DEMO_M.FROM HERE.66","legacyCodeCatalog":"DEMO_M.FROM HERE.66","legacyCodeManuf":"Cyncly.FROM HERE.66","userCode":"FROM HERE"}},"names":{"main":{"en-US":"FROM HERE"}},"descriptions":{"main":{"en-US":"from here"}},"images":{"main":{"uri":"assets/images/inset1.jpg"}},"classification":{"baseItemType":"cabinetry.front","fullItemType":"Common.Charge.Customization"},"groupRefs":["42483"],"visible":true,"sequenceOrder":1000823,"attributes":[{"attributeRef":"D:TEMPLATES_GENERAL_CAB_STYLE","value":"Frameless","overridable":false},{"attributeRef":"MANUF","value":"Cyncly_W100H18_INSET1","overridable":false}],"dimensions":{"width":{"defaultValue":"800"},"height":{"defaultValue":"720"},"depth":{"defaultValue":"560"}},"sequenceFactor":98},{"code":"FROM_HERE_42582","refCodes":{"manufCode":"Cyncly_W90H18_INSET1","sku":"Cyncly_W90H18_INSET1","others":{"CiC2RefCode":"DEMO_M.DEMO_M.R.42582","cic":"FROM HERE","legacyCode":"Cyncly.DEMO_M.FROM HERE.66","legacyCodeCatalog":"DEMO_M.FROM HERE.66","legacyCodeManuf":"Cyncly.FROM HERE.66","userCode":"FROM HERE"}},"names":{"main":{"en-US":"FROM HERE"}},"descriptions":{"main":{"en-US":"from here"}},"images":{"main":{"uri":"assets/images/inset1.jpg"}},"classification":{"baseItemType":"cabinetry.front","fullItemType":"Common.Charge.Customization"},"groupRefs":["42483"],"visible":true,"sequenceOrder":1000824,"attributes":[{"attributeRef":"D:TEMPLATES_GENERAL_CAB_STYLE","value":"Frameless","overridable":false},{"attributeRef":"MANUF","value":"Cyncly_W90H18_INSET1","overridable":false}],"dimensions":{"width":{"defaultValue":"800"},"height":{"defaultValue":"720"},"depth":{"defaultValue":"560"}},"sequenceFactor":99},{"code":"FROM_HERE_42583","refCodes":{"manufCode":"Cyncly_W100H18_INSET1","sku":"Cyncly_W100H18_INSET1","others":{"CiC2RefCode":"DEMO_M.DEMO_M.R.42583","cic":"FROM HERE","legacyCode":"Cyncly.DEMO_M.FROM HERE.66","legacyCodeCatalog":"DEMO_M.FROM HERE.66","legacyCodeManuf":"Cyncly.FROM HERE.66","userCode":"FROM HERE"}},"names":{"main":{"en-US":"FROM HERE"}},"descriptions":{"main":{"en-US":"from here"}},"images":{"main":{"uri":"assets/images/inset1.jpg"}},"classification":{"baseItemType":"cabinetry.front","fullItemType":"Common.Charge.Customization"},"groupRefs":["42483"],"visible":true,"sequenceOrder":1000825,"attributes":[{"attributeRef":"D:TEMPLATES_GENERAL_CAB_STYLE","value":"Frameless","overridable":false},{"attributeRef":"MANUF","value":"Cyncly_W100H18_INSET1","overridable":false}],"dimensions":{"width":{"defaultValue":"800"},"height":{"defaultValue":"720"},"depth":{"defaultValue":"560"}},"sequenceFactor":100},{"code":"FROM_HERE_42584","refCodes":{"manufCode":"Cyncly_W90H18_INSET1","sku":"Cyncly_W90H18_INSET1","others":{"CiC2RefCode":"DEMO_M.DEMO_M.R.42584","cic":"FROM HERE","legacyCode":"Cyncly.DEMO_M.FROM HERE.66","legacyCodeCatalog":"DEMO_M.FROM HERE.66","legacyCodeManuf":"Cyncly.FROM HERE.66","userCode":"FROM HERE"}},"names":{"main":{"en-US":"FROM HERE"}},"descriptions":{"main":{"en-US":"from here"}},"images":{"main":{"uri":"assets/images/inset1.jpg"}},"classification":{"baseItemType":"cabinetry.front","fullItemType":"Common.Charge.Customization"},"groupRefs":["42483"],"visible":true,"sequenceOrder":1000826,"attributes":[{"attributeRef":"D:TEMPLATES_GENERAL_CAB_STYLE","value":"Frameless","overridable":false},{"attributeRef":"MANUF","value":"Cyncly_W90H18_INSET1","overridable":false}],"dimensions":{"width":{"defaultValue":"800"},"height":{"defaultValue":"720"},"depth":{"defaultValue":"560"}},"sequenceFactor":101},{"code":"FROM_HERE_42585","refCodes":{"manufCode":"Cyncly_W100H18_INSET1","sku":"Cyncly_W100H18_INSET1","others":{"CiC2RefCode":"DEMO_M.DEMO_M.R.42585","cic":"FROM HERE","legacyCode":"Cyncly.DEMO_M.FROM HERE.66","legacyCodeCatalog":"DEMO_M.FROM HERE.66","legacyCodeManuf":"Cyncly.FROM HERE.66","userCode":"FROM HERE"}},"names":{"main":{"en-US":"FROM HERE"}},"descriptions":{"main":{"en-US":"from here"}},"images":{"main":{"uri":"assets/images/inset1.jpg"}},"classification":{"baseItemType":"cabinetry.front","fullItemType":"Common.Charge.Customization"},"groupRefs":["42483"],"visible":true,"sequenceOrder":1000827,"attributes":[{"attributeRef":"D:TEMPLATES_GENERAL_CAB_STYLE","value":"Frameless","overridable":false},{"attributeRef":"MANUF","value":"Cyncly_W100H18_INSET1","overridable":false}],"dimensions":{"width":{"defaultValue":"800"},"height":{"defaultValue":"720"},"depth":{"defaultValue":"560"}},"sequenceFactor":102},{"code":"FROM_HERE_42684","refCodes":{"manufCode":"Cyncly_W100H18_INSET2","sku":"Cyncly_W100H18_INSET2","others":{"CiC2RefCode":"DEMO_M.DEMO_M.R.42684","cic":"FROM HERE","legacyCode":"Cyncly.DEMO_M.FROM HERE.66","legacyCodeCatalog":"DEMO_M.FROM HERE.66","legacyCodeManuf":"Cyncly.FROM HERE.66","userCode":"FROM HERE"}},"names":{"main":{"en-US":"FROM HERE"}},"descriptions":{"main":{"en-US":"from here"}},"images":{"main":{"uri":"assets/images/inset2.jpg"}},"classification":{"baseItemType":"cabinetry.front","fullItemType":"Common.Charge.Customization"},"groupRefs":["42586"],"visible":true,"sequenceOrder":1000925,"attributes":[{"attributeRef":"D:TEMPLATES_GENERAL_CAB_STYLE","value":"Frameless","overridable":false},{"attributeRef":"MANUF","value":"Cyncly_W100H18_INSET2","overridable":false}],"dimensions":{"width":{"defaultValue":"800"},"height":{"defaultValue":"720"},"depth":{"defaultValue":"560"}},"sequenceFactor":98},{"code":"FROM_HERE_42685","refCodes":{"manufCode":"Cyncly_W90H18_INSET2","sku":"Cyncly_W90H18_INSET2","others":{"CiC2RefCode":"DEMO_M.DEMO_M.R.42685","cic":"FROM HERE","legacyCode":"Cyncly.DEMO_M.FROM HERE.66","legacyCodeCatalog":"DEMO_M.FROM HERE.66","legacyCodeManuf":"Cyncly.FROM HERE.66","userCode":"FROM HERE"}},"names":{"main":{"en-US":"FROM HERE"}},"descriptions":{"main":{"en-US":"from here"}},"images":{"main":{"uri":"assets/images/inset2.jpg"}},"classification":{"baseItemType":"cabinetry.front","fullItemType":"Common.Charge.Customization"},"groupRefs":["42586"],"visible":true,"sequenceOrder":1000926,"attributes":[{"attributeRef":"D:TEMPLATES_GENERAL_CAB_STYLE","value":"Frameless","overridable":false},{"attributeRef":"MANUF","value":"Cyncly_W90H18_INSET2","overridable":false}],"dimensions":{"width":{"defaultValue":"800"},"height":{"defaultValue":"720"},"depth":{"defaultValue":"560"}},"sequenceFactor":99},{"code":"FROM_HERE_42686","refCodes":{"manufCode":"Cyncly_W100H18_INSET2","sku":"Cyncly_W100H18_INSET2","others":{"CiC2RefCode":"DEMO_M.DEMO_M.R.42686","cic":"FROM HERE","legacyCode":"Cyncly.DEMO_M.FROM HERE.66","legacyCodeCatalog":"DEMO_M.FROM HERE.66","legacyCodeManuf":"Cyncly.FROM HERE.66","userCode":"FROM HERE"}},"names":{"main":{"en-US":"FROM HERE"}},"descriptions":{"main":{"en-US":"from here"}},"images":{"main":{"uri":"assets/images/inset2.jpg"}},"classification":{"baseItemType":"cabinetry.front","fullItemType":"Common.Charge.Customization"},"groupRefs":["42586"],"visible":true,"sequenceOrder":1000927,"attributes":[{"attributeRef":"D:TEMPLATES_GENERAL_CAB_STYLE","value":"Frameless","overridable":false},{"attributeRef":"MANUF","value":"Cyncly_W100H18_INSET2","overridable":false}],"dimensions":{"width":{"defaultValue":"800"},"height":{"defaultValue":"720"},"depth":{"defaultValue":"560"}},"sequenceFactor":100},{"code":"FROM_HERE_42687","refCodes":{"manufCode":"Cyncly_W90H18_INSET2","sku":"Cyncly_W90H18_INSET2","others":{"CiC2RefCode":"DEMO_M.DEMO_M.R.42687","cic":"FROM HERE","legacyCode":"Cyncly.DEMO_M.FROM HERE.66","legacyCodeCatalog":"DEMO_M.FROM HERE.66","legacyCodeManuf":"Cyncly.FROM HERE.66","userCode":"FROM HERE"}},"names":{"main":{"en-US":"FROM HERE"}},"descriptions":{"main":{"en-US":"from here"}},"images":{"main":{"uri":"assets/images/inset2.jpg"}},"classification":{"baseItemType":"cabinetry.front","fullItemType":"Common.Charge.Customization"},"groupRefs":["42586"],"visible":true,"sequenceOrder":1000928,"attributes":[{"attributeRef":"D:TEMPLATES_GENERAL_CAB_STYLE","value":"Frameless","overridable":false},{"attributeRef":"MANUF","value":"Cyncly_W90H18_INSET2","overridable":false}],"dimensions":{"width":{"defaultValue":"800"},"height":{"defaultValue":"720"},"depth":{"defaultValue":"560"}},"sequenceFactor":101},{"code":"FROM_HERE_42688","refCodes":{"manufCode":"Cyncly_W100H18_INSET2","sku":"Cyncly_W100H18_INSET2","others":{"CiC2RefCode":"DEMO_M.DEMO_M.R.42688","cic":"FROM HERE","legacyCode":"Cyncly.DEMO_M.FROM HERE.66","legacyCodeCatalog":"DEMO_M.FROM HERE.66","legacyCodeManuf":"Cyncly.FROM HERE.66","userCode":"FROM HERE"}},"names":{"main":{"en-US":"FROM HERE"}},"descriptions":{"main":{"en-US":"from here"}},"images":{"main":{"uri":"assets/images/inset2.jpg"}},"classification":{"baseItemType":"cabinetry.front","fullItemType":"Common.Charge.Customization"},"groupRefs":["42586"],"visible":true,"sequenceOrder":1000929,"attributes":[{"attributeRef":"D:TEMPLATES_GENERAL_CAB_STYLE","value":"Frameless","overridable":false},{"attributeRef":"MANUF","value":"Cyncly_W100H18_INSET2","overridable":false}],"dimensions":{"width":{"defaultValue":"800"},"height":{"defaultValue":"720"},"depth":{"defaultValue":"560"}},"sequenceFactor":102},{"code":"FROM_HERE_42787","refCodes":{"manufCode":"Cyncly_W100H18_SHAKER1","sku":"Cyncly_W100H18_SHAKER1","others":{"CiC2RefCode":"DEMO_M.DEMO_M.R.42787","cic":"FROM HERE","legacyCode":"Cyncly.DEMO_M.FROM HERE.66","legacyCodeCatalog":"DEMO_M.FROM HERE.66","legacyCodeManuf":"Cyncly.FROM HERE.66","userCode":"FROM HERE"}},"names":{"main":{"en-US":"FROM HERE"}},"descriptions":{"main":{"en-US":"from here"}},"images":{"main":{"uri":"assets/images/shaker1.jpg"}},"classification":{"baseItemType":"cabinetry.front","fullItemType":"Common.Charge.Customization"},"groupRefs":["42689"],"visible":true,"sequenceOrder":1001027,"attributes":[{"attributeRef":"D:TEMPLATES_GENERAL_CAB_STYLE","value":"Frameless","overridable":false},{"attributeRef":"MANUF","value":"Cyncly_W100H18_SHAKER1","overridable":false}],"dimensions":{"width":{"defaultValue":"800"},"height":{"defaultValue":"720"},"depth":{"defaultValue":"560"}},"sequenceFactor":98},{"code":"FROM_HERE_42788","refCodes":{"manufCode":"Cyncly_W90H18_SHAKER1","sku":"Cyncly_W90H18_SHAKER1","others":{"CiC2RefCode":"DEMO_M.DEMO_M.R.42788","cic":"FROM HERE","legacyCode":"Cyncly.DEMO_M.FROM HERE.66","legacyCodeCatalog":"DEMO_M.FROM HERE.66","legacyCodeManuf":"Cyncly.FROM HERE.66","userCode":"FROM HERE"}},"names":{"main":{"en-US":"FROM HERE"}},"descriptions":{"main":{"en-US":"from here"}},"images":{"main":{"uri":"assets/images/shaker1.jpg"}},"classification":{"baseItemType":"cabinetry.front","fullItemType":"Common.Charge.Customization"},"groupRefs":["42689"],"visible":true,"sequenceOrder":1001028,"attributes":[{"attributeRef":"D:TEMPLATES_GENERAL_CAB_STYLE","value":"Frameless","overridable":false},{"attributeRef":"MANUF","value":"Cyncly_W90H18_SHAKER1","overridable":false}],"dimensions":{"width":{"defaultValue":"800"},"height":{"defaultValue":"720"},"depth":{"defaultValue":"560"}},"sequenceFactor":99},{"code":"FROM_HERE_42789","refCodes":{"manufCode":"Cyncly_W100H18_SHAKER1","sku":"Cyncly_W100H18_SHAKER1","others":{"CiC2RefCode":"DEMO_M.DEMO_M.R.42789","cic":"FROM HERE","legacyCode":"Cyncly.DEMO_M.FROM HERE.66","legacyCodeCatalog":"DEMO_M.FROM HERE.66","legacyCodeManuf":"Cyncly.FROM HERE.66","userCode":"FROM HERE"}},"names":{"main":{"en-US":"FROM HERE"}},"descriptions":{"main":{"en-US":"from here"}},"images":{"main":{"uri":"assets/images/shaker1.jpg"}},"classification":{"baseItemType":"cabinetry.front","fullItemType":"Common.Charge.Customization"},"groupRefs":["42689"],"visible":true,"sequenceOrder":1001029,"attributes":[{"attributeRef":"D:TEMPLATES_GENERAL_CAB_STYLE","value":"Frameless","overridable":false},{"attributeRef":"MANUF","value":"Cyncly_W100H18_SHAKER1","overridable":false}],"dimensions":{"width":{"defaultValue":"800"},"height":{"defaultValue":"720"},"depth":{"defaultValue":"560"}},"sequenceFactor":100},{"code":"FROM_HERE_42790","refCodes":{"manufCode":"Cyncly_W90H18_SHAKER1","sku":"Cyncly_W90H18_SHAKER1","others":{"CiC2RefCode":"DEMO_M.DEMO_M.R.42790","cic":"FROM HERE","legacyCode":"Cyncly.DEMO_M.FROM HERE.66","legacyCodeCatalog":"DEMO_M.FROM HERE.66","legacyCodeManuf":"Cyncly.FROM HERE.66","userCode":"FROM HERE"}},"names":{"main":{"en-US":"FROM HERE"}},"descriptions":{"main":{"en-US":"from here"}},"images":{"main":{"uri":"assets/images/shaker1.jpg"}},"classification":{"baseItemType":"cabinetry.front","fullItemType":"Common.Charge.Customization"},"groupRefs":["42689"],"visible":true,"sequenceOrder":1001030,"attributes":[{"attributeRef":"D:TEMPLATES_GENERAL_CAB_STYLE","value":"Frameless","overridable":false},{"attributeRef":"MANUF","value":"Cyncly_W90H18_SHAKER1","overridable":false}],"dimensions":{"width":{"defaultValue":"800"},"height":{"defaultValue":"720"},"depth":{"defaultValue":"560"}},"sequenceFactor":101},{"code":"FROM_HERE_42791","refCodes":{"manufCode":"Cyncly_W100H18_SHAKER1","sku":"Cyncly_W100H18_SHAKER1","others":{"CiC2RefCode":"DEMO_M.DEMO_M.R.42791","cic":"FROM HERE","legacyCode":"Cyncly.DEMO_M.FROM HERE.66","legacyCodeCatalog":"DEMO_M.FROM HERE.66","legacyCodeManuf":"Cyncly.FROM HERE.66","userCode":"FROM HERE"}},"names":{"main":{"en-US":"FROM HERE"}},"descriptions":{"main":{"en-US":"from here"}},"images":{"main":{"uri":"assets/images/shaker1.jpg"}},"classification":{"baseItemType":"cabinetry.front","fullItemType":"Common.Charge.Customization"},"groupRefs":["42689"],"visible":true,"sequenceOrder":1001031,"attributes":[{"attributeRef":"D:TEMPLATES_GENERAL_CAB_STYLE","value":"Frameless","overridable":false},{"attributeRef":"MANUF","value":"Cyncly_W100H18_SHAKER1","overridable":false}],"dimensions":{"width":{"defaultValue":"800"},"height":{"defaultValue":"720"},"depth":{"defaultValue":"560"}},"sequenceFactor":102},{"code":"FROM_HERE_42890","refCodes":{"manufCode":"Cyncly_W100H18_SHAKER2","sku":"Cyncly_W100H18_SHAKER2","others":{"CiC2RefCode":"DEMO_M.DEMO_M.R.42890","cic":"FROM HERE","legacyCode":"Cyncly.DEMO_M.FROM HERE.66","legacyCodeCatalog":"DEMO_M.FROM HERE.66","legacyCodeManuf":"Cyncly.FROM HERE.66","userCode":"FROM HERE"}},"names":{"main":{"en-US":"FROM HERE"}},"descriptions":{"main":{"en-US":"from here"}},"images":{"main":{"uri":"assets/images/shaker2.jpg"}},"classification":{"baseItemType":"cabinetry.front","fullItemType":"Common.Charge.Customization"},"groupRefs":["42792"],"visible":true,"sequenceOrder":1001129,"attributes":[{"attributeRef":"D:TEMPLATES_GENERAL_CAB_STYLE","value":"Frameless","overridable":false},{"attributeRef":"MANUF","value":"Cyncly_W100H18_SHAKER2","overridable":false}],"dimensions":{"width":{"defaultValue":"800"},"height":{"defaultValue":"720"},"depth":{"defaultValue":"560"}},"sequenceFactor":98},{"code":"FROM_HERE_42891","refCodes":{"manufCode":"Cyncly_W90H18_SHAKER2","sku":"Cyncly_W90H18_SHAKER2","others":{"CiC2RefCode":"DEMO_M.DEMO_M.R.42891","cic":"FROM HERE","legacyCode":"Cyncly.DEMO_M.FROM HERE.66","legacyCodeCatalog":"DEMO_M.FROM HERE.66","legacyCodeManuf":"Cyncly.FROM HERE.66","userCode":"FROM HERE"}},"names":{"main":{"en-US":"FROM HERE"}},"descriptions":{"main":{"en-US":"from here"}},"images":{"main":{"uri":"assets/images/shaker2.jpg"}},"classification":{"baseItemType":"cabinetry.front","fullItemType":"Common.Charge.Customization"},"groupRefs":["42792"],"visible":true,"sequenceOrder":1001130,"attributes":[{"attributeRef":"D:TEMPLATES_GENERAL_CAB_STYLE","value":"Frameless","overridable":false},{"attributeRef":"MANUF","value":"Cyncly_W90H18_SHAKER2","overridable":false}],"dimensions":{"width":{"defaultValue":"800"},"height":{"defaultValue":"720"},"depth":{"defaultValue":"560"}},"sequenceFactor":99},{"code":"FROM_HERE_42892","refCodes":{"manufCode":"Cyncly_W100H18_SHAKER2","sku":"Cyncly_W100H18_SHAKER2","others":{"CiC2RefCode":"DEMO_M.DEMO_M.R.42892","cic":"FROM HERE","legacyCode":"Cyncly.DEMO_M.FROM HERE.66","legacyCodeCatalog":"DEMO_M.FROM HERE.66","legacyCodeManuf":"Cyncly.FROM HERE.66","userCode":"FROM HERE"}},"names":{"main":{"en-US":"FROM HERE"}},"descriptions":{"main":{"en-US":"from here"}},"images":{"main":{"uri":"assets/images/shaker2.jpg"}},"classification":{"baseItemType":"cabinetry.front","fullItemType":"Common.Charge.Customization"},"groupRefs":["42792"],"visible":true,"sequenceOrder":1001131,"attributes":[{"attributeRef":"D:TEMPLATES_GENERAL_CAB_STYLE","value":"Frameless","overridable":false},{"attributeRef":"MANUF","value":"Cyncly_W100H18_SHAKER2","overridable":false}],"dimensions":{"width":{"defaultValue":"800"},"height":{"defaultValue":"720"},"depth":{"defaultValue":"560"}},"sequenceFactor":100},{"code":"FROM_HERE_42893","refCodes":{"manufCode":"Cyncly_W90H18_SHAKER2","sku":"Cyncly_W90H18_SHAKER2","others":{"CiC2RefCode":"DEMO_M.DEMO_M.R.42893","cic":"FROM HERE","legacyCode":"Cyncly.DEMO_M.FROM HERE.66","legacyCodeCatalog":"DEMO_M.FROM HERE.66","legacyCodeManuf":"Cyncly.FROM HERE.66","userCode":"FROM HERE"}},"names":{"main":{"en-US":"FROM HERE"}},"descriptions":{"main":{"en-US":"from here"}},"images":{"main":{"uri":"assets/images/shaker2.jpg"}},"classification":{"baseItemType":"cabinetry.front","fullItemType":"Common.Charge.Customization"},"groupRefs":["42792"],"visible":true,"sequenceOrder":1001132,"attributes":[{"attributeRef":"D:TEMPLATES_GENERAL_CAB_STYLE","value":"Frameless","overridable":false},{"attributeRef":"MANUF","value":"Cyncly_W90H18_SHAKER2","overridable":false}],"dimensions":{"width":{"defaultValue":"800"},"height":{"defaultValue":"720"},"depth":{"defaultValue":"560"}},"sequenceFactor":101},{"code":"FROM_HERE_42894","refCodes":{"manufCode":"Cyncly_W100H18_SHAKER2","sku":"Cyncly_W100H18_SHAKER2","others":{"CiC2RefCode":"DEMO_M.DEMO_M.R.42894","cic":"FROM HERE","legacyCode":"Cyncly.DEMO_M.FROM HERE.66","legacyCodeCatalog":"DEMO_M.FROM HERE.66","legacyCodeManuf":"Cyncly.FROM HERE.66","userCode":"FROM HERE"}},"names":{"main":{"en-US":"FROM HERE"}},"descriptions":{"main":{"en-US":"from here"}},"images":{"main":{"uri":"assets/images/shaker2.jpg"}},"classification":{"baseItemType":"cabinetry.front","fullItemType":"Common.Charge.Customization"},"groupRefs":["42792"],"visible":true,"sequenceOrder":1001133,"attributes":[{"attributeRef":"D:TEMPLATES_GENERAL_CAB_STYLE","value":"Frameless","overridable":false},{"attributeRef":"MANUF","value":"Cyncly_W100H18_SHAKER2","overridable":false}],"dimensions":{"width":{"defaultValue":"800"},"height":{"defaultValue":"720"},"depth":{"defaultValue":"560"}},"sequenceFactor":102},{"code":"FROM_HERE_42993","refCodes":{"manufCode":"Cyncly_W100H18_INTEGRATED1","sku":"Cyncly_W100H18_INTEGRATED1","others":{"CiC2RefCode":"DEMO_M.DEMO_M.R.42993","cic":"FROM HERE","legacyCode":"Cyncly.DEMO_M.FROM HERE.66","legacyCodeCatalog":"DEMO_M.FROM HERE.66","legacyCodeManuf":"Cyncly.FROM HERE.66","userCode":"FROM HERE"}},"names":{"main":{"en-US":"FROM HERE"}},"descriptions":{"main":{"en-US":"from here"}},"images":{"main":{"uri":"assets/images/integrated1.jpg"}},"classification":{"baseItemType":"cabinetry.front","fullItemType":"Common.Charge.Customization"},"groupRefs":["42895"],"visible":true,"sequenceOrder":1001231,"attributes":[{"attributeRef":"D:TEMPLATES_GENERAL_CAB_STYLE","value":"Frameless","overridable":false},{"attributeRef":"MANUF","value":"Cyncly_W100H18_INTEGRATED1","overridable":false}],"dimensions":{"width":{"defaultValue":"800"},"height":{"defaultValue":"720"},"depth":{"defaultValue":"560"}},"sequenceFactor":98},{"code":"FROM_HERE_42994","refCodes":{"manufCode":"Cyncly_W90H18_INTEGRATED1","sku":"Cyncly_W90H18_INTEGRATED1","others":{"CiC2RefCode":"DEMO_M.DEMO_M.R.42994","cic":"FROM HERE","legacyCode":"Cyncly.DEMO_M.FROM HERE.66","legacyCodeCatalog":"DEMO_M.FROM HERE.66","legacyCodeManuf":"Cyncly.FROM HERE.66","userCode":"FROM HERE"}},"names":{"main":{"en-US":"FROM HERE"}},"descriptions":{"main":{"en-US":"from here"}},"images":{"main":{"uri":"assets/images/integrated1.jpg"}},"classification":{"baseItemType":"cabinetry.front","fullItemType":"Common.Charge.Customization"},"groupRefs":["42895"],"visible":true,"sequenceOrder":1001232,"attributes":[{"attributeRef":"D:TEMPLATES_GENERAL_CAB_STYLE","value":"Frameless","overridable":false},{"attributeRef":"MANUF","value":"Cyncly_W90H18_INTEGRATED1","overridable":false}],"dimensions":{"width":{"defaultValue":"800"},"height":{"defaultValue":"720"},"depth":{"defaultValue":"560"}},"sequenceFactor":99},{"code":"FROM_HERE_42995","refCodes":{"manufCode":"Cyncly_W100H18_INTEGRATED1","sku":"Cyncly_W100H18_INTEGRATED1","others":{"CiC2RefCode":"DEMO_M.DEMO_M.R.42995","cic":"FROM HERE","legacyCode":"Cyncly.DEMO_M.FROM HERE.66","legacyCodeCatalog":"DEMO_M.FROM HERE.66","legacyCodeManuf":"Cyncly.FROM HERE.66","userCode":"FROM HERE"}},"names":{"main":{"en-US":"FROM HERE"}},"descriptions":{"main":{"en-US":"from here"}},"images":{"main":{"uri":"assets/images/integrated1.jpg"}},"classification":{"baseItemType":"cabinetry.front","fullItemType":"Common.Charge.Customization"},"groupRefs":["42895"],"visible":true,"sequenceOrder":1001233,"attributes":[{"attributeRef":"D:TEMPLATES_GENERAL_CAB_STYLE","value":"Frameless","overridable":false},{"attributeRef":"MANUF","value":"Cyncly_W100H18_INTEGRATED1","overridable":false}],"dimensions":{"width":{"defaultValue":"800"},"height":{"defaultValue":"720"},"depth":{"defaultValue":"560"}},"sequenceFactor":100},{"code":"FROM_HERE_42996","refCodes":{"manufCode":"Cyncly_W90H18_INTEGRATED1","sku":"Cyncly_W90H18_INTEGRATED1","others":{"CiC2RefCode":"DEMO_M.DEMO_M.R.42996","cic":"FROM HERE","legacyCode":"Cyncly.DEMO_M.FROM HERE.66","legacyCodeCatalog":"DEMO_M.FROM HERE.66","legacyCodeManuf":"Cyncly.FROM HERE.66","userCode":"FROM HERE"}},"names":{"main":{"en-US":"FROM HERE"}},"descriptions":{"main":{"en-US":"from here"}},"images":{"main":{"uri":"assets/images/integrated1.jpg"}},"classification":{"baseItemType":"cabinetry.front","fullItemType":"Common.Charge.Customization"},"groupRefs":["42895"],"visible":true,"sequenceOrder":1001234,"attributes":[{"attributeRef":"D:TEMPLATES_GENERAL_CAB_STYLE","value":"Frameless","overridable":false},{"attributeRef":"MANUF","value":"Cyncly_W90H18_INTEGRATED1","overridable":false}],"dimensions":{"width":{"defaultValue":"800"},"height":{"defaultValue":"720"},"depth":{"defaultValue":"560"}},"sequenceFactor":101},{"code":"FROM_HERE_42997","refCodes":{"manufCode":"Cyncly_W100H18_INTEGRATED1","sku":"Cyncly_W100H18_INTEGRATED1","others":{"CiC2RefCode":"DEMO_M.DEMO_M.R.42997","cic":"FROM HERE","legacyCode":"Cyncly.DEMO_M.FROM HERE.66","legacyCodeCatalog":"DEMO_M.FROM HERE.66","legacyCodeManuf":"Cyncly.FROM HERE.66","userCode":"FROM HERE"}},"names":{"main":{"en-US":"FROM HERE"}},"descriptions":{"main":{"en-US":"from here"}},"images":{"main":{"uri":"assets/images/integrated1.jpg"}},"classification":{"baseItemType":"cabinetry.front","fullItemType":"Common.Charge.Customization"},"groupRefs":["42895"],"visible":true,"sequenceOrder":1001235,"attributes":[{"attributeRef":"D:TEMPLATES_GENERAL_CAB_STYLE","value":"Frameless","overridable":false},{"attributeRef":"MANUF","value":"Cyncly_W100H18_INTEGRATED1","overridable":false}],"dimensions":{"width":{"defaultValue":"800"},"height":{"defaultValue":"720"},"depth":{"defaultValue":"560"}},"sequenceFactor":102},{"code":"INSET1","refCodes":{"manufCode":"INSET1","others":{"CiC2RefCode":"DEMO_M.DEMO_M.R.43023","cic":"INSET1","legacyCode":"Cyncly.DEMO_M.INSET1.10","legacyCodeCatalog":"DEMO_M.INSET1.10","legacyCodeManuf":"Cyncly.INSET1.10","userCode":"INSET1"}},"names":{"main":{"en-US":"INSET1"}},"descriptions":{"main":{"en-US":"White"},"short":{"en-US":"White"}},"images":{"main":{"uri":"assets/images/inset1.jpg"}},"classification":{"fullItemType":"Common.Charge.Customization"},"groupRefs":["43017"],"visible":false,"sequenceOrder":1001260,"attributes":[{"attributeRef":"D:TEMPLATES_GENERAL_CAB_STYLE","value":"Frameless","overridable":false},{"attributeRef":"D:COMMON_BASE_DOORSTYLE","value":"12","overridable":false},{"attributeRef":"D:COMMON_DRAWERSTYLE_GEN","value":"12","overridable":false},{"attributeRef":"D:COMMON_TALL_DOORSTYLE","value":"12","overridable":false},{"attributeRef":"D:COMMON_WALL_DOORSTYLE","value":"12","overridable":false},{"attributeRef":"D:COMMON_DEF_FINISH","value":"FULL_FIN","overridable":false}],"dimensions":{"width":{"defaultValue":"500"},"height":{"defaultValue":"720"},"depth":{"defaultValue":"560"}},"sequenceFactor":1},{"code":"INSET2","refCodes":{"manufCode":"INSET2","others":{"CiC2RefCode":"DEMO_M.DEMO_M.R.43024","cic":"INSET2","legacyCode":"Cyncly.DEMO_M.INSET2.10","legacyCodeCatalog":"DEMO_M.INSET2.10","legacyCodeManuf":"Cyncly.INSET2.10","userCode":"INSET2"}},"names":{"main":{"en-US":"INSET2"}},"descriptions":{"main":{"en-US":"Beech"},"short":{"en-US":"Beech"}},"images":{"main":{"uri":"assets/images/inset2.jpg"}},"classification":{"fullItemType":"Common.Charge.Customization"},"groupRefs":["43017"],"visible":false,"sequenceOrder":1001261,"attributes":[{"attributeRef":"D:TEMPLATES_GENERAL_CAB_STYLE","value":"Frameless","overridable":false},{"attributeRef":"D:COMMON_BASE_DOORSTYLE","value":"12","overridable":false},{"attributeRef":"D:COMMON_DRAWERSTYLE_GEN","value":"12","overridable":false},{"attributeRef":"D:COMMON_TALL_DOORSTYLE","value":"12","overridable":false},{"attributeRef":"D:COMMON_WALL_DOORSTYLE","value":"12","overridable":false},{"attributeRef":"D:COMMON_DEF_FINISH","value":"FULL_FIN","overridable":false}],"dimensions":{"width":{"defaultValue":"500"},"height":{"defaultValue":"720"},"depth":{"defaultValue":"560"}},"sequenceFactor":2},{"code":"INTEGRATED1","refCodes":{"manufCode":"INTEGRATED1","others":{"CiC2RefCode":"DEMO_M.DEMO_M.R.43037","cic":"INTEGRATED1","legacyCode":"Cyncly.DEMO_M.INTEGRATED1.10","legacyCodeCatalog":"DEMO_M.INTEGRATED1.10","legacyCodeManuf":"Cyncly.INTEGRATED1.10","userCode":"INTEGRATED1"}},"names":{"main":{"en-US":"INTEGRATED1"}},"descriptions":{"main":{"en-US":"Ice Blue"},"short":{"en-US":"Ice Blue"}},"images":{"main":{"uri":"assets/images/integrated1.jpg"}},"classification":{"fullItemType":"Common.Charge.Customization"},"groupRefs":["43034"],"visible":false,"sequenceOrder":1001264,"attributes":[{"attributeRef":"D:TEMPLATES_GENERAL_CAB_STYLE","value":"Frameless","overridable":false},{"attributeRef":"D:COMMON_BASE_DOORSTYLE","value":"612_prpl","overridable":false},{"attributeRef":"D:COMMON_DRAWERSTYLE_GEN","value":"612_prpl","overridable":false},{"attributeRef":"D:COMMON_TALL_DOORSTYLE","value":"613_prpl","overridable":false},{"attributeRef":"D:COMMON_WALL_DOORSTYLE","value":"612_prpl","overridable":false},{"attributeRef":"D:COMMON_DEF_FINISH","value":"FULL_FIN","overridable":false},{"attributeRef":"D:COMMON_DOOR_HANDLESTYLE","value":"0","overridable":false}],"dimensions":{"width":{"defaultValue":"500"},"height":{"defaultValue":"720"},"depth":{"defaultValue":"560"}},"sequenceFactor":1},{"code":"NHDL","refCodes":{"manufCode":"NHDL","others":{"CiC2RefCode":"DEMO_M.DEMO_M.R.36706","cic":"NHDL","legacyCode":"Cyncly.DEMO_M.NHDL.10","legacyCodeCatalog":"DEMO_M.NHDL.10","legacyCodeManuf":"Cyncly.NHDL.10","userCode":"NHDL"}},"names":{"main":{"en-US":"NHDL"}},"descriptions":{"main":{"en-US":"No Handle"},"short":{"en-US":"No Handle"}},"images":{"main":{"uri":"assets/images/none.jpg"}},"classification":{"fullItemType":"Common.Charge.Customization"},"groupRefs":["35857"],"visible":false,"sequenceOrder":1001279,"attributes":[{"attributeRef":"D:COMMON_HANDLE_HEIGHT","value":"13","overridable":false},{"attributeRef":"D:COMMON_HANDLE_WIDTH","value":"150","overridable":false},{"attributeRef":"D:COMMON_DRAWERHANDLE_HEIGHT","value":"13","overridable":false},{"attributeRef":"D:COMMON_DRAWERHANDLE_WIDTH","value":"150","overridable":false},{"attributeRef":"D:TEMPLATES_GENERAL_CAB_STYLE","value":"Frameless","overridable":false},{"attributeRef":"D:COMMON_DRAWER_HANDLESTYLE","value":"0","overridable":false},{"attributeRef":"D:COMMON_DOOR_HANDLESTYLE","value":"0","overridable":false},{"attributeRef":"MANUF","value":"NHDL","overridable":false}],"dimensions":{"width":{"defaultValue":"800"},"height":{"defaultValue":"720"},"depth":{"defaultValue":"560"}},"sequenceFactor":15},{"code":"PULL1","refCodes":{"manufCode":"PULL1","sku":"PULL1","others":{"CiC2RefCode":"DEMO_M.DEMO_M.R.38935","cic":"PULL1","legacyCode":"Cyncly.DEMO_M.PULL1.10","legacyCodeCatalog":"DEMO_M.PULL1.10","legacyCodeManuf":"Cyncly.PULL1.10","userCode":"PULL1"}},"names":{"main":{"en-US":"PULL1"}},"descriptions":{"main":{"en-US":"Nickel Brushed 172mm"},"short":{"en-US":"Nickel Brushed 172X26mm H1950"}},"images":{"main":{"uri":"assets/images/pull1.jpg"}},"classification":{"baseItemType":"cabinetry.handle","fullItemType":"Common.Charge.Customization"},"groupRefs":["35857"],"visible":false,"sequenceOrder":1001265,"attributes":[{"attributeRef":"D:COMMON_HANDLE_HEIGHT","value":"13","overridable":false},{"attributeRef":"D:COMMON_HANDLE_WIDTH","value":"172","overridable":false},{"attributeRef":"D:COMMON_DRAWERHANDLE_HEIGHT","value":"13","overridable":false},{"attributeRef":"D:COMMON_DRAWERHANDLE_WIDTH","value":"172","overridable":false},{"attributeRef":"D:TEMPLATES_GENERAL_CAB_STYLE","value":"Frameless","overridable":false},{"attributeRef":"D:COMMON_DRAWER_HANDLESTYLE","value":"15","overridable":false},{"attributeRef":"D:COMMON_DOOR_HANDLESTYLE","value":"15","overridable":false},{"attributeRef":"MANUF","value":"PULL1","overridable":false}],"dimensions":{"width":{"defaultValue":"800"},"height":{"defaultValue":"720"},"depth":{"defaultValue":"560"}},"sequenceFactor":1},{"code":"PULL10","refCodes":{"manufCode":"PULL10","sku":"PULL10","others":{"CiC2RefCode":"DEMO_M.DEMO_M.R.35867","cic":"PULL10","legacyCode":"Cyncly.DEMO_M.PULL10.10","legacyCodeCatalog":"DEMO_M.PULL10.10","legacyCodeManuf":"Cyncly.PULL10.10","userCode":"PULL10"}},"names":{"main":{"en-US":"PULL10"}},"descriptions":{"main":{"en-US":"T-Bar Handle 96mm"},"short":{"en-US":"Matt Chrome Plated T-Bar Handle 96mm"}},"images":{"main":{"uri":"assets/images/pull10.jpg"}},"classification":{"fullItemType":"Common.Charge.Customization"},"groupRefs":["35857"],"visible":false,"sequenceOrder":1001274,"attributes":[{"attributeRef":"D:COMMON_HANDLE_HEIGHT","value":"13","overridable":false},{"attributeRef":"D:COMMON_HANDLE_WIDTH","value":"96","overridable":false},{"attributeRef":"D:COMMON_DRAWERHANDLE_HEIGHT","value":"13","overridable":false},{"attributeRef":"D:COMMON_DRAWERHANDLE_WIDTH","value":"96","overridable":false},{"attributeRef":"D:TEMPLATES_GENERAL_CAB_STYLE","value":"Frameless","overridable":false},{"attributeRef":"D:COMMON_DRAWER_HANDLESTYLE","value":"121_Nobilia","overridable":false},{"attributeRef":"D:COMMON_DOOR_HANDLESTYLE","value":"121_Nobilia","overridable":false},{"attributeRef":"MANUF","value":"PULL10","overridable":false}],"dimensions":{"width":{"defaultValue":"800"},"height":{"defaultValue":"720"},"depth":{"defaultValue":"560"}},"sequenceFactor":10},{"code":"PULL11","refCodes":{"manufCode":"PULL11","sku":"PULL11","others":{"CiC2RefCode":"DEMO_M.DEMO_M.R.35868","cic":"PULL11","legacyCode":"Cyncly.DEMO_M.PULL11.10","legacyCodeCatalog":"DEMO_M.PULL11.10","legacyCodeManuf":"Cyncly.PULL11.10","userCode":"PULL11"}},"names":{"main":{"en-US":"PULL11"}},"descriptions":{"main":{"en-US":"T-Bar Handle 128mm"},"short":{"en-US":"Matt Black Steel T-Bar Handle 128mm"}},"images":{"main":{"uri":"assets/images/pull11.jpg"}},"classification":{"fullItemType":"Common.Charge.Customization"},"groupRefs":["35857"],"visible":false,"sequenceOrder":1001275,"attributes":[{"attributeRef":"D:COMMON_HANDLE_HEIGHT","value":"13","overridable":false},{"attributeRef":"D:COMMON_HANDLE_WIDTH","value":"128","overridable":false},{"attributeRef":"D:COMMON_DRAWERHANDLE_HEIGHT","value":"13","overridable":false},{"attributeRef":"D:COMMON_DRAWERHANDLE_WIDTH","value":"128","overridable":false},{"attributeRef":"D:TEMPLATES_GENERAL_CAB_STYLE","value":"Frameless","overridable":false},{"attributeRef":"D:COMMON_DRAWER_HANDLESTYLE","value":"121_Nobilia","overridable":false},{"attributeRef":"D:COMMON_DOOR_HANDLESTYLE","value":"121_Nobilia","overridable":false},{"attributeRef":"MANUF","value":"PULL11","overridable":false}],"dimensions":{"width":{"defaultValue":"800"},"height":{"defaultValue":"720"},"depth":{"defaultValue":"560"}},"sequenceFactor":11},{"code":"PULL12","refCodes":{"manufCode":"PULL12","sku":"PULL12","others":{"CiC2RefCode":"DEMO_M.DEMO_M.R.36536","cic":"PULL12","legacyCode":"Cyncly.DEMO_M.PULL12.10","legacyCodeCatalog":"DEMO_M.PULL12.10","legacyCodeManuf":"Cyncly.PULL12.10","userCode":"PULL12"}},"names":{"main":{"en-US":"PULL12"}},"descriptions":{"main":{"en-US":"Edge Grip Chrome 172mm"},"short":{"en-US":"Pull Handle Matt Plated Chrome 172mm"}},"images":{"main":{"uri":"assets/images/pull12.jpg"}},"classification":{"fullItemType":"Common.Charge.Customization"},"groupRefs":["35857"],"visible":false,"sequenceOrder":1001276,"attributes":[{"attributeRef":"D:COMMON_HANDLE_HEIGHT","value":"25","overridable":false},{"attributeRef":"D:COMMON_HANDLE_WIDTH","value":"172","overridable":false},{"attributeRef":"D:COMMON_DRAWERHANDLE_HEIGHT","value":"25","overridable":false},{"attributeRef":"D:COMMON_DRAWERHANDLE_WIDTH","value":"172","overridable":false},{"attributeRef":"D:TEMPLATES_GENERAL_CAB_STYLE","value":"Frameless","overridable":false},{"attributeRef":"D:COMMON_DRAWER_HANDLESTYLE","value":"3945000","overridable":false},{"attributeRef":"D:COMMON_DOOR_HANDLESTYLE","value":"3945000","overridable":false},{"attributeRef":"MANUF","value":"PULL12","overridable":false}],"dimensions":{"width":{"defaultValue":"25"},"height":{"defaultValue":"720"},"depth":{"defaultValue":"25"}},"sequenceFactor":12},{"code":"PULL13","refCodes":{"manufCode":"PULL13","sku":"PULL13","others":{"CiC2RefCode":"DEMO_M.DEMO_M.R.36544","cic":"PULL13","legacyCode":"Cyncly.DEMO_M.PULL13.10","legacyCodeCatalog":"DEMO_M.PULL13.10","legacyCodeManuf":"Cyncly.PULL13.10","userCode":"PULL13"}},"names":{"main":{"en-US":"PULL13"}},"descriptions":{"main":{"en-US":"Edge Grip Black 172mm"},"short":{"en-US":"Pull Handle Matt Black Zinc 172mm"}},"images":{"main":{"uri":"assets/images/pull13.jpg"}},"classification":{"fullItemType":"Common.Charge.Customization"},"groupRefs":["35857"],"visible":false,"sequenceOrder":1001277,"attributes":[{"attributeRef":"D:COMMON_HANDLE_HEIGHT","value":"25","overridable":false},{"attributeRef":"D:COMMON_HANDLE_WIDTH","value":"172","overridable":false},{"attributeRef":"D:COMMON_DRAWERHANDLE_HEIGHT","value":"25","overridable":false},{"attributeRef":"D:COMMON_DRAWERHANDLE_WIDTH","value":"172","overridable":false},{"attributeRef":"D:TEMPLATES_GENERAL_CAB_STYLE","value":"Frameless","overridable":false},{"attributeRef":"D:COMMON_DRAWER_HANDLESTYLE","value":"3945000","overridable":false},{"attributeRef":"D:COMMON_DOOR_HANDLESTYLE","value":"3945000","overridable":false},{"attributeRef":"MANUF","value":"PULL13","overridable":false}],"dimensions":{"width":{"defaultValue":"172"},"height":{"defaultValue":"720"},"depth":{"defaultValue":"560"}},"sequenceFactor":13},{"code":"PULL14","refCodes":{"manufCode":"PULL14","sku":"PULL14","others":{"CiC2RefCode":"DEMO_M.DEMO_M.R.36540","cic":"PULL14","legacyCode":"Cyncly.DEMO_M.PULL14.10","legacyCodeCatalog":"DEMO_M.PULL14.10","legacyCodeManuf":"Cyncly.PULL14.10","userCode":"PULL14"}},"names":{"main":{"en-US":"PULL14"}},"descriptions":{"main":{"en-US":"Stainless Steel D Handle 136mm"},"short":{"en-US":"Stainless Steel D Handle 136mm"}},"images":{"main":{"uri":"assets/images/pull14.jpg"}},"classification":{"fullItemType":"Common.Charge.Customization"},"groupRefs":["35857"],"visible":false,"sequenceOrder":1001278,"attributes":[{"attributeRef":"D:COMMON_HANDLE_HEIGHT","value":"13","overridable":false},{"attributeRef":"D:COMMON_HANDLE_WIDTH","value":"136","overridable":false},{"attributeRef":"D:COMMON_DRAWERHANDLE_HEIGHT","value":"13","overridable":false},{"attributeRef":"D:COMMON_DRAWERHANDLE_WIDTH","value":"136","overridable":false},{"attributeRef":"D:TEMPLATES_GENERAL_CAB_STYLE","value":"Frameless","overridable":false},{"attributeRef":"D:COMMON_DRAWER_HANDLESTYLE","value":"8140995","overridable":false},{"attributeRef":"D:COMMON_DOOR_HANDLESTYLE","value":"8140995","overridable":false},{"attributeRef":"MANUF","value":"PULL14","overridable":false}],"dimensions":{"width":{"defaultValue":"800"},"height":{"defaultValue":"720"},"depth":{"defaultValue":"560"}},"sequenceFactor":14},{"code":"PULL2","refCodes":{"manufCode":"PULL2","sku":"PULL2","others":{"CiC2RefCode":"DEMO_M.DEMO_M.R.38936","cic":"PULL2","legacyCode":"Cyncly.DEMO_M.PULL2.10","legacyCodeCatalog":"DEMO_M.PULL2.10","legacyCodeManuf":"Cyncly.PULL2.10","userCode":"PULL2"}},"names":{"main":{"en-US":"PULL2"}},"descriptions":{"main":{"en-US":"Black Matt 172mm"},"short":{"en-US":"Black Matt 172X26mm H1950"}},"images":{"main":{"uri":"assets/images/pull2.jpg"}},"classification":{"fullItemType":"Common.Charge.Customization"},"groupRefs":["35857"],"visible":false,"sequenceOrder":1001266,"attributes":[{"attributeRef":"D:COMMON_HANDLE_HEIGHT","value":"13","overridable":false},{"attributeRef":"D:COMMON_HANDLE_WIDTH","value":"172","overridable":false},{"attributeRef":"D:COMMON_DRAWERHANDLE_HEIGHT","value":"13","overridable":false},{"attributeRef":"D:COMMON_DRAWERHANDLE_WIDTH","value":"172","overridable":false},{"attributeRef":"D:TEMPLATES_GENERAL_CAB_STYLE","value":"Frameless","overridable":false},{"attributeRef":"D:COMMON_DRAWER_HANDLESTYLE","value":"15","overridable":false},{"attributeRef":"D:COMMON_DOOR_HANDLESTYLE","value":"15","overridable":false},{"attributeRef":"MANUF","value":"PULL2","overridable":false}],"dimensions":{"width":{"defaultValue":"800"},"height":{"defaultValue":"720"},"depth":{"defaultValue":"560"}},"sequenceFactor":2},{"code":"PULL3","refCodes":{"manufCode":"PULL3","sku":"PULL3","others":{"CiC2RefCode":"DEMO_M.DEMO_M.R.38937","cic":"PULL3","legacyCode":"Cyncly.DEMO_M.PULL3.10","legacyCodeCatalog":"DEMO_M.PULL3.10","legacyCodeManuf":"Cyncly.PULL3.10","userCode":"PULL3"}},"names":{"main":{"en-US":"PULL3"}},"descriptions":{"main":{"en-US":"Square U-Shaped 168mm Black"},"short":{"en-US":"Square Inner Curved Black Matt 168X27mm"}},"images":{"main":{"uri":"assets/images/pull3.jpg"}},"classification":{"fullItemType":"Common.Charge.Customization"},"groupRefs":["35857"],"visible":false,"sequenceOrder":1001267,"attributes":[{"attributeRef":"D:COMMON_HANDLE_HEIGHT","value":"13","overridable":false},{"attributeRef":"D:COMMON_HANDLE_WIDTH","value":"168","overridable":false},{"attributeRef":"D:COMMON_DRAWERHANDLE_HEIGHT","value":"13","overridable":false},{"attributeRef":"D:COMMON_DRAWERHANDLE_WIDTH","value":"168","overridable":false},{"attributeRef":"D:TEMPLATES_GENERAL_CAB_STYLE","value":"Frameless","overridable":false},{"attributeRef":"D:COMMON_DRAWER_HANDLESTYLE","value":"8140995","overridable":false},{"attributeRef":"D:COMMON_DOOR_HANDLESTYLE","value":"8140995","overridable":false},{"attributeRef":"MANUF","value":"PULL3","overridable":false}],"dimensions":{"width":{"defaultValue":"800"},"height":{"defaultValue":"720"},"depth":{"defaultValue":"560"}},"sequenceFactor":3},{"code":"PULL4","refCodes":{"manufCode":"PULL4","sku":"PULL4","others":{"CiC2RefCode":"DEMO_M.DEMO_M.R.38938","cic":"PULL4","legacyCode":"Cyncly.DEMO_M.PULL4.10","legacyCodeCatalog":"DEMO_M.PULL4.10","legacyCodeManuf":"Cyncly.PULL4.10","userCode":"PULL4"}},"names":{"main":{"en-US":"PULL4"}},"descriptions":{"main":{"en-US":"Square U-Shaped 168mm Stainless Steel"},"short":{"en-US":"Square Inner Curved Stainless Steel Colour 168X27mm"}},"images":{"main":{"uri":"assets/images/pull4.jpg"}},"classification":{"fullItemType":"Common.Charge.Customization"},"groupRefs":["35857"],"visible":false,"sequenceOrder":1001268,"attributes":[{"attributeRef":"D:COMMON_HANDLE_HEIGHT","value":"13","overridable":false},{"attributeRef":"D:COMMON_HANDLE_WIDTH","value":"168","overridable":false},{"attributeRef":"D:COMMON_DRAWERHANDLE_HEIGHT","value":"13","overridable":false},{"attributeRef":"D:COMMON_DRAWERHANDLE_WIDTH","value":"168","overridable":false},{"attributeRef":"D:TEMPLATES_GENERAL_CAB_STYLE","value":"Frameless","overridable":false},{"attributeRef":"D:COMMON_DRAWER_HANDLESTYLE","value":"8140995","overridable":false},{"attributeRef":"D:COMMON_DOOR_HANDLESTYLE","value":"8140995","overridable":false},{"attributeRef":"MANUF","value":"PULL4","overridable":false}],"dimensions":{"width":{"defaultValue":"800"},"height":{"defaultValue":"720"},"depth":{"defaultValue":"560"}},"sequenceFactor":4},{"code":"PULL5","refCodes":{"manufCode":"PULL5","sku":"PULL5","others":{"CiC2RefCode":"DEMO_M.DEMO_M.R.38939","cic":"PULL5","legacyCode":"Cyncly.DEMO_M.PULL5.10","legacyCodeCatalog":"DEMO_M.PULL5.10","legacyCodeManuf":"Cyncly.PULL5.10","userCode":"PULL5"}},"names":{"main":{"en-US":"PULL5"}},"descriptions":{"main":{"en-US":"Square Bar Chrome 138mm"},"short":{"en-US":"Square Bar Thin Stainless Steel Colour 138X28mm"}},"images":{"main":{"uri":"assets/images/pull5.jpg"}},"classification":{"fullItemType":"Common.Charge.Customization"},"groupRefs":["35857"],"visible":false,"sequenceOrder":1001269,"attributes":[{"attributeRef":"D:COMMON_HANDLE_HEIGHT","value":"14","overridable":false},{"attributeRef":"D:COMMON_HANDLE_WIDTH","value":"138","overridable":false},{"attributeRef":"D:COMMON_DRAWERHANDLE_HEIGHT","value":"14","overridable":false},{"attributeRef":"D:COMMON_DRAWERHANDLE_WIDTH","value":"138","overridable":false},{"attributeRef":"D:TEMPLATES_GENERAL_CAB_STYLE","value":"Frameless","overridable":false},{"attributeRef":"D:COMMON_DRAWER_HANDLESTYLE","value":"1","overridable":false},{"attributeRef":"D:COMMON_DOOR_HANDLESTYLE","value":"1","overridable":false},{"attributeRef":"MANUF","value":"PULL5","overridable":false}],"dimensions":{"width":{"defaultValue":"800"},"height":{"defaultValue":"720"},"depth":{"defaultValue":"560"}},"sequenceFactor":5},{"code":"PULL6","refCodes":{"manufCode":"PULL6","sku":"PULL6","others":{"CiC2RefCode":"DEMO_M.DEMO_M.R.38940","cic":"PULL6","legacyCode":"Cyncly.DEMO_M.PULL6.10","legacyCodeCatalog":"DEMO_M.PULL6.10","legacyCodeManuf":"Cyncly.PULL6.10","userCode":"PULL6"}},"names":{"main":{"en-US":"PULL6"}},"descriptions":{"main":{"en-US":"Square Black Matt 138mm"},"short":{"en-US":"Square Bar Thin Black Matt 138X28mm"}},"images":{"main":{"uri":"assets/images/pull6.jpg"}},"classification":{"fullItemType":"Common.Charge.Customization"},"groupRefs":["35857"],"visible":false,"sequenceOrder":1001270,"attributes":[{"attributeRef":"D:COMMON_HANDLE_HEIGHT","value":"13","overridable":false},{"attributeRef":"D:COMMON_HANDLE_WIDTH","value":"138","overridable":false},{"attributeRef":"D:COMMON_DRAWERHANDLE_HEIGHT","value":"13","overridable":false},{"attributeRef":"D:COMMON_DRAWERHANDLE_WIDTH","value":"138","overridable":false},{"attributeRef":"D:TEMPLATES_GENERAL_CAB_STYLE","value":"Frameless","overridable":false},{"attributeRef":"D:COMMON_DRAWER_HANDLESTYLE","value":"1","overridable":false},{"attributeRef":"D:COMMON_DOOR_HANDLESTYLE","value":"1","overridable":false},{"attributeRef":"MANUF","value":"PULL6","overridable":false}],"dimensions":{"width":{"defaultValue":"800"},"height":{"defaultValue":"720"},"depth":{"defaultValue":"560"}},"sequenceFactor":6},{"code":"PULL7","refCodes":{"manufCode":"PULL7","sku":"PULL7","others":{"CiC2RefCode":"DEMO_M.DEMO_M.R.35860","cic":"PULL7","legacyCode":"Cyncly.DEMO_M.PULL7.10","legacyCodeCatalog":"DEMO_M.PULL7.10","legacyCodeManuf":"Cyncly.PULL7.10","userCode":"PULL7"}},"names":{"main":{"en-US":"PULL7"}},"descriptions":{"main":{"en-US":"Stainless Steel 170mm"},"short":{"en-US":"Stainless Steel Matt D Handle 170mm"}},"images":{"main":{"uri":"assets/images/pull7.jpg"}},"classification":{"fullItemType":"Common.Charge.Customization"},"groupRefs":["35857"],"visible":false,"sequenceOrder":1001271,"attributes":[{"attributeRef":"D:COMMON_HANDLE_HEIGHT","value":"13","overridable":false},{"attributeRef":"D:COMMON_HANDLE_WIDTH","value":"192","overridable":false},{"attributeRef":"D:COMMON_DRAWERHANDLE_HEIGHT","value":"13","overridable":false},{"attributeRef":"D:COMMON_DRAWERHANDLE_WIDTH","value":"192","overridable":false},{"attributeRef":"D:TEMPLATES_GENERAL_CAB_STYLE","value":"Frameless","overridable":false},{"attributeRef":"D:COMMON_DRAWER_HANDLESTYLE","value":"1","overridable":false},{"attributeRef":"D:COMMON_DOOR_HANDLESTYLE","value":"1","overridable":false},{"attributeRef":"MANUF","value":"PULL7","overridable":false}],"dimensions":{"width":{"defaultValue":"800"},"height":{"defaultValue":"720"},"depth":{"defaultValue":"560"}},"sequenceFactor":7},{"code":"PULL8","refCodes":{"manufCode":"PULL8","sku":"PULL8","others":{"CiC2RefCode":"DEMO_M.DEMO_M.R.35865","cic":"PULL8","legacyCode":"Cyncly.DEMO_M.PULL8.10","legacyCodeCatalog":"DEMO_M.PULL8.10","legacyCodeManuf":"Cyncly.PULL8.10","userCode":"PULL8"}},"names":{"main":{"en-US":"PULL8"}},"descriptions":{"main":{"en-US":"Knob 16mm"},"short":{"en-US":"Polished Chrome Knob - Finger Post 16mm"}},"images":{"main":{"uri":"assets/images/pull8.jpg"}},"classification":{"fullItemType":"Common.Charge.Customization"},"groupRefs":["35857"],"visible":false,"sequenceOrder":1001272,"attributes":[{"attributeRef":"D:COMMON_HANDLE_HEIGHT","value":"16","overridable":false},{"attributeRef":"D:COMMON_HANDLE_WIDTH","value":"16","overridable":false},{"attributeRef":"D:COMMON_DRAWERHANDLE_HEIGHT","value":"16","overridable":false},{"attributeRef":"D:COMMON_DRAWERHANDLE_WIDTH","value":"16","overridable":false},{"attributeRef":"D:TEMPLATES_GENERAL_CAB_STYLE","value":"Frameless","overridable":false},{"attributeRef":"D:COMMON_DRAWER_HANDLESTYLE","value":"34","overridable":false},{"attributeRef":"D:COMMON_DOOR_HANDLESTYLE","value":"34","overridable":false},{"attributeRef":"MANUF","value":"PULL8","overridable":false}],"dimensions":{"width":{"defaultValue":"800"},"height":{"defaultValue":"720"},"depth":{"defaultValue":"560"}},"sequenceFactor":8},{"code":"PULL9","refCodes":{"manufCode":"PULL9","sku":"PULL9","others":{"CiC2RefCode":"DEMO_M.DEMO_M.R.35866","cic":"PULL9","legacyCode":"Cyncly.DEMO_M.PULL9.10","legacyCodeCatalog":"DEMO_M.PULL9.10","legacyCodeManuf":"Cyncly.PULL9.10","userCode":"PULL9"}},"names":{"main":{"en-US":"PULL9"}},"descriptions":{"main":{"en-US":"Knob 27mm"},"short":{"en-US":"Knob Antique Iron 27mm"}},"images":{"main":{"uri":"assets/images/pull9.jpg"}},"classification":{"fullItemType":"Common.Charge.Customization"},"groupRefs":["35857"],"visible":false,"sequenceOrder":1001273,"attributes":[{"attributeRef":"D:COMMON_HANDLE_HEIGHT","value":"30","overridable":false},{"attributeRef":"D:COMMON_HANDLE_WIDTH","value":"27","overridable":false},{"attributeRef":"D:COMMON_DRAWERHANDLE_HEIGHT","value":"30","overridable":false},{"attributeRef":"D:COMMON_DRAWERHANDLE_WIDTH","value":"27","overridable":false},{"attributeRef":"D:TEMPLATES_GENERAL_CAB_STYLE","value":"Frameless","overridable":false},{"attributeRef":"D:COMMON_DRAWER_HANDLESTYLE","value":"94","overridable":false},{"attributeRef":"D:COMMON_DOOR_HANDLESTYLE","value":"94","overridable":false},{"attributeRef":"MANUF","value":"PULL9","overridable":false}],"dimensions":{"width":{"defaultValue":"800"},"height":{"defaultValue":"720"},"depth":{"defaultValue":"560"}},"sequenceFactor":9},{"code":"PULL_1","refCodes":{"manufCode":"491.42.405","sku":"#SKU#","others":{"CiC2RefCode":"DEMO_M.DEMO_M.R.38945","cic":"PULL_1","legacyCode":"Cyncly.DEMO_M.PULL_1.66","legacyCodeCatalog":"DEMO_M.PULL_1.66","legacyCodeManuf":"Cyncly.PULL_1.66","userCode":"PULL_1"}},"names":{"main":{"en-US":"PULL_1"}},"descriptions":{"main":{"en-US":"Brass Brushed 176X36mm H1925"}},"images":{"main":{"uri":"assets/images/491_42_405.jpg"}},"classification":{"baseItemType":"cabinetry.handle","fullItemType":"Common.Charge.Customization"},"groupRefs":["38943"],"visible":true,"sequenceOrder":1000206,"attributes":[{"attributeRef":"D:TEMPLATES_GENERAL_CAB_STYLE","value":"Frameless","overridable":false},{"attributeRef":"MANUF","value":"491.42.405","overridable":false}],"dimensions":{"width":{"defaultValue":"800"},"height":{"defaultValue":"720"},"depth":{"defaultValue":"560"}},"sequenceFactor":1},{"code":"PULL_10","refCodes":{"manufCode":"491.41.136","sku":"#SKU#","others":{"CiC2RefCode":"DEMO_M.DEMO_M.R.38954","cic":"PULL_10","legacyCode":"Cyncly.DEMO_M.PULL_10.66","legacyCodeCatalog":"DEMO_M.PULL_10.66","legacyCodeManuf":"Cyncly.PULL_10.66","userCode":"PULL_10"}},"names":{"main":{"en-US":"PULL_10"}},"descriptions":{"main":{"en-US":"Curved Handle Black Matt 180X28mm"}},"images":{"main":{"uri":"assets/images/491_41_136.jpg"}},"classification":{"baseItemType":"cabinetry.handle","fullItemType":"Common.Charge.Customization"},"groupRefs":["38943"],"visible":true,"sequenceOrder":1000215,"attributes":[{"attributeRef":"D:TEMPLATES_GENERAL_CAB_STYLE","value":"Frameless","overridable":false},{"attributeRef":"MANUF","value":"491.41.136","overridable":false}],"dimensions":{"width":{"defaultValue":"800"},"height":{"defaultValue":"720"},"depth":{"defaultValue":"560"}},"sequenceFactor":10},{"code":"PULL_2","refCodes":{"manufCode":"491.42.417","sku":"#SKU#","others":{"CiC2RefCode":"DEMO_M.DEMO_M.R.38946","cic":"PULL_2","legacyCode":"Cyncly.DEMO_M.PULL_2.66","legacyCodeCatalog":"DEMO_M.PULL_2.66","legacyCodeManuf":"Cyncly.PULL_2.66","userCode":"PULL_2"}},"names":{"main":{"en-US":"PULL_2"}},"descriptions":{"main":{"en-US":"Nickel Brushed 172X26mm H1950"}},"images":{"main":{"uri":"assets/images/491_42_417.jpg"}},"classification":{"baseItemType":"cabinetry.handle","fullItemType":"Common.Charge.Customization"},"groupRefs":["38943"],"visible":true,"sequenceOrder":1000207,"attributes":[{"attributeRef":"D:TEMPLATES_GENERAL_CAB_STYLE","value":"Frameless","overridable":false},{"attributeRef":"MANUF","value":"491.42.417","overridable":false}],"dimensions":{"width":{"defaultValue":"800"},"height":{"defaultValue":"720"},"depth":{"defaultValue":"560"}},"sequenceFactor":2},{"code":"PULL_3","refCodes":{"manufCode":"491.42.421","sku":"#SKU#","others":{"CiC2RefCode":"DEMO_M.DEMO_M.R.38947","cic":"PULL_3","legacyCode":"Cyncly.DEMO_M.PULL_3.66","legacyCodeCatalog":"DEMO_M.PULL_3.66","legacyCodeManuf":"Cyncly.PULL_3.66","userCode":"PULL_3"}},"names":{"main":{"en-US":"PULL_3"}},"descriptions":{"main":{"en-US":"Black Matt 172X26mm H1950"}},"images":{"main":{"uri":"assets/images/491_42_421.jpg"}},"classification":{"baseItemType":"cabinetry.handle","fullItemType":"Common.Charge.Customization"},"groupRefs":["38943"],"visible":true,"sequenceOrder":1000208,"attributes":[{"attributeRef":"D:TEMPLATES_GENERAL_CAB_STYLE","value":"Frameless","overridable":false},{"attributeRef":"MANUF","value":"491.42.421","overridable":false}],"dimensions":{"width":{"defaultValue":"800"},"height":{"defaultValue":"720"},"depth":{"defaultValue":"560"}},"sequenceFactor":3},{"code":"PULL_4","refCodes":{"manufCode":"491.41.032","sku":"#SKU#","others":{"CiC2RefCode":"DEMO_M.DEMO_M.R.38948","cic":"PULL_4","legacyCode":"Cyncly.DEMO_M.PULL_4.66","legacyCodeCatalog":"DEMO_M.PULL_4.66","legacyCodeManuf":"Cyncly.PULL_4.66","userCode":"PULL_4"}},"names":{"main":{"en-US":"PULL_4"}},"descriptions":{"main":{"en-US":"Square Inner Curved Black Matt 168X27mm"}},"images":{"main":{"uri":"assets/images/491_41_032.jpg"}},"classification":{"baseItemType":"cabinetry.handle","fullItemType":"Common.Charge.Customization"},"groupRefs":["38943"],"visible":true,"sequenceOrder":1000209,"attributes":[{"attributeRef":"D:TEMPLATES_GENERAL_CAB_STYLE","value":"Frameless","overridable":false},{"attributeRef":"MANUF","value":"491.41.032","overridable":false}],"dimensions":{"width":{"defaultValue":"800"},"height":{"defaultValue":"720"},"depth":{"defaultValue":"560"}},"sequenceFactor":4},{"code":"PULL_5","refCodes":{"manufCode":"491.41.759","sku":"#SKU#","others":{"CiC2RefCode":"DEMO_M.DEMO_M.R.38949","cic":"PULL_5","legacyCode":"Cyncly.DEMO_M.PULL_5.66","legacyCodeCatalog":"DEMO_M.PULL_5.66","legacyCodeManuf":"Cyncly.PULL_5.66","userCode":"PULL_5"}},"names":{"main":{"en-US":"PULL_5"}},"descriptions":{"main":{"en-US":"Square Inner Curved Stainless Steel Colour 168X27mm"}},"images":{"main":{"uri":"assets/images/491_41_759.jpg"}},"classification":{"baseItemType":"cabinetry.handle","fullItemType":"Common.Charge.Customization"},"groupRefs":["38943"],"visible":true,"sequenceOrder":1000210,"attributes":[{"attributeRef":"D:TEMPLATES_GENERAL_CAB_STYLE","value":"Frameless","overridable":false},{"attributeRef":"MANUF","value":"491.41.759","overridable":false}],"dimensions":{"width":{"defaultValue":"800"},"height":{"defaultValue":"720"},"depth":{"defaultValue":"560"}},"sequenceFactor":5},{"code":"PULL_6","refCodes":{"manufCode":"491.42.005","sku":"#SKU#","others":{"CiC2RefCode":"DEMO_M.DEMO_M.R.38950","cic":"PULL_6","legacyCode":"Cyncly.DEMO_M.PULL_6.66","legacyCodeCatalog":"DEMO_M.PULL_6.66","legacyCodeManuf":"Cyncly.PULL_6.66","userCode":"PULL_6"}},"names":{"main":{"en-US":"PULL_6"}},"descriptions":{"main":{"en-US":"Square Bar Thin Stainless Steel Colour 138X28mm"}},"images":{"main":{"uri":"assets/images/491_42_005.jpg"}},"classification":{"baseItemType":"cabinetry.handle","fullItemType":"Common.Charge.Customization"},"groupRefs":["38943"],"visible":true,"sequenceOrder":1000211,"attributes":[{"attributeRef":"D:TEMPLATES_GENERAL_CAB_STYLE","value":"Frameless","overridable":false},{"attributeRef":"MANUF","value":"491.42.005","overridable":false}],"dimensions":{"width":{"defaultValue":"800"},"height":{"defaultValue":"720"},"depth":{"defaultValue":"560"}},"sequenceFactor":6},{"code":"PULL_7","refCodes":{"manufCode":"491.41.120","sku":"#SKU#","others":{"CiC2RefCode":"DEMO_M.DEMO_M.R.38951","cic":"PULL_7","legacyCode":"Cyncly.DEMO_M.PULL_7.66","legacyCodeCatalog":"DEMO_M.PULL_7.66","legacyCodeManuf":"Cyncly.PULL_7.66","userCode":"PULL_7"}},"names":{"main":{"en-US":"PULL_7"}},"descriptions":{"main":{"en-US":"Square Bar Thin Black Matt 138X28mm"}},"images":{"main":{"uri":"assets/images/491_41_120.jpg"}},"classification":{"baseItemType":"cabinetry.handle","fullItemType":"Common.Charge.Customization"},"groupRefs":["38943"],"visible":true,"sequenceOrder":1000212,"attributes":[{"attributeRef":"D:TEMPLATES_GENERAL_CAB_STYLE","value":"Frameless","overridable":false},{"attributeRef":"MANUF","value":"491.41.120","overridable":false}],"dimensions":{"width":{"defaultValue":"800"},"height":{"defaultValue":"720"},"depth":{"defaultValue":"560"}},"sequenceFactor":7},{"code":"PULL_8","refCodes":{"manufCode":"491.42.207","sku":"#SKU#","others":{"CiC2RefCode":"DEMO_M.DEMO_M.R.38952","cic":"PULL_8","legacyCode":"Cyncly.DEMO_M.PULL_8.66","legacyCodeCatalog":"DEMO_M.PULL_8.66","legacyCodeManuf":"Cyncly.PULL_8.66","userCode":"PULL_8"}},"names":{"main":{"en-US":"PULL_8"}},"descriptions":{"main":{"en-US":"Curved Square End Stainless Steel Colour 172X25mm"}},"images":{"main":{"uri":"assets/images/491_42_207.jpg"}},"classification":{"baseItemType":"cabinetry.handle","fullItemType":"Common.Charge.Customization"},"groupRefs":["38943"],"visible":true,"sequenceOrder":1000213,"attributes":[{"attributeRef":"D:TEMPLATES_GENERAL_CAB_STYLE","value":"Frameless","overridable":false},{"attributeRef":"MANUF","value":"491.42.207","overridable":false}],"dimensions":{"width":{"defaultValue":"800"},"height":{"defaultValue":"720"},"depth":{"defaultValue":"560"}},"sequenceFactor":8},{"code":"PULL_9","refCodes":{"manufCode":"491.41.110","sku":"#SKU#","others":{"CiC2RefCode":"DEMO_M.DEMO_M.R.38953","cic":"PULL_9","legacyCode":"Cyncly.DEMO_M.PULL_9.66","legacyCodeCatalog":"DEMO_M.PULL_9.66","legacyCodeManuf":"Cyncly.PULL_9.66","userCode":"PULL_9"}},"names":{"main":{"en-US":"PULL_9"}},"descriptions":{"main":{"en-US":"Black Matt 170X28mm"}},"images":{"main":{"uri":"assets/images/491_41_110.jpg"}},"classification":{"baseItemType":"cabinetry.handle","fullItemType":"Common.Charge.Customization"},"groupRefs":["38943"],"visible":true,"sequenceOrder":1000214,"attributes":[{"attributeRef":"D:TEMPLATES_GENERAL_CAB_STYLE","value":"Frameless","overridable":false},{"attributeRef":"MANUF","value":"491.41.110","overridable":false}],"dimensions":{"width":{"defaultValue":"800"},"height":{"defaultValue":"720"},"depth":{"defaultValue":"560"}},"sequenceFactor":9},{"code":"SHAKER1","refCodes":{"manufCode":"SHAKER1","others":{"CiC2RefCode":"DEMO_M.DEMO_M.R.43031","cic":"SHAKER1","legacyCode":"Cyncly.DEMO_M.SHAKER1.10","legacyCodeCatalog":"DEMO_M.SHAKER1.10","legacyCodeManuf":"Cyncly.SHAKER1.10","userCode":"SHAKER1"}},"names":{"main":{"en-US":"SHAKER1"}},"descriptions":{"main":{"en-US":"Cream"},"short":{"en-US":"Cream"}},"images":{"main":{"uri":"assets/images/shaker1.jpg"}},"classification":{"fullItemType":"Common.Charge.Customization"},"groupRefs":["43028"],"visible":false,"sequenceOrder":1001262,"attributes":[{"attributeRef":"D:TEMPLATES_GENERAL_CAB_STYLE","value":"Frameless","overridable":false},{"attributeRef":"D:COMMON_BASE_DOORSTYLE","value":"231","overridable":false},{"attributeRef":"D:COMMON_DRAWERSTYLE_GEN","value":"231","overridable":false},{"attributeRef":"D:COMMON_TALL_DOORSTYLE","value":"231","overridable":false},{"attributeRef":"D:COMMON_WALL_DOORSTYLE","value":"231","overridable":false},{"attributeRef":"D:COMMON_DEF_FINISH","value":"FULL_FIN","overridable":false}],"dimensions":{"width":{"defaultValue":"500"},"height":{"defaultValue":"720"},"depth":{"defaultValue":"560"}},"sequenceFactor":1},{"code":"SHAKER2","refCodes":{"manufCode":"SHAKER2","others":{"CiC2RefCode":"DEMO_M.DEMO_M.R.43032","cic":"SHAKER2","legacyCode":"Cyncly.DEMO_M.SHAKER2.10","legacyCodeCatalog":"DEMO_M.SHAKER2.10","legacyCodeManuf":"Cyncly.SHAKER2.10","userCode":"SHAKER2"}},"names":{"main":{"en-US":"SHAKER2"}},"descriptions":{"main":{"en-US":"Light Grey"},"short":{"en-US":"Light Grey"}},"images":{"main":{"uri":"assets/images/shaker2.jpg"}},"classification":{"fullItemType":"Common.Charge.Customization"},"groupRefs":["43028"],"visible":false,"sequenceOrder":1001263,"attributes":[{"attributeRef":"D:TEMPLATES_GENERAL_CAB_STYLE","value":"Frameless","overridable":false},{"attributeRef":"D:COMMON_BASE_DOORSTYLE","value":"231","overridable":false},{"attributeRef":"D:COMMON_DRAWERSTYLE_GEN","value":"231","overridable":false},{"attributeRef":"D:COMMON_TALL_DOORSTYLE","value":"231","overridable":false},{"attributeRef":"D:COMMON_WALL_DOORSTYLE","value":"231","overridable":false},{"attributeRef":"D:COMMON_DEF_FINISH","value":"FULL_FIN","overridable":false}],"dimensions":{"width":{"defaultValue":"500"},"height":{"defaultValue":"720"},"depth":{"defaultValue":"560"}},"sequenceFactor":2},{"code":"SLAB0","refCodes":{"manufCode":"SLAB0","others":{"CiC2RefCode":"DEMO_M.DEMO_M.R.41893","cic":"SLAB0","legacyCode":"Cyncly.DEMO_M.SLAB0.10","legacyCodeCatalog":"DEMO_M.SLAB0.10","legacyCodeManuf":"Cyncly.SLAB0.10","userCode":"SLAB0"}},"names":{"main":{"en-US":"SLAB0"}},"descriptions":{"main":{"en-US":"White Matte"},"short":{"en-US":"White Matte"}},"images":{"main":{"uri":"assets/images/slab0.jpg"}},"classification":{"fullItemType":"Common.Charge.Customization"},"groupRefs":["37587"],"visible":false,"sequenceOrder":1001255,"attributes":[{"attributeRef":"D:TEMPLATES_GENERAL_CAB_STYLE","value":"Frameless","overridable":false},{"attributeRef":"D:COMMON_BASE_DOORSTYLE","value":"1","overridable":false},{"attributeRef":"D:COMMON_DRAWERSTYLE_GEN","value":"1","overridable":false},{"attributeRef":"D:COMMON_TALL_DOORSTYLE","value":"1","overridable":false},{"attributeRef":"D:COMMON_WALL_DOORSTYLE","value":"1","overridable":false},{"attributeRef":"D:COMMON_DEF_FINISH","value":"FULL_FIN","overridable":false}],"dimensions":{"width":{"defaultValue":"500"},"height":{"defaultValue":"720"},"depth":{"defaultValue":"560"}},"sequenceFactor":1},{"code":"SLAB1","refCodes":{"manufCode":"SLAB1","others":{"CiC2RefCode":"DEMO_M.DEMO_M.R.36791","cic":"SLAB1","legacyCode":"Cyncly.DEMO_M.SLAB1.10","legacyCodeCatalog":"DEMO_M.SLAB1.10","legacyCodeManuf":"Cyncly.SLAB1.10","userCode":"SLAB1"}},"names":{"main":{"en-US":"SLAB1"}},"descriptions":{"main":{"en-US":"White High Gloss"},"short":{"en-US":"White High Gloss"}},"images":{"main":{"uri":"assets/images/slab1.jpg"}},"classification":{"fullItemType":"Common.Charge.Customization"},"groupRefs":["37587"],"visible":false,"sequenceOrder":1001256,"attributes":[{"attributeRef":"D:TEMPLATES_GENERAL_CAB_STYLE","value":"Frameless","overridable":false},{"attributeRef":"D:COMMON_BASE_DOORSTYLE","value":"1","overridable":false},{"attributeRef":"D:COMMON_DRAWERSTYLE_GEN","value":"1","overridable":false},{"attributeRef":"D:COMMON_TALL_DOORSTYLE","value":"1","overridable":false},{"attributeRef":"D:COMMON_WALL_DOORSTYLE","value":"1","overridable":false},{"attributeRef":"D:COMMON_DEF_FINISH","value":"FULL_FIN","overridable":false}],"dimensions":{"width":{"defaultValue":"500"},"height":{"defaultValue":"720"},"depth":{"defaultValue":"560"}},"sequenceFactor":2},{"code":"SLAB2","refCodes":{"manufCode":"SLAB2","others":{"CiC2RefCode":"DEMO_M.DEMO_M.R.36792","cic":"SLAB2","legacyCode":"Cyncly.DEMO_M.SLAB2.10","legacyCodeCatalog":"DEMO_M.SLAB2.10","legacyCodeManuf":"Cyncly.SLAB2.10","userCode":"SLAB2"}},"names":{"main":{"en-US":"SLAB2"}},"descriptions":{"main":{"en-US":"Black Matte"},"short":{"en-US":"Black Matte"}},"images":{"main":{"uri":"assets/images/slab2.jpg"}},"classification":{"fullItemType":"Common.Charge.Customization"},"groupRefs":["37587"],"visible":false,"sequenceOrder":1001257,"attributes":[{"attributeRef":"D:TEMPLATES_GENERAL_CAB_STYLE","value":"Frameless","overridable":false},{"attributeRef":"D:COMMON_BASE_DOORSTYLE","value":"1","overridable":false},{"attributeRef":"D:COMMON_DRAWERSTYLE_GEN","value":"1","overridable":false},{"attributeRef":"D:COMMON_TALL_DOORSTYLE","value":"1","overridable":false},{"attributeRef":"D:COMMON_WALL_DOORSTYLE","value":"1","overridable":false},{"attributeRef":"D:COMMON_DEF_FINISH","value":"FULL_FIN","overridable":false}],"dimensions":{"width":{"defaultValue":"500"},"height":{"defaultValue":"720"},"depth":{"defaultValue":"560"}},"sequenceFactor":3},{"code":"SLAB3","refCodes":{"manufCode":"SLAB3","others":{"CiC2RefCode":"DEMO_M.DEMO_M.R.36793","cic":"SLAB3","legacyCode":"Cyncly.DEMO_M.SLAB3.10","legacyCodeCatalog":"DEMO_M.SLAB3.10","legacyCodeManuf":"Cyncly.SLAB3.10","userCode":"SLAB3"}},"names":{"main":{"en-US":"SLAB3"}},"descriptions":{"main":{"en-US":"Red"},"short":{"en-US":"Red"}},"images":{"main":{"uri":"assets/images/slab3.jpg"}},"classification":{"fullItemType":"Common.Charge.Customization"},"groupRefs":["37587"],"visible":false,"sequenceOrder":1001258,"attributes":[{"attributeRef":"D:TEMPLATES_GENERAL_CAB_STYLE","value":"Frameless","overridable":false},{"attributeRef":"D:COMMON_BASE_DOORSTYLE","value":"1","overridable":false},{"attributeRef":"D:COMMON_DRAWERSTYLE_GEN","value":"1","overridable":false},{"attributeRef":"D:COMMON_TALL_DOORSTYLE","value":"1","overridable":false},{"attributeRef":"D:COMMON_WALL_DOORSTYLE","value":"1","overridable":false},{"attributeRef":"D:COMMON_DEF_FINISH","value":"FULL_FIN","overridable":false}],"dimensions":{"width":{"defaultValue":"500"},"height":{"defaultValue":"720"},"depth":{"defaultValue":"560"}},"sequenceFactor":4},{"code":"SLAB4","refCodes":{"manufCode":"SLAB4","others":{"CiC2RefCode":"DEMO_M.DEMO_M.R.36795","cic":"SLAB4","legacyCode":"Cyncly.DEMO_M.SLAB4.10","legacyCodeCatalog":"DEMO_M.SLAB4.10","legacyCodeManuf":"Cyncly.SLAB4.10","userCode":"SLAB4"}},"names":{"main":{"en-US":"SLAB4"}},"descriptions":{"main":{"en-US":"Oak Loire"},"short":{"en-US":"Oak Loire"}},"images":{"main":{"uri":"assets/images/slab4.jpg"}},"classification":{"fullItemType":"Common.Charge.Customization"},"groupRefs":["37587"],"visible":false,"sequenceOrder":1001259,"attributes":[{"attributeRef":"D:TEMPLATES_GENERAL_CAB_STYLE","value":"Frameless","overridable":false},{"attributeRef":"D:COMMON_BASE_DOORSTYLE","value":"1","overridable":false},{"attributeRef":"D:COMMON_DRAWERSTYLE_GEN","value":"1","overridable":false},{"attributeRef":"D:COMMON_TALL_DOORSTYLE","value":"1","overridable":false},{"attributeRef":"D:COMMON_WALL_DOORSTYLE","value":"1","overridable":false},{"attributeRef":"D:COMMON_DEF_FINISH","value":"FULL_FIN","overridable":false}],"dimensions":{"width":{"defaultValue":"500"},"height":{"defaultValue":"720"},"depth":{"defaultValue":"560"}},"sequenceFactor":5},{"code":"SPL1","refCodes":{"manufCode":"SPL1","others":{"CiC2RefCode":"DEMO_M.DEMO_M.R.38903","cic":"SPL1","legacyCode":"Cyncly.DEMO_M.SPL1.66","legacyCodeCatalog":"DEMO_M.SPL1.66","legacyCodeManuf":"Cyncly.SPL1.66","userCode":"SPL1"}},"names":{"main":{"en-US":"SPL1"}},"descriptions":{"main":{"en-US":"SolidWood - Dark"}},"images":{"main":{"uri":"assets/images/wtp1.jpg"}},"classification":{"baseItemType":"Charge","fullItemType":"Common.Charge.Customization"},"groupRefs":["38902"],"visible":true,"sequenceOrder":1000203,"attributes":[{"attributeRef":"D:TEMPLATES_GENERAL_CAB_STYLE","value":"Frameless","overridable":false},{"attributeRef":"MANUF","value":"SPL1","overridable":false}],"dimensions":{"width":{"defaultValue":"800"},"height":{"defaultValue":"720"},"depth":{"defaultValue":"560"}},"sequenceFactor":1},{"code":"SPL2","refCodes":{"manufCode":"SPL2","others":{"CiC2RefCode":"DEMO_M.DEMO_M.R.38904","cic":"SPL2","legacyCode":"Cyncly.DEMO_M.SPL2.66","legacyCodeCatalog":"DEMO_M.SPL2.66","legacyCodeManuf":"Cyncly.SPL2.66","userCode":"SPL2"}},"names":{"main":{"en-US":"SPL2"}},"descriptions":{"main":{"en-US":"Laminate - Beige"}},"images":{"main":{"uri":"assets/images/wtp2.jpg"}},"classification":{"baseItemType":"Charge","fullItemType":"Common.Charge.Customization"},"groupRefs":["38902"],"visible":true,"sequenceOrder":1000204,"attributes":[{"attributeRef":"D:TEMPLATES_GENERAL_CAB_STYLE","value":"Frameless","overridable":false},{"attributeRef":"MANUF","value":"SPL2","overridable":false}],"dimensions":{"width":{"defaultValue":"800"},"height":{"defaultValue":"720"},"depth":{"defaultValue":"560"}},"sequenceFactor":2},{"code":"SPL3","refCodes":{"manufCode":"SPL3","others":{"CiC2RefCode":"DEMO_M.DEMO_M.R.38905","cic":"SPL3","legacyCode":"Cyncly.DEMO_M.SPL3.66","legacyCodeCatalog":"DEMO_M.SPL3.66","legacyCodeManuf":"Cyncly.SPL3.66","userCode":"SPL3"}},"names":{"main":{"en-US":"SPL3"}},"descriptions":{"main":{"en-US":"Quartz- Artic White"}},"images":{"main":{"uri":"assets/images/wtp3.jpg"}},"classification":{"baseItemType":"Charge","fullItemType":"Common.Charge.Customization"},"groupRefs":["38902"],"visible":true,"sequenceOrder":1000205,"attributes":[{"attributeRef":"D:TEMPLATES_GENERAL_CAB_STYLE","value":"Frameless","overridable":false},{"attributeRef":"MANUF","value":"SPL3","overridable":false}],"dimensions":{"width":{"defaultValue":"800"},"height":{"defaultValue":"720"},"depth":{"defaultValue":"560"}},"sequenceFactor":3}]