[{"code":"ALUMINIUM","refCodes":{"manufCode":"Aluminium","others":{"CiC2RefCode":"DEMO_M.DEMO_M.R.36290","cic":"ALUMINIUM","legacyCode":"Cyncly.DEMO_M.ALUMINIUM.72","legacyCodeCatalog":"DEMO_M.ALUMINIUM.72","legacyCodeManuf":"Cyncly.ALUMINIUM.72","userCode":"ALUMINIUM"}},"names":{"main":{"en-US":"ALUMINIUM"},"planView":{"en-US":"Aluminium"}},"descriptions":{"main":{"en-US":"Aluminium"},"short":{"en-US":"Aluminium"}},"images":{"main":{"uri":"assets/images/741522.jpg"}},"classification":{"baseItemType":"cabinetry.molding","characteristics":{"subType":["toeKick"],"targetRooms":["kitchen"]},"fullItemType":"Kitchen.Molding.ForCabinetBase.Bottom"},"groupRefs":["36279"],"visible":true,"sequenceOrder":1001254,"attributes":[{"attributeRef":"D:TEMPLATES_GENERAL_CAB_STYLE","value":"Frameless","overridable":false},{"attributeRef":"CCTH","value":"150","overridable":false},{"attributeRef":"D:COMMON_TOEKICK_HEIGHT","value":"150","overridable":false},{"attributeRef":"D:COMMON_MEASURE_THICKNESS_TOEKICK","value":"20","overridable":false},{"attributeRef":"EOPM","value":"1","overridable":false},{"attributeRef":"MANUF","value":"Aluminium","overridable":false},{"attributeRef":"MGT","value":"#TKT#","overridable":false},{"attributeRef":"MGW","value":"300","overridable":false},{"attributeRef":"D:COMMON_TOEKICK_MIN_WIDTH","value":"0","overridable":false},{"attributeRef":"REF_EOPM","value":"#EOPM#","overridable":false},{"attributeRef":"REF_RUPM","value":"#RUPM#","overridable":false},{"attributeRef":"REF_UOPR","value":"#UOPR#","overridable":false},{"attributeRef":"RUPM","value":"300","overridable":false},{"attributeRef":"TKT","value":"20","overridable":false},{"attributeRef":"D:COMMON_TOEKICK_MAX_WIDTH","value":"2400","overridable":false},{"attributeRef":"UOPR","value":"2400","overridable":false},{"attributeRef":"VTK","value":"8000","overridable":false}],"dimensions":{"width":{"defaultValue":"300","range":{"min":"0","max":"2400"}},"height":{"defaultValue":"150","range":{"min":"150","max":"150"}},"depth":{"defaultValue":"20","range":{"min":"20","max":"20"}},"others":{"depthBack":{"type":"depth","value":"50"},"depthFront":{"type":"depth","value":"50"}}},"geometries":{"main":{"uri":"assets/aluminium_8dv.glb","zUp":false,"standardScale":true,"redimensioning":{"method":"Parametric_Middle","strictMode":false},"layers":[{"layerName":"VToeKick","materialRef":"#VTK#"}]},"details":{"profile":{"dimensions":{"height":"150","depth":"20"},"classification":{"detailType":"extrusionProfile"},"uri":"assets/Kitchen_Molding_ForCabinetBase_Bottom_left_oh_.glb","zUp":false,"standardScale":true,"redimensioning":{"method":"Parametric_Middle","strictMode":true}}}},"sequenceFactor":2},{"code":"KICKBOARD","refCodes":{"manufCode":"Kickboard","others":{"CiC2RefCode":"DEMO_M.DEMO_M.R.36281","cic":"KICKBOARD","legacyCode":"Cyncly.DEMO_M.KICKBOARD.72","legacyCodeCatalog":"DEMO_M.KICKBOARD.72","legacyCodeManuf":"Cyncly.KICKBOARD.72","userCode":"KICKBOARD"}},"names":{"main":{"en-US":"KICKBOARD"},"planView":{"en-US":"Kickboard"}},"descriptions":{"main":{"en-US":"Match with Door"},"short":{"en-US":"Match with Door"}},"images":{"main":{"uri":"assets/images/741548.jpg"}},"classification":{"baseItemType":"cabinetry.molding","characteristics":{"subType":["toeKick"],"targetRooms":["kitchen"]},"fullItemType":"Kitchen.Molding.ForCabinetBase.Bottom"},"groupRefs":["36279"],"visible":true,"sequenceOrder":1001253,"attributes":[{"attributeRef":"D:TEMPLATES_GENERAL_CAB_STYLE","value":"Frameless","overridable":false},{"attributeRef":"CCTH","value":"150","overridable":false},{"attributeRef":"D:COMMON_TOEKICK_HEIGHT","value":"150","overridable":false},{"attributeRef":"D:COMMON_MEASURE_THICKNESS_TOEKICK","value":"20","overridable":false},{"attributeRef":"EOPM","value":"1","overridable":false},{"attributeRef":"MANUF","value":"Kickboard","overridable":false},{"attributeRef":"MGT","value":"#TKT#","overridable":false},{"attributeRef":"MGW","value":"300","overridable":false},{"attributeRef":"D:COMMON_TOEKICK_MIN_WIDTH","value":"0","overridable":false},{"attributeRef":"REF_Doors_and_Finishes","value":"#MOD_Doors_and_Finishes_REF#","overridable":false},{"attributeRef":"REF_EOPM","value":"#EOPM#","overridable":false},{"attributeRef":"REF_RUPM","value":"#RUPM#","overridable":false},{"attributeRef":"REF_UOPR","value":"#UOPR#","overridable":false},{"attributeRef":"RUPM","value":"300","overridable":false},{"attributeRef":"TKT","value":"20","overridable":false},{"attributeRef":"D:COMMON_TOEKICK_MAX_WIDTH","value":"2400","overridable":false},{"attributeRef":"UOPR","value":"2400","overridable":false}],"dimensions":{"width":{"defaultValue":"300","range":{"min":"0","max":"2400"}},"height":{"defaultValue":"150","range":{"min":"150","max":"150"}},"depth":{"defaultValue":"20","range":{"min":"20","max":"20"}},"others":{"depthBack":{"type":"depth","value":"50"},"depthFront":{"type":"depth","value":"50"}}},"geometries":{"main":{"uri":"assets/kickboard_8dv.glb","zUp":false,"standardScale":true,"redimensioning":{"method":"Parametric_Middle","strictMode":false},"layers":[{"layerName":"VToeKick","materialRef":"#VTK#"}]},"details":{"profile":{"dimensions":{"height":"150","depth":"20"},"classification":{"detailType":"extrusionProfile"},"uri":"assets/Kitchen_Molding_ForCabinetBase_Bottom_left_oh_.glb","zUp":false,"standardScale":true,"redimensioning":{"method":"Parametric_Middle","strictMode":true}}}},"featureRefs":[{"featureRef":"Doors_and_Finishes","scoped":false}],"sequenceFactor":1}]