[{"code":"BP60_250","refCodes":{"manufCode":"BP60","others":{"CiC2RefCode":"DEMO_M.DEMO_M.R.38924","cic":"BP60_250","legacyCode":"Cyncly.DEMO_M.BP60_250.7232","legacyCodeCatalog":"DEMO_M.BP60_250.7232","legacyCodeManuf":"Cyncly.BP60_250.7232","userCode":"BP60_250"}},"names":{"main":{"en-US":"BP60_250"}},"descriptions":{"main":{"en-US":"Back Panel (60 - 250cm)"}},"images":{"main":{"uri":"assets/images/bp60.jpg"}},"classification":{"baseItemType":"cabinetry.panel","characteristics":{"application":["base"],"subType":["back"],"targetRooms":["kitchen"]},"fullItemType":"Kitchen.Panel.Base.Back.Rectangular"},"groupRefs":["38923"],"visible":true,"sequenceOrder":1000191,"attributes":[{"attributeRef":"D:TEMPLATES_GENERAL_CAB_STYLE","value":"Frameless","overridable":false},{"attributeRef":"CCSBOX","value":"Base End Panel","overridable":false},{"attributeRef":"D:TEMPLATES_BASE_BACK_PANEL","value":"Base End Panel","overridable":false},{"attributeRef":"D:COMMON_CLEARANCE_TOEKICK","value":"75","overridable":false},{"attributeRef":"CCTH","value":"0","overridable":false},{"attributeRef":"D:COMMON_TOEKICK_HEIGHT","value":"0","overridable":false},{"attributeRef":"MANUF","value":"BP60","overridable":false},{"attributeRef":"REF_Doors_and_Finishes","value":"#MOD_Doors_and_Finishes_REF#","overridable":false},{"attributeRef":"D:searchToeKick","value":"searchItem('', '{\"classificationFilter\":{\"fullItemTypes\":[\"Kitchen.Molding.ForCabinetBase.Bottom\"]},\"catalogCodeFilters\":[{\"manufRefCode\":\"073970e1-93ad-4e81-b20e-7034fa47c4f7\",\"catalogRefCodes\":[{\"code\":\"DEMO_M\"}]}]}')"}],"dimensions":{"width":{"defaultValue":"600","range":{"min":"10","max":"2500","increment":"1.0"}},"height":{"defaultValue":"870"},"depth":{"defaultValue":"20"}},"subItems":[{"itemRef":"D:templates_cabinet_base_back_panel","position":["0","0","0"],"orientation":["0","0","0"],"scale":["1","1","1"],"inverted":false,"dimension":{"width":"$PW$","height":"$PH$","depth":"$PD$"}}],"featureRefs":[{"featureRef":"Doors_and_Finishes","scoped":false}],"sequenceFactor":1}]