[{"code":"WF15H1","refCodes":{"manufCode":"WF15H1","sku":"WF15H1","others":{"CiC2RefCode":"DEMO_M.DEMO_M.R.36810","cic":"WF15H1","legacyCode":"Cyncly.DEMO_M.WF15H1.7249","legacyCodeCatalog":"DEMO_M.WF15H1.7249","legacyCodeManuf":"Cyncly.WF15H1.7249","userCode":"WF15H1"}},"names":{"main":{"en-US":"WF15H1"}},"descriptions":{"main":{"en-US":"72cm Height Wall Filler"},"short":{"en-US":"Wall Tall Filler"}},"images":{"main":{"uri":"assets/images/wf15h1.jpg"}},"classification":{"baseItemType":"cabinetry.filler","characteristics":{"shapeType":["rectangular"],"subType":["wall"],"targetRooms":["kitchen"]},"fullItemType":"Kitchen.Filler.Wall.Standard.Rectangular"},"groupRefs":["36808"],"visible":true,"sequenceOrder":1000163,"attributes":[{"attributeRef":"D:TEMPLATES_GENERAL_CAB_STYLE","value":"Frameless","overridable":false},{"attributeRef":"CCSBOX","value":"Wall Filler 01","overridable":false},{"attributeRef":"D:TEMPLATES_WALL_FILLER","value":"Wall Filler 01","overridable":false},{"attributeRef":"MANUF","value":"WF15H1","overridable":false},{"attributeRef":"REF_Doors_and_Finishes","value":"#MOD_Doors_and_Finishes_REF#","overridable":false}],"dimensions":{"width":{"defaultValue":"50","range":{"min":"1","max":"150","increment":"1.0"}},"height":{"defaultValue":"720"},"depth":{"defaultValue":"320"}},"subItems":[{"itemRef":"D:templates_cabinet_wall_filler_left","position":["0","0","0"],"orientation":["0","0","0"],"scale":["1","1","1"],"inverted":false,"dimension":{"width":"$PW$","height":"$PH$","depth":"$PD$"}}],"featureRefs":[{"featureRef":"Doors_and_Finishes","scoped":false}],"sequenceFactor":2},{"code":"WF15H2","refCodes":{"manufCode":"WF15H2","sku":"WF15H2","others":{"CiC2RefCode":"DEMO_M.DEMO_M.R.36809","cic":"WF15H2","legacyCode":"Cyncly.DEMO_M.WF15H2.3153","legacyCodeCatalog":"DEMO_M.WF15H2.3153","legacyCodeManuf":"Cyncly.WF15H2.3153","userCode":"WF15H2"}},"names":{"main":{"en-US":"WF15H2"}},"descriptions":{"main":{"en-US":"40cm Height Wall Filler"},"short":{"en-US":"Wall Short Filler"}},"images":{"main":{"uri":"assets/images/wf15h2.jpg"}},"classification":{"baseItemType":"cabinetry.filler","characteristics":{"shapeType":["rectangular"],"subType":["wall"],"targetRooms":["kitchen"]},"fullItemType":"Kitchen.Filler.Wall.Standard.Rectangular"},"groupRefs":["36808"],"visible":true,"sequenceOrder":1000162,"attributes":[{"attributeRef":"D:TEMPLATES_GENERAL_CAB_STYLE","value":"Frameless","overridable":false},{"attributeRef":"CCSBOX","value":"Wall Filler 01","overridable":false},{"attributeRef":"D:TEMPLATES_WALL_FILLER","value":"Wall Filler 01","overridable":false},{"attributeRef":"MANUF","value":"WF15H2","overridable":false},{"attributeRef":"REF_Doors_and_Finishes","value":"#MOD_Doors_and_Finishes_REF#","overridable":false}],"dimensions":{"width":{"defaultValue":"50","range":{"min":"1","max":"150","increment":"1.0"}},"height":{"defaultValue":"400"},"depth":{"defaultValue":"320"}},"subItems":[{"itemRef":"D:templates_cabinet_wall_filler_left","position":["0","0","0"],"orientation":["0","0","0"],"scale":["1","1","1"],"inverted":false,"dimension":{"width":"$PW$","height":"$PH$","depth":"$PD$"}}],"featureRefs":[{"featureRef":"Doors_and_Finishes","scoped":false}],"sequenceFactor":1}]