[{"code":"CB90L","refCodes":{"manufCode":"CB90","sku":"CB90","others":{"CiC2RefCode":"DEMO_M.DEMO_M.R.32643","cic":"CB90L","legacyCode":"Cyncly.DEMO_M.CB90L.3168","legacyCodeCatalog":"DEMO_M.CB90L.3168","legacyCodeManuf":"Cyncly.CB90L.3168","userCode":"CB90L"}},"names":{"main":{"en-US":"CB90L"},"planView":{"en-US":"BC900L"}},"descriptions":{"main":{"en-US":"90 Corner Base - Left"}},"images":{"main":{"uri":"assets/images/cb90l.jpg"}},"classification":{"baseItemType":"cabinetry.cabinet","characteristics":{"cabinetType":["corner"],"openingDirection":["left"],"shapeType":["90degrees"],"subType":["base"],"targetRooms":["kitchen"]},"fullItemType":"Kitchen.Cabinet.Base.Corner.90..FullDoor.HLeft"},"groupRefs":["381"],"visible":true,"sequenceOrder":1000104,"attributes":[{"attributeRef":"BLP","value":"0","overridable":false},{"attributeRef":"D:COMMON_BASECORNER_DEPTH1","value":"560","overridable":false},{"attributeRef":"D:COMMON_BASECORNER_DEPTH2","value":"560","overridable":false},{"attributeRef":"D:COMMON_BASECORNER_WIDTH1","value":"900","overridable":false},{"attributeRef":"D:COMMON_BASECORNER_WIDTH2","value":"900","overridable":false},{"attributeRef":"D:COMMON_RESTRICTION_HANDLES_POSITIONING_BASEDOOR","value":"TOP_SIDE_VERTICAL","overridable":false},{"attributeRef":"D:COMMON_DEFAULT_HANDLES_POSITIONING_BASEDOOR","value":"TOP_SIDE_VERTICAL","overridable":false},{"attributeRef":"D:COMMON_DEFINITION_HANDLES_POSITIONING_BASEDOOR","value":"TOP_SIDE_VERTICAL","overridable":false},{"attributeRef":"D:COMMON_CLEARANCE_BASE_SQUARECORNER_BACK","value":"0","overridable":false},{"attributeRef":"D:COMMON_DECORATIVE_TYPE_INTEGRATION_TOEKICK","value":"Cross","overridable":false},{"attributeRef":"D:COMMON_LEG_COMPOSITION_TYPE","value":"Square Corner 01","overridable":false},{"attributeRef":"D:COMMON_LEG_POSITIONX3","value":"100","overridable":false},{"attributeRef":"D:COMMON_LEG_POSITIONY2","value":"100","overridable":false},{"attributeRef":"D:COMMON_LEG_QUANTITY","value":"6","overridable":false},{"attributeRef":"D:COMMON_LEG_STYLE","value":"Tubular Leg","overridable":false},{"attributeRef":"D:COMMON_QUANTITY_SHELF_1","value":"1","overridable":false},{"attributeRef":"D:TEMPLATES_BASE_CORNER_90_SHELF","value":"Shelf Square Straight Corner Base","overridable":false},{"attributeRef":"D:TEMPLATES_GENERAL_CAB_STYLE","value":"Frameless","overridable":false},{"attributeRef":"D:COMMON_DOOR_HINGE","value":"0 (Standard)","overridable":false},{"attributeRef":"D:COMMON_SHELF_BASECORNER_DEPTH1","value":"546.75","overridable":false},{"attributeRef":"D:COMMON_SHELF_BASECORNER_DEPTH2","value":"546.75","overridable":false},{"attributeRef":"CCSBOX","value":"90 Corner Base Straight Back","overridable":false},{"attributeRef":"D:TEMPLATES_BASE_CORNER_90_STRUCTURE","value":"90 Corner Base Straight Back","overridable":false},{"attributeRef":"CCSGC","value":"Square Corner 90 Left","overridable":false},{"attributeRef":"D:TEMPLATES_BASE_CORNER_90_CONFIG","value":"Square Corner 90 Left","overridable":false},{"attributeRef":"D:COMMON_SUSAN_SHELF_HEIGHT","value":"16","overridable":false},{"attributeRef":"D:COMMON_STYLE_TOEKICK","value":"Floating Structure or Feet/Legs","overridable":false},{"attributeRef":"D:COMMON_CLEARANCE_TOEKICK","value":"75","overridable":false},{"attributeRef":"CCTH","value":"150","overridable":false},{"attributeRef":"D:COMMON_TOEKICK_HEIGHT","value":"150","overridable":false},{"attributeRef":"D:COMMON_MIDDLE_VERTICAL_DOOR_CLEAR","value":"0","overridable":false},{"attributeRef":"D:COMMON_WORKTOP_OVERHANG_FRONT","value":"40","overridable":false},{"attributeRef":"MANUF","value":"CB90","overridable":false},{"attributeRef":"MAXBF","value":"0","overridable":false},{"attributeRef":"MINBF","value":"0","overridable":false},{"attributeRef":"MXCP","value":"0","overridable":false},{"attributeRef":"RECHG","value":"0","overridable":false},{"attributeRef":"REF_Doors_and_Finishes","value":"#MOD_Doors_and_Finishes_REF#","overridable":false},{"attributeRef":"REF_Handles","value":"#MOD_Handles_REF#","overridable":false},{"attributeRef":"REF_NumCabDOorPull","value":"1","overridable":false},{"attributeRef":"W2","value":"$W$","overridable":false},{"attributeRef":"D:searchToeKick","value":"searchItem('', '{\"classificationFilter\":{\"fullItemTypes\":[\"Kitchen.Molding.ForCabinetBase.Bottom\"]},\"catalogCodeFilters\":[{\"manufRefCode\":\"073970e1-93ad-4e81-b20e-7034fa47c4f7\",\"catalogRefCodes\":[{\"code\":\"DEMO_M\"}]}]}')"}],"dimensions":{"width":{"defaultValue":"900"},"height":{"defaultValue":"870"},"depth":{"defaultValue":"560"},"others":{"width2":{"type":"width","value":"900"},"depth2":{"type":"depth","value":"560"}}},"subItems":[{"itemRef":"D:templates_cabinet_base_corner_90_left","position":["0","0","0"],"orientation":["0","0","0"],"scale":["1","1","1"],"inverted":false,"dimension":{"width":"$PW$","height":"$PH$","depth":"$PW$"}}],"featureRefs":[{"featureRef":"Doors_and_Finishes","scoped":false},{"featureRef":"Handles","defaultOptionCode":"PULL1","scoped":false}],"restrictionRefs":["GSV2-011Doors_and_Finishes-016Handles"],"sequenceFactor":2},{"code":"CB90R","refCodes":{"manufCode":"CB90","sku":"CB90","others":{"CiC2RefCode":"DEMO_M.DEMO_M.R.32644","cic":"CB90R","legacyCode":"Cyncly.DEMO_M.CB90R.3168","legacyCodeCatalog":"DEMO_M.CB90R.3168","legacyCodeManuf":"Cyncly.CB90R.3168","userCode":"CB90R"}},"names":{"main":{"en-US":"CB90R"},"planView":{"en-US":"BC900R"}},"descriptions":{"main":{"en-US":"90 Corner Base - Right"}},"images":{"main":{"uri":"assets/images/cb90r.jpg"}},"classification":{"baseItemType":"cabinetry.cabinet","characteristics":{"cabinetType":["corner"],"openingDirection":["right"],"shapeType":["90degrees"],"subType":["base"],"targetRooms":["kitchen"]},"fullItemType":"Kitchen.Cabinet.Base.Corner.90..FullDoor.HRight"},"groupRefs":["381"],"visible":true,"sequenceOrder":1000103,"attributes":[{"attributeRef":"BLP","value":"0","overridable":false},{"attributeRef":"D:COMMON_BASECORNER_DEPTH1","value":"560","overridable":false},{"attributeRef":"D:COMMON_BASECORNER_DEPTH2","value":"560","overridable":false},{"attributeRef":"D:COMMON_BASECORNER_WIDTH1","value":"900","overridable":false},{"attributeRef":"D:COMMON_BASECORNER_WIDTH2","value":"900","overridable":false},{"attributeRef":"D:COMMON_RESTRICTION_HANDLES_POSITIONING_BASEDOOR","value":"TOP_SIDE_VERTICAL","overridable":false},{"attributeRef":"D:COMMON_DEFAULT_HANDLES_POSITIONING_BASEDOOR","value":"TOP_SIDE_VERTICAL","overridable":false},{"attributeRef":"D:COMMON_DEFINITION_HANDLES_POSITIONING_BASEDOOR","value":"TOP_SIDE_VERTICAL","overridable":false},{"attributeRef":"D:COMMON_CLEARANCE_BASE_SQUARECORNER_BACK","value":"0","overridable":false},{"attributeRef":"D:COMMON_DECORATIVE_TYPE_INTEGRATION_TOEKICK","value":"Cross","overridable":false},{"attributeRef":"D:COMMON_LEG_COMPOSITION_TYPE","value":"Square Corner 01","overridable":false},{"attributeRef":"D:COMMON_LEG_POSITIONX3","value":"100","overridable":false},{"attributeRef":"D:COMMON_LEG_POSITIONY2","value":"100","overridable":false},{"attributeRef":"D:COMMON_LEG_QUANTITY","value":"6","overridable":false},{"attributeRef":"D:COMMON_LEG_STYLE","value":"Tubular Leg","overridable":false},{"attributeRef":"D:COMMON_NUMFRONTDOOR1","value":"2","overridable":false},{"attributeRef":"D:COMMON_CUSTOMV_NUMFRONTDOOR1_1","value":"2","overridable":false},{"attributeRef":"D:COMMON_QUANTITY_SHELF_1","value":"1","overridable":false},{"attributeRef":"D:TEMPLATES_BASE_CORNER_90_SHELF","value":"Shelf Square Straight Corner Base","overridable":false},{"attributeRef":"D:TEMPLATES_GENERAL_CAB_STYLE","value":"Frameless","overridable":false},{"attributeRef":"D:COMMON_DOOR_HINGE","value":"1 (Reversed)","overridable":false},{"attributeRef":"D:COMMON_SHELF_BASECORNER_DEPTH1","value":"546.75","overridable":false},{"attributeRef":"D:COMMON_SHELF_BASECORNER_DEPTH2","value":"546.75","overridable":false},{"attributeRef":"CCSBOX","value":"90 Corner Base Straight Back","overridable":false},{"attributeRef":"D:TEMPLATES_BASE_CORNER_90_STRUCTURE","value":"90 Corner Base Straight Back","overridable":false},{"attributeRef":"CCSGC","value":"Square Corner 90 Right","overridable":false},{"attributeRef":"D:TEMPLATES_BASE_CORNER_90_CONFIG","value":"Square Corner 90 Right","overridable":false},{"attributeRef":"D:COMMON_SUSAN_SHELF_HEIGHT","value":"16","overridable":false},{"attributeRef":"D:COMMON_STYLE_TOEKICK","value":"Floating Structure or Feet/Legs","overridable":false},{"attributeRef":"D:COMMON_CLEARANCE_TOEKICK","value":"75","overridable":false},{"attributeRef":"CCTH","value":"150","overridable":false},{"attributeRef":"D:COMMON_TOEKICK_HEIGHT","value":"150","overridable":false},{"attributeRef":"D:COMMON_MIDDLE_VERTICAL_DOOR_CLEAR","value":"0","overridable":false},{"attributeRef":"D:COMMON_WORKTOP_OVERHANG_FRONT","value":"40","overridable":false},{"attributeRef":"MANUF","value":"CB90","overridable":false},{"attributeRef":"MAXBF","value":"0","overridable":false},{"attributeRef":"MINBF","value":"0","overridable":false},{"attributeRef":"MXCP","value":"0","overridable":false},{"attributeRef":"RECHG","value":"1","overridable":false},{"attributeRef":"REF_Doors_and_Finishes","value":"#MOD_Doors_and_Finishes_REF#","overridable":false},{"attributeRef":"REF_Handles","value":"#MOD_Handles_REF#","overridable":false},{"attributeRef":"REF_NumCabDOorPull","value":"1","overridable":false},{"attributeRef":"W2","value":"$W$","overridable":false},{"attributeRef":"D:searchToeKick","value":"searchItem('', '{\"classificationFilter\":{\"fullItemTypes\":[\"Kitchen.Molding.ForCabinetBase.Bottom\"]},\"catalogCodeFilters\":[{\"manufRefCode\":\"073970e1-93ad-4e81-b20e-7034fa47c4f7\",\"catalogRefCodes\":[{\"code\":\"DEMO_M\"}]}]}')"}],"dimensions":{"width":{"defaultValue":"900"},"height":{"defaultValue":"870"},"depth":{"defaultValue":"560"},"others":{"width2":{"type":"width","value":"900"},"depth2":{"type":"depth","value":"560"}}},"subItems":[{"itemRef":"D:templates_cabinet_base_corner_90_right","position":["0","0","0"],"orientation":["0","0","0"],"scale":["1","1","1"],"inverted":false,"dimension":{"width":"$PW$","height":"$PH$","depth":"$PW$"}}],"featureRefs":[{"featureRef":"Doors_and_Finishes","scoped":false},{"featureRef":"Handles","defaultOptionCode":"PULL1","scoped":false}],"restrictionRefs":["GSV2-011Doors_and_Finishes-016Handles"],"sequenceFactor":1}]