[{"code":"1DMB40L","refCodes":{"manufCode":"MB40","sku":"MB40","others":{"CiC2RefCode":"DEMO_M.DEMO_M.R.41978","cic":"1DMB40L","legacyCode":"Cyncly.DEMO_M.1DMB40L.7232","legacyCodeCatalog":"DEMO_M.1DMB40L.7232","legacyCodeManuf":"Cyncly.1DMB40L.7232","userCode":"1DMB40L"}},"names":{"main":{"en-US":"1DMB40L"},"planView":{"en-US":"B400L"}},"descriptions":{"main":{"en-US":"40 cm 1 Door Mid-Base - Left"}},"images":{"main":{"uri":"assets/images/1dmb40l.jpg"}},"classification":{"baseItemType":"cabinetry.cabinet","characteristics":{"cabinetType":["standard"],"openingDirection":["left"],"shapeType":["rectangular"],"subType":["base"],"targetRooms":["kitchen"]},"fullItemType":"Kitchen.Cabinet.Mid-Base.Standard.Rectangular..FullDoor.HLeft"},"groupRefs":["41968"],"visible":true,"sequenceOrder":1000112,"attributes":[{"attributeRef":"D:COMMON_RESTRICTION_HANDLES_POSITIONING_BASEDOOR","value":"TOP_SIDE_VERTICAL","overridable":false},{"attributeRef":"D:COMMON_DEFAULT_HANDLES_POSITIONING_BASEDOOR","value":"TOP_SIDE_VERTICAL","overridable":false},{"attributeRef":"D:COMMON_DEFINITION_HANDLES_POSITIONING_BASEDOOR","value":"TOP_SIDE_VERTICAL","overridable":false},{"attributeRef":"D:COMMON_DECORATIVE_TYPE_INTEGRATION_TOEKICK","value":"Cross","overridable":false},{"attributeRef":"D:COMMON_LEG_POSITIONY3","value":"125","overridable":false},{"attributeRef":"D:COMMON_LEG_POSITIONY4","value":"125","overridable":false},{"attributeRef":"D:COMMON_LEG_QUANTITY","value":"4","overridable":false},{"attributeRef":"D:COMMON_LEG_STYLE","value":"Tubular Leg","overridable":false},{"attributeRef":"D:COMMON_NUMFRONTDOOR1","value":"1","overridable":false},{"attributeRef":"D:COMMON_CUSTOMV_NUMFRONTDOOR1_1","value":"1","overridable":false},{"attributeRef":"D:COMMON_QUANTITY_SHELF_1","value":"2","overridable":false},{"attributeRef":"D:TEMPLATES_GENERAL_CAB_STYLE","value":"Frameless","overridable":false},{"attributeRef":"D:COMMON_DOOR_HINGE","value":"0 (Standard)","overridable":false},{"attributeRef":"D:COMMON_CUSTOMV_DOOR_HINGE_1_1","value":"0 (Standard)","overridable":false},{"attributeRef":"D:COMMON_CUSTOMV_DOOR_HINGE_1_2","value":"0 (Standard)","overridable":false},{"attributeRef":"CCSBOX","value":"Standard Base","overridable":false},{"attributeRef":"D:TEMPLATES_BASE_STANDARD_RECTANGULAR_STRUCTURE","value":"Standard Base","overridable":false},{"attributeRef":"D:COMMON_STYLECABINET_BACK","value":"Full Back","overridable":false},{"attributeRef":"D:COMMON_STYLECABINET_TOP","value":"Back & Front Stretchers","overridable":false},{"attributeRef":"D:COMMON_SHELF_DEPTH","value":"510","overridable":false},{"attributeRef":"CCSGC","value":"Full Height Door","overridable":false},{"attributeRef":"D:TEMPLATES_BASE_STANDARD_RECTANGULAR_CONFIG","value":"Full Height Door","overridable":false},{"attributeRef":"D:COMMON_STYLE_TOEKICK","value":"Floating Structure or Feet/Legs","overridable":false},{"attributeRef":"D:COMMON_CLEARANCE_TOEKICK","value":"75","overridable":false},{"attributeRef":"CCTH","value":"150","overridable":false},{"attributeRef":"D:COMMON_TOEKICK_HEIGHT","value":"150","overridable":false},{"attributeRef":"D:COMMON_WORKTOP_OVERHANG_FRONT","value":"40","overridable":false},{"attributeRef":"MANUF","value":"MB40","overridable":false},{"attributeRef":"RECHG","value":"0","overridable":false},{"attributeRef":"REF_Doors_and_Finishes","value":"#MOD_Doors_and_Finishes_REF#","overridable":false},{"attributeRef":"REF_Handles","value":"#MOD_Handles_REF#","overridable":false},{"attributeRef":"REF_NumCabDOorPull","value":"1","overridable":false},{"attributeRef":"D:searchToeKick","value":"searchItem('', '{\"classificationFilter\":{\"fullItemTypes\":[\"Kitchen.Molding.ForCabinetBase.Bottom\"]},\"catalogCodeFilters\":[{\"manufRefCode\":\"073970e1-93ad-4e81-b20e-7034fa47c4f7\",\"catalogRefCodes\":[{\"code\":\"DEMO_M\"}]}]}')"}],"dimensions":{"width":{"defaultValue":"400"},"height":{"defaultValue":"1350"},"depth":{"defaultValue":"560"}},"subItems":[{"itemRef":"D:templates_cabinet_base_standard_rectangular","position":["0","0","0"],"orientation":["0","0","0"],"scale":["1","1","1"],"inverted":false,"dimension":{"width":"$PW$","height":"$PH$","depth":"$PD$"}}],"featureRefs":[{"featureRef":"Doors_and_Finishes","scoped":false},{"featureRef":"Handles","defaultOptionCode":"PULL1","scoped":false}],"restrictionRefs":["GSV2-011Doors_and_Finishes-016Handles"],"sequenceFactor":2},{"code":"1DMB40R","refCodes":{"manufCode":"MB40","sku":"MB40","others":{"CiC2RefCode":"DEMO_M.DEMO_M.R.41977","cic":"1DMB40R","legacyCode":"Cyncly.DEMO_M.1DMB40R.7232","legacyCodeCatalog":"DEMO_M.1DMB40R.7232","legacyCodeManuf":"Cyncly.1DMB40R.7232","userCode":"1DMB40R"}},"names":{"main":{"en-US":"1DMB40R"},"planView":{"en-US":"B400R"}},"descriptions":{"main":{"en-US":"40 cm 1 Door Mid-Base - Right"}},"images":{"main":{"uri":"assets/images/1dmb40r.jpg"}},"classification":{"baseItemType":"cabinetry.cabinet","characteristics":{"cabinetType":["standard"],"openingDirection":["right"],"shapeType":["rectangular"],"subType":["base"],"targetRooms":["kitchen"]},"fullItemType":"Kitchen.Cabinet.Mid-Base.Standard.Rectangular..FullDoor.HRight"},"groupRefs":["41968"],"visible":true,"sequenceOrder":1000111,"attributes":[{"attributeRef":"D:COMMON_RESTRICTION_HANDLES_POSITIONING_BASEDOOR","value":"TOP_SIDE_VERTICAL","overridable":false},{"attributeRef":"D:COMMON_DEFAULT_HANDLES_POSITIONING_BASEDOOR","value":"TOP_SIDE_VERTICAL","overridable":false},{"attributeRef":"D:COMMON_DEFINITION_HANDLES_POSITIONING_BASEDOOR","value":"TOP_SIDE_VERTICAL","overridable":false},{"attributeRef":"D:COMMON_DECORATIVE_TYPE_INTEGRATION_TOEKICK","value":"Cross","overridable":false},{"attributeRef":"D:COMMON_LEG_POSITIONY3","value":"125","overridable":false},{"attributeRef":"D:COMMON_LEG_POSITIONY4","value":"125","overridable":false},{"attributeRef":"D:COMMON_LEG_QUANTITY","value":"4","overridable":false},{"attributeRef":"D:COMMON_LEG_STYLE","value":"Tubular Leg","overridable":false},{"attributeRef":"D:COMMON_NUMFRONTDOOR1","value":"1","overridable":false},{"attributeRef":"D:COMMON_CUSTOMV_NUMFRONTDOOR1_1","value":"1","overridable":false},{"attributeRef":"D:COMMON_QUANTITY_SHELF_1","value":"2","overridable":false},{"attributeRef":"D:TEMPLATES_GENERAL_CAB_STYLE","value":"Frameless","overridable":false},{"attributeRef":"D:COMMON_DOOR_HINGE","value":"1 (Reversed)","overridable":false},{"attributeRef":"D:COMMON_CUSTOMV_DOOR_HINGE_1_1","value":"1 (Reversed)","overridable":false},{"attributeRef":"D:COMMON_CUSTOMV_DOOR_HINGE_1_2","value":"1 (Reversed)","overridable":false},{"attributeRef":"CCSBOX","value":"Standard Base","overridable":false},{"attributeRef":"D:TEMPLATES_BASE_STANDARD_RECTANGULAR_STRUCTURE","value":"Standard Base","overridable":false},{"attributeRef":"D:COMMON_STYLECABINET_BACK","value":"Full Back","overridable":false},{"attributeRef":"D:COMMON_STYLECABINET_TOP","value":"Back & Front Stretchers","overridable":false},{"attributeRef":"D:COMMON_SHELF_DEPTH","value":"510","overridable":false},{"attributeRef":"CCSGC","value":"Full Height Door","overridable":false},{"attributeRef":"D:TEMPLATES_BASE_STANDARD_RECTANGULAR_CONFIG","value":"Full Height Door","overridable":false},{"attributeRef":"D:COMMON_STYLE_TOEKICK","value":"Floating Structure or Feet/Legs","overridable":false},{"attributeRef":"D:COMMON_CLEARANCE_TOEKICK","value":"75","overridable":false},{"attributeRef":"CCTH","value":"150","overridable":false},{"attributeRef":"D:COMMON_TOEKICK_HEIGHT","value":"150","overridable":false},{"attributeRef":"D:COMMON_WORKTOP_OVERHANG_FRONT","value":"40","overridable":false},{"attributeRef":"MANUF","value":"MB40","overridable":false},{"attributeRef":"RECHG","value":"1","overridable":false},{"attributeRef":"REF_Doors_and_Finishes","value":"#MOD_Doors_and_Finishes_REF#","overridable":false},{"attributeRef":"REF_Handles","value":"#MOD_Handles_REF#","overridable":false},{"attributeRef":"REF_NumCabDOorPull","value":"1","overridable":false},{"attributeRef":"D:searchToeKick","value":"searchItem('', '{\"classificationFilter\":{\"fullItemTypes\":[\"Kitchen.Molding.ForCabinetBase.Bottom\"]},\"catalogCodeFilters\":[{\"manufRefCode\":\"073970e1-93ad-4e81-b20e-7034fa47c4f7\",\"catalogRefCodes\":[{\"code\":\"DEMO_M\"}]}]}')"}],"dimensions":{"width":{"defaultValue":"400"},"height":{"defaultValue":"1350"},"depth":{"defaultValue":"560"}},"subItems":[{"itemRef":"D:templates_cabinet_base_standard_rectangular","position":["0","0","0"],"orientation":["0","0","0"],"scale":["1","1","1"],"inverted":false,"dimension":{"width":"$PW$","height":"$PH$","depth":"$PD$"}}],"featureRefs":[{"featureRef":"Doors_and_Finishes","scoped":false},{"featureRef":"Handles","defaultOptionCode":"PULL1","scoped":false}],"restrictionRefs":["GSV2-011Doors_and_Finishes-016Handles"],"sequenceFactor":1},{"code":"1DMB60L","refCodes":{"manufCode":"MB60","sku":"MB60","others":{"CiC2RefCode":"DEMO_M.DEMO_M.R.41985","cic":"1DMB60L","legacyCode":"Cyncly.DEMO_M.1DMB60L.7232","legacyCodeCatalog":"DEMO_M.1DMB60L.7232","legacyCodeManuf":"Cyncly.1DMB60L.7232","userCode":"1DMB60L"}},"names":{"main":{"en-US":"1DMB60L"},"planView":{"en-US":"B600L"}},"descriptions":{"main":{"en-US":"60 cm 1 Door Mid-Base - Left"}},"images":{"main":{"uri":"assets/images/1dmb60l.jpg"}},"classification":{"baseItemType":"cabinetry.cabinet","characteristics":{"cabinetType":["standard"],"openingDirection":["left"],"shapeType":["rectangular"],"subType":["base"],"targetRooms":["kitchen"]},"fullItemType":"Kitchen.Cabinet.Mid-Base.Standard.Rectangular..FullDoor.HLeft"},"groupRefs":["41968"],"visible":true,"sequenceOrder":1000114,"attributes":[{"attributeRef":"D:COMMON_RESTRICTION_HANDLES_POSITIONING_BASEDOOR","value":"TOP_SIDE_VERTICAL","overridable":false},{"attributeRef":"D:COMMON_DEFAULT_HANDLES_POSITIONING_BASEDOOR","value":"TOP_SIDE_VERTICAL","overridable":false},{"attributeRef":"D:COMMON_DEFINITION_HANDLES_POSITIONING_BASEDOOR","value":"TOP_SIDE_VERTICAL","overridable":false},{"attributeRef":"D:COMMON_DECORATIVE_TYPE_INTEGRATION_TOEKICK","value":"Cross","overridable":false},{"attributeRef":"D:COMMON_LEG_POSITIONY3","value":"125","overridable":false},{"attributeRef":"D:COMMON_LEG_POSITIONY4","value":"125","overridable":false},{"attributeRef":"D:COMMON_LEG_QUANTITY","value":"4","overridable":false},{"attributeRef":"D:COMMON_LEG_STYLE","value":"Tubular Leg","overridable":false},{"attributeRef":"D:COMMON_NUMFRONTDOOR1","value":"1","overridable":false},{"attributeRef":"D:COMMON_CUSTOMV_NUMFRONTDOOR1_1","value":"1","overridable":false},{"attributeRef":"D:COMMON_QUANTITY_SHELF_1","value":"2","overridable":false},{"attributeRef":"D:TEMPLATES_GENERAL_CAB_STYLE","value":"Frameless","overridable":false},{"attributeRef":"D:COMMON_DOOR_HINGE","value":"0 (Standard)","overridable":false},{"attributeRef":"D:COMMON_CUSTOMV_DOOR_HINGE_1_1","value":"0 (Standard)","overridable":false},{"attributeRef":"D:COMMON_CUSTOMV_DOOR_HINGE_1_2","value":"0 (Standard)","overridable":false},{"attributeRef":"CCSBOX","value":"Standard Base","overridable":false},{"attributeRef":"D:TEMPLATES_BASE_STANDARD_RECTANGULAR_STRUCTURE","value":"Standard Base","overridable":false},{"attributeRef":"D:COMMON_STYLECABINET_BACK","value":"Full Back","overridable":false},{"attributeRef":"D:COMMON_STYLECABINET_TOP","value":"Back & Front Stretchers","overridable":false},{"attributeRef":"D:COMMON_SHELF_DEPTH","value":"510","overridable":false},{"attributeRef":"CCSGC","value":"Full Height Door","overridable":false},{"attributeRef":"D:TEMPLATES_BASE_STANDARD_RECTANGULAR_CONFIG","value":"Full Height Door","overridable":false},{"attributeRef":"D:COMMON_STYLE_TOEKICK","value":"Floating Structure or Feet/Legs","overridable":false},{"attributeRef":"D:COMMON_CLEARANCE_TOEKICK","value":"75","overridable":false},{"attributeRef":"CCTH","value":"150","overridable":false},{"attributeRef":"D:COMMON_TOEKICK_HEIGHT","value":"150","overridable":false},{"attributeRef":"D:COMMON_WORKTOP_OVERHANG_FRONT","value":"40","overridable":false},{"attributeRef":"MANUF","value":"MB60","overridable":false},{"attributeRef":"RECHG","value":"0","overridable":false},{"attributeRef":"REF_Doors_and_Finishes","value":"#MOD_Doors_and_Finishes_REF#","overridable":false},{"attributeRef":"REF_Handles","value":"#MOD_Handles_REF#","overridable":false},{"attributeRef":"REF_NumCabDOorPull","value":"1","overridable":false},{"attributeRef":"D:searchToeKick","value":"searchItem('', '{\"classificationFilter\":{\"fullItemTypes\":[\"Kitchen.Molding.ForCabinetBase.Bottom\"]},\"catalogCodeFilters\":[{\"manufRefCode\":\"073970e1-93ad-4e81-b20e-7034fa47c4f7\",\"catalogRefCodes\":[{\"code\":\"DEMO_M\"}]}]}')"}],"dimensions":{"width":{"defaultValue":"600"},"height":{"defaultValue":"1350"},"depth":{"defaultValue":"560"}},"subItems":[{"itemRef":"D:templates_cabinet_base_standard_rectangular","position":["0","0","0"],"orientation":["0","0","0"],"scale":["1","1","1"],"inverted":false,"dimension":{"width":"$PW$","height":"$PH$","depth":"$PD$"}}],"featureRefs":[{"featureRef":"Doors_and_Finishes","scoped":false},{"featureRef":"Handles","defaultOptionCode":"PULL1","scoped":false}],"restrictionRefs":["GSV2-011Doors_and_Finishes-016Handles"],"sequenceFactor":4},{"code":"1DMB60R","refCodes":{"manufCode":"MB60","sku":"MB60","others":{"CiC2RefCode":"DEMO_M.DEMO_M.R.41984","cic":"1DMB60R","legacyCode":"Cyncly.DEMO_M.1DMB60R.7232","legacyCodeCatalog":"DEMO_M.1DMB60R.7232","legacyCodeManuf":"Cyncly.1DMB60R.7232","userCode":"1DMB60R"}},"names":{"main":{"en-US":"1DMB60R"},"planView":{"en-US":"B600R"}},"descriptions":{"main":{"en-US":"60 cm 1 Door Mid-Base - Right"}},"images":{"main":{"uri":"assets/images/1dmb60r.jpg"}},"classification":{"baseItemType":"cabinetry.cabinet","characteristics":{"cabinetType":["standard"],"openingDirection":["right"],"shapeType":["rectangular"],"subType":["base"],"targetRooms":["kitchen"]},"fullItemType":"Kitchen.Cabinet.Mid-Base.Standard.Rectangular..FullDoor.HRight"},"groupRefs":["41968"],"visible":true,"sequenceOrder":1000113,"attributes":[{"attributeRef":"D:COMMON_RESTRICTION_HANDLES_POSITIONING_BASEDOOR","value":"TOP_SIDE_VERTICAL","overridable":false},{"attributeRef":"D:COMMON_DEFAULT_HANDLES_POSITIONING_BASEDOOR","value":"TOP_SIDE_VERTICAL","overridable":false},{"attributeRef":"D:COMMON_DEFINITION_HANDLES_POSITIONING_BASEDOOR","value":"TOP_SIDE_VERTICAL","overridable":false},{"attributeRef":"D:COMMON_DECORATIVE_TYPE_INTEGRATION_TOEKICK","value":"Cross","overridable":false},{"attributeRef":"D:COMMON_LEG_POSITIONY3","value":"125","overridable":false},{"attributeRef":"D:COMMON_LEG_POSITIONY4","value":"125","overridable":false},{"attributeRef":"D:COMMON_LEG_QUANTITY","value":"4","overridable":false},{"attributeRef":"D:COMMON_LEG_STYLE","value":"Tubular Leg","overridable":false},{"attributeRef":"D:COMMON_NUMFRONTDOOR1","value":"1","overridable":false},{"attributeRef":"D:COMMON_CUSTOMV_NUMFRONTDOOR1_1","value":"1","overridable":false},{"attributeRef":"D:COMMON_QUANTITY_SHELF_1","value":"2","overridable":false},{"attributeRef":"D:TEMPLATES_GENERAL_CAB_STYLE","value":"Frameless","overridable":false},{"attributeRef":"D:COMMON_DOOR_HINGE","value":"1 (Reversed)","overridable":false},{"attributeRef":"D:COMMON_CUSTOMV_DOOR_HINGE_1_1","value":"1 (Reversed)","overridable":false},{"attributeRef":"D:COMMON_CUSTOMV_DOOR_HINGE_1_2","value":"1 (Reversed)","overridable":false},{"attributeRef":"CCSBOX","value":"Standard Base","overridable":false},{"attributeRef":"D:TEMPLATES_BASE_STANDARD_RECTANGULAR_STRUCTURE","value":"Standard Base","overridable":false},{"attributeRef":"D:COMMON_STYLECABINET_BACK","value":"Full Back","overridable":false},{"attributeRef":"D:COMMON_STYLECABINET_TOP","value":"Back & Front Stretchers","overridable":false},{"attributeRef":"D:COMMON_SHELF_DEPTH","value":"510","overridable":false},{"attributeRef":"CCSGC","value":"Full Height Door","overridable":false},{"attributeRef":"D:TEMPLATES_BASE_STANDARD_RECTANGULAR_CONFIG","value":"Full Height Door","overridable":false},{"attributeRef":"D:COMMON_STYLE_TOEKICK","value":"Floating Structure or Feet/Legs","overridable":false},{"attributeRef":"D:COMMON_CLEARANCE_TOEKICK","value":"75","overridable":false},{"attributeRef":"CCTH","value":"150","overridable":false},{"attributeRef":"D:COMMON_TOEKICK_HEIGHT","value":"150","overridable":false},{"attributeRef":"D:COMMON_WORKTOP_OVERHANG_FRONT","value":"40","overridable":false},{"attributeRef":"MANUF","value":"MB60","overridable":false},{"attributeRef":"RECHG","value":"1","overridable":false},{"attributeRef":"REF_Doors_and_Finishes","value":"#MOD_Doors_and_Finishes_REF#","overridable":false},{"attributeRef":"REF_Handles","value":"#MOD_Handles_REF#","overridable":false},{"attributeRef":"REF_NumCabDOorPull","value":"1","overridable":false},{"attributeRef":"D:searchToeKick","value":"searchItem('', '{\"classificationFilter\":{\"fullItemTypes\":[\"Kitchen.Molding.ForCabinetBase.Bottom\"]},\"catalogCodeFilters\":[{\"manufRefCode\":\"073970e1-93ad-4e81-b20e-7034fa47c4f7\",\"catalogRefCodes\":[{\"code\":\"DEMO_M\"}]}]}')"}],"dimensions":{"width":{"defaultValue":"600"},"height":{"defaultValue":"1350"},"depth":{"defaultValue":"560"}},"subItems":[{"itemRef":"D:templates_cabinet_base_standard_rectangular","position":["0","0","0"],"orientation":["0","0","0"],"scale":["1","1","1"],"inverted":false,"dimension":{"width":"$PW$","height":"$PH$","depth":"$PD$"}}],"featureRefs":[{"featureRef":"Doors_and_Finishes","scoped":false},{"featureRef":"Handles","defaultOptionCode":"PULL1","scoped":false}],"restrictionRefs":["GSV2-011Doors_and_Finishes-016Handles"],"sequenceFactor":3},{"code":"1DMBO600","refCodes":{"manufCode":"MB60","sku":"MB60","others":{"CiC2RefCode":"DEMO_M.DEMO_M.R.41998","cic":"1DMBO600","legacyCode":"Cyncly.DEMO_M.1DMBO600.7232","legacyCodeCatalog":"DEMO_M.1DMBO600.7232","legacyCodeManuf":"Cyncly.1DMBO600.7232","userCode":"1DMBO600"}},"names":{"main":{"en-US":"1DMBO600"},"planView":{"en-US":"BO600"}},"descriptions":{"main":{"en-US":"60 cm 1 Door Integrated Mid-Base Oven"}},"images":{"main":{"uri":"assets/images/1dmbo600.jpg"}},"classification":{"baseItemType":"cabinetry.cabinet","characteristics":{"cabinetType":["standard"],"primaryFunctions":["cooktop"],"shapeType":["rectangular"],"subType":["base"],"targetRooms":["kitchen"]},"fullItemType":"Kitchen.Cabinet.Mid-Base.Standard.Rectangular..FullDoor.HLeft..ForSingleOven"},"groupRefs":["41997"],"visible":true,"sequenceOrder":1000119,"attributes":[{"attributeRef":"D:COMMON_APPLIANCE_CUTOUT_HEIGHT1","value":"600","overridable":false},{"attributeRef":"D:COMMON_APPLIANCE_CUTOUT_WIDTH1","value":"600","overridable":false},{"attributeRef":"D:COMMON_RESTRICTION_HANDLES_POSITIONING_BASEDOOR","value":"TOP_CENTER_HORIZONTAL","overridable":false},{"attributeRef":"D:COMMON_DEFAULT_HANDLES_POSITIONING_BASEDOOR","value":"TOP_CENTER_HORIZONTAL","overridable":false},{"attributeRef":"D:COMMON_DEFINITION_HANDLES_POSITIONING_BASEDOOR","value":"TOP_CENTER_HORIZONTAL","overridable":false},{"attributeRef":"D:COMMON_MEASURE_CONFHEIGHT1","value":"750","overridable":false},{"attributeRef":"D:COMMON_SECTION_2","value":"True","overridable":false},{"attributeRef":"D:COMMON_DECORATIVE_TYPE_INTEGRATION_APPLIANCE_1","value":"Cross - Oven","overridable":false},{"attributeRef":"D:COMMON_DECORATIVE_TYPE_INTEGRATION_TOEKICK","value":"Cross","overridable":false},{"attributeRef":"D:COMMON_LEG_POSITIONY3","value":"125","overridable":false},{"attributeRef":"D:COMMON_LEG_POSITIONY4","value":"125","overridable":false},{"attributeRef":"D:COMMON_LEG_QUANTITY","value":"4","overridable":false},{"attributeRef":"D:COMMON_LEG_STYLE","value":"Tubular Leg","overridable":false},{"attributeRef":"D:TEMPLATES_GENERAL_CAB_STYLE","value":"Frameless","overridable":false},{"attributeRef":"CCSBOX","value":"Standard Base","overridable":false},{"attributeRef":"D:TEMPLATES_BASE_STANDARD_RECTANGULAR_STRUCTURE","value":"Standard Base","overridable":false},{"attributeRef":"D:COMMON_STYLECABINET_BACK","value":"Full Back","overridable":false},{"attributeRef":"D:COMMON_STYLECABINET_TOP","value":"Back & Front Stretchers","overridable":false},{"attributeRef":"CCSGC","value":"Door / Open","overridable":false},{"attributeRef":"D:TEMPLATES_BASE_STANDARD_RECTANGULAR_CONFIG","value":"Door / Open","overridable":false},{"attributeRef":"D:COMMON_STYLE_TOEKICK","value":"Floating Structure or Feet/Legs","overridable":false},{"attributeRef":"D:COMMON_CLEARANCE_TOEKICK","value":"75","overridable":false},{"attributeRef":"CCTH","value":"150","overridable":false},{"attributeRef":"D:COMMON_TOEKICK_HEIGHT","value":"150","overridable":false},{"attributeRef":"D:COMMON_WORKTOP_OVERHANG_FRONT","value":"40","overridable":false},{"attributeRef":"MANUF","value":"MB60","overridable":false},{"attributeRef":"REF_Doors_and_Finishes","value":"#MOD_Doors_and_Finishes_REF#","overridable":false},{"attributeRef":"REF_Handles","value":"#MOD_Handles_REF#","overridable":false},{"attributeRef":"REF_NumCabDOorPull","value":"1","overridable":false},{"attributeRef":"D:searchOven","value":"searchItem('', '{\"classificationFilter\":{\"fullItemTypes\":[\"Kitchen.Appliance.Oven.Built-In.Gas\"]},\"catalogCodeFilters\":[{\"manufRefCode\":\"073970e1-93ad-4e81-b20e-7034fa47c4f7\",\"catalogRefCodes\":[{\"code\":\"GENAP_IN\"}]}]}')"},{"attributeRef":"D:searchToeKick","value":"searchItem('', '{\"classificationFilter\":{\"fullItemTypes\":[\"Kitchen.Molding.ForCabinetBase.Bottom\"]},\"catalogCodeFilters\":[{\"manufRefCode\":\"073970e1-93ad-4e81-b20e-7034fa47c4f7\",\"catalogRefCodes\":[{\"code\":\"DEMO_M\"}]}]}')"}],"dimensions":{"width":{"defaultValue":"600"},"height":{"defaultValue":"1350"},"depth":{"defaultValue":"560"}},"subItems":[{"itemRef":"D:templates_cabinet_base_standard_rectangular","position":["0","0","0"],"orientation":["0","0","0"],"scale":["1","1","1"],"inverted":false,"dimension":{"width":"$PW$","height":"$PH$","depth":"$PD$"}}],"featureRefs":[{"featureRef":"Doors_and_Finishes","scoped":false},{"featureRef":"Handles","defaultOptionCode":"PULL1","scoped":false}],"restrictionRefs":["GSV2-011Doors_and_Finishes-016Handles"],"sequenceFactor":1},{"code":"2DMB40L","refCodes":{"manufCode":"MB40","sku":"MB40","others":{"CiC2RefCode":"DEMO_M.DEMO_M.R.41993","cic":"2DMB40L","legacyCode":"Cyncly.DEMO_M.2DMB40L.7232","legacyCodeCatalog":"DEMO_M.2DMB40L.7232","legacyCodeManuf":"Cyncly.2DMB40L.7232","userCode":"2DMB40L"}},"names":{"main":{"en-US":"2DMB40L"},"planView":{"en-US":"B400L"}},"descriptions":{"main":{"en-US":"40 cm 2 Doors Mid-Base - Left"}},"images":{"main":{"uri":"assets/images/2dmb40l.jpg"}},"classification":{"baseItemType":"cabinetry.cabinet","characteristics":{"cabinetType":["standard"],"openingDirection":["left"],"shapeType":["rectangular"],"subType":["base"],"targetRooms":["kitchen"]},"fullItemType":"Kitchen.Cabinet.Mid-Base.Standard.Rectangular..FullDoor.HLeft"},"groupRefs":["41991"],"visible":true,"sequenceOrder":1000116,"attributes":[{"attributeRef":"D:COMMON_RESTRICTION_HANDLES_POSITIONING_BASEDOOR","value":"TOP_SIDE_VERTICAL","overridable":false},{"attributeRef":"D:COMMON_DEFAULT_HANDLES_POSITIONING_BASEDOOR","value":"TOP_SIDE_VERTICAL","overridable":false},{"attributeRef":"D:COMMON_DEFINITION_HANDLES_POSITIONING_BASEDOOR","value":"TOP_SIDE_VERTICAL","overridable":false},{"attributeRef":"D:COMMON_MEASURE_CONFHEIGHT1","value":"870","overridable":false},{"attributeRef":"D:COMMON_SECTION_2","value":"True","overridable":false},{"attributeRef":"D:COMMON_CONFIG_SHELF1","value":"TRUE","overridable":false},{"attributeRef":"D:COMMON_DECORATIVE_TYPE_INTEGRATION_TOEKICK","value":"Cross","overridable":false},{"attributeRef":"D:COMMON_LEG_POSITIONY3","value":"125","overridable":false},{"attributeRef":"D:COMMON_LEG_POSITIONY4","value":"125","overridable":false},{"attributeRef":"D:COMMON_LEG_QUANTITY","value":"4","overridable":false},{"attributeRef":"D:COMMON_LEG_STYLE","value":"Tubular Leg","overridable":false},{"attributeRef":"D:COMMON_NUMFRONTDOOR1","value":"1","overridable":false},{"attributeRef":"D:COMMON_CUSTOMV_NUMFRONTDOOR1_1","value":"1","overridable":false},{"attributeRef":"D:COMMON_NUMFRONTDOOR2","value":"1","overridable":false},{"attributeRef":"D:COMMON_CUSTOMV_NUMFRONTDOOR1_2","value":"1","overridable":false},{"attributeRef":"D:COMMON_QUANTITY_SHELF_1","value":"1","overridable":false},{"attributeRef":"D:COMMON_QUANTITY_SHELF_2","value":"0","overridable":false},{"attributeRef":"D:TEMPLATES_BASE_STANDARD_RECTANGULAR_SHELF","value":"Shelf","overridable":false},{"attributeRef":"D:TEMPLATES_GENERAL_CAB_STYLE","value":"Frameless","overridable":false},{"attributeRef":"D:COMMON_DOOR_HINGE","value":"0 (Standard)","overridable":false},{"attributeRef":"D:COMMON_CUSTOMV_DOOR_HINGE_1_1","value":"0 (Standard)","overridable":false},{"attributeRef":"D:COMMON_CUSTOMV_DOOR_HINGE_1_2","value":"0 (Standard)","overridable":false},{"attributeRef":"CCSBOX","value":"Standard Base","overridable":false},{"attributeRef":"D:TEMPLATES_BASE_STANDARD_RECTANGULAR_STRUCTURE","value":"Standard Base","overridable":false},{"attributeRef":"D:COMMON_STYLE_FRAMELESS_CONFIG1","value":"FHD Base","overridable":false},{"attributeRef":"D:COMMON_STYLE_FRAMELESS_CONFIG2","value":"FHD Wall","overridable":false},{"attributeRef":"D:COMMON_STYLECABINET_BACK","value":"Full Back","overridable":false},{"attributeRef":"D:COMMON_STYLECABINET_TOP","value":"Back & Front Stretchers","overridable":false},{"attributeRef":"D:COMMON_SHELF_DEPTH","value":"510","overridable":false},{"attributeRef":"D:COMMON_SHELF_DEPTH_2","value":"510","overridable":false},{"attributeRef":"CCSGC","value":"Full Height Door / Door","overridable":false},{"attributeRef":"D:TEMPLATES_BASE_STANDARD_RECTANGULAR_CONFIG","value":"Full Height Door / Door","overridable":false},{"attributeRef":"D:COMMON_STYLE_TOEKICK","value":"Floating Structure or Feet/Legs","overridable":false},{"attributeRef":"D:COMMON_CLEARANCE_TOEKICK","value":"75","overridable":false},{"attributeRef":"CCTH","value":"150","overridable":false},{"attributeRef":"D:COMMON_TOEKICK_HEIGHT","value":"150","overridable":false},{"attributeRef":"D:COMMON_WORKTOP_OVERHANG_FRONT","value":"40","overridable":false},{"attributeRef":"MANUF","value":"MB40","overridable":false},{"attributeRef":"RECHG","value":"0","overridable":false},{"attributeRef":"REF_Doors_and_Finishes","value":"#MOD_Doors_and_Finishes_REF#","overridable":false},{"attributeRef":"REF_Handles","value":"#MOD_Handles_REF#","overridable":false},{"attributeRef":"REF_NumCabDOorPull","value":"2","overridable":false},{"attributeRef":"D:searchToeKick","value":"searchItem('', '{\"classificationFilter\":{\"fullItemTypes\":[\"Kitchen.Molding.ForCabinetBase.Bottom\"]},\"catalogCodeFilters\":[{\"manufRefCode\":\"073970e1-93ad-4e81-b20e-7034fa47c4f7\",\"catalogRefCodes\":[{\"code\":\"DEMO_M\"}]}]}')"}],"dimensions":{"width":{"defaultValue":"400"},"height":{"defaultValue":"1350"},"depth":{"defaultValue":"560"}},"subItems":[{"itemRef":"D:templates_cabinet_base_standard_rectangular","position":["0","0","0"],"orientation":["0","0","0"],"scale":["1","1","1"],"inverted":false,"dimension":{"width":"$PW$","height":"$PH$","depth":"$PD$"}}],"featureRefs":[{"featureRef":"Doors_and_Finishes","scoped":false},{"featureRef":"Handles","defaultOptionCode":"PULL1","scoped":false}],"restrictionRefs":["GSV2-011Doors_and_Finishes-016Handles"],"sequenceFactor":2},{"code":"2DMB40R","refCodes":{"manufCode":"MB40","sku":"MB40","others":{"CiC2RefCode":"DEMO_M.DEMO_M.R.41992","cic":"2DMB40R","legacyCode":"Cyncly.DEMO_M.2DMB40R.7232","legacyCodeCatalog":"DEMO_M.2DMB40R.7232","legacyCodeManuf":"Cyncly.2DMB40R.7232","userCode":"2DMB40R"}},"names":{"main":{"en-US":"2DMB40R"},"planView":{"en-US":"B400R"}},"descriptions":{"main":{"en-US":"40 cm 2 Doors Mid-Base - Right"}},"images":{"main":{"uri":"assets/images/2dmb40r.jpg"}},"classification":{"baseItemType":"cabinetry.cabinet","characteristics":{"cabinetType":["standard"],"openingDirection":["right"],"shapeType":["rectangular"],"subType":["base"],"targetRooms":["kitchen"]},"fullItemType":"Kitchen.Cabinet.Mid-Base.Standard.Rectangular..FullDoor.HRight"},"groupRefs":["41991"],"visible":true,"sequenceOrder":1000115,"attributes":[{"attributeRef":"D:COMMON_RESTRICTION_HANDLES_POSITIONING_BASEDOOR","value":"TOP_SIDE_VERTICAL","overridable":false},{"attributeRef":"D:COMMON_DEFAULT_HANDLES_POSITIONING_BASEDOOR","value":"TOP_SIDE_VERTICAL","overridable":false},{"attributeRef":"D:COMMON_DEFINITION_HANDLES_POSITIONING_BASEDOOR","value":"TOP_SIDE_VERTICAL","overridable":false},{"attributeRef":"D:COMMON_MEASURE_CONFHEIGHT1","value":"870","overridable":false},{"attributeRef":"D:COMMON_SECTION_2","value":"True","overridable":false},{"attributeRef":"D:COMMON_CONFIG_SHELF1","value":"TRUE","overridable":false},{"attributeRef":"D:COMMON_DECORATIVE_TYPE_INTEGRATION_TOEKICK","value":"Cross","overridable":false},{"attributeRef":"D:COMMON_LEG_POSITIONY3","value":"125","overridable":false},{"attributeRef":"D:COMMON_LEG_POSITIONY4","value":"125","overridable":false},{"attributeRef":"D:COMMON_LEG_QUANTITY","value":"4","overridable":false},{"attributeRef":"D:COMMON_LEG_STYLE","value":"Tubular Leg","overridable":false},{"attributeRef":"D:COMMON_NUMFRONTDOOR1","value":"1","overridable":false},{"attributeRef":"D:COMMON_CUSTOMV_NUMFRONTDOOR1_1","value":"1","overridable":false},{"attributeRef":"D:COMMON_NUMFRONTDOOR2","value":"1","overridable":false},{"attributeRef":"D:COMMON_CUSTOMV_NUMFRONTDOOR1_2","value":"1","overridable":false},{"attributeRef":"D:COMMON_QUANTITY_SHELF_1","value":"1","overridable":false},{"attributeRef":"D:COMMON_QUANTITY_SHELF_2","value":"0","overridable":false},{"attributeRef":"D:TEMPLATES_BASE_STANDARD_RECTANGULAR_SHELF","value":"Shelf","overridable":false},{"attributeRef":"D:TEMPLATES_GENERAL_CAB_STYLE","value":"Frameless","overridable":false},{"attributeRef":"D:COMMON_DOOR_HINGE","value":"1 (Reversed)","overridable":false},{"attributeRef":"D:COMMON_CUSTOMV_DOOR_HINGE_1_1","value":"1 (Reversed)","overridable":false},{"attributeRef":"D:COMMON_CUSTOMV_DOOR_HINGE_1_2","value":"1 (Reversed)","overridable":false},{"attributeRef":"CCSBOX","value":"Standard Base","overridable":false},{"attributeRef":"D:TEMPLATES_BASE_STANDARD_RECTANGULAR_STRUCTURE","value":"Standard Base","overridable":false},{"attributeRef":"D:COMMON_STYLE_FRAMELESS_CONFIG1","value":"FHD Base","overridable":false},{"attributeRef":"D:COMMON_STYLE_FRAMELESS_CONFIG2","value":"FHD Wall","overridable":false},{"attributeRef":"D:COMMON_STYLECABINET_BACK","value":"Full Back","overridable":false},{"attributeRef":"D:COMMON_STYLECABINET_TOP","value":"Back & Front Stretchers","overridable":false},{"attributeRef":"D:COMMON_SHELF_DEPTH","value":"510","overridable":false},{"attributeRef":"D:COMMON_SHELF_DEPTH_2","value":"510","overridable":false},{"attributeRef":"CCSGC","value":"Full Height Door / Door","overridable":false},{"attributeRef":"D:TEMPLATES_BASE_STANDARD_RECTANGULAR_CONFIG","value":"Full Height Door / Door","overridable":false},{"attributeRef":"D:COMMON_STYLE_TOEKICK","value":"Floating Structure or Feet/Legs","overridable":false},{"attributeRef":"D:COMMON_CLEARANCE_TOEKICK","value":"75","overridable":false},{"attributeRef":"CCTH","value":"150","overridable":false},{"attributeRef":"D:COMMON_TOEKICK_HEIGHT","value":"150","overridable":false},{"attributeRef":"D:COMMON_WORKTOP_OVERHANG_FRONT","value":"40","overridable":false},{"attributeRef":"MANUF","value":"MB40","overridable":false},{"attributeRef":"RECHG","value":"1","overridable":false},{"attributeRef":"REF_Doors_and_Finishes","value":"#MOD_Doors_and_Finishes_REF#","overridable":false},{"attributeRef":"REF_Handles","value":"#MOD_Handles_REF#","overridable":false},{"attributeRef":"REF_NumCabDOorPull","value":"2","overridable":false},{"attributeRef":"D:searchToeKick","value":"searchItem('', '{\"classificationFilter\":{\"fullItemTypes\":[\"Kitchen.Molding.ForCabinetBase.Bottom\"]},\"catalogCodeFilters\":[{\"manufRefCode\":\"073970e1-93ad-4e81-b20e-7034fa47c4f7\",\"catalogRefCodes\":[{\"code\":\"DEMO_M\"}]}]}')"}],"dimensions":{"width":{"defaultValue":"400"},"height":{"defaultValue":"1350"},"depth":{"defaultValue":"560"}},"subItems":[{"itemRef":"D:templates_cabinet_base_standard_rectangular","position":["0","0","0"],"orientation":["0","0","0"],"scale":["1","1","1"],"inverted":false,"dimension":{"width":"$PW$","height":"$PH$","depth":"$PD$"}}],"featureRefs":[{"featureRef":"Doors_and_Finishes","scoped":false},{"featureRef":"Handles","defaultOptionCode":"PULL1","scoped":false}],"restrictionRefs":["GSV2-011Doors_and_Finishes-016Handles"],"sequenceFactor":1},{"code":"2DMB60L","refCodes":{"manufCode":"MB60","sku":"MB60","others":{"CiC2RefCode":"DEMO_M.DEMO_M.R.41995","cic":"2DMB60L","legacyCode":"Cyncly.DEMO_M.2DMB60L.7232","legacyCodeCatalog":"DEMO_M.2DMB60L.7232","legacyCodeManuf":"Cyncly.2DMB60L.7232","userCode":"2DMB60L"}},"names":{"main":{"en-US":"2DMB60L"},"planView":{"en-US":"B600L"}},"descriptions":{"main":{"en-US":"60 cm 2 Doors Mid-Base - Left"}},"images":{"main":{"uri":"assets/images/2dmb60l.jpg"}},"classification":{"baseItemType":"cabinetry.cabinet","characteristics":{"cabinetType":["standard"],"openingDirection":["left"],"shapeType":["rectangular"],"subType":["base"],"targetRooms":["kitchen"]},"fullItemType":"Kitchen.Cabinet.Mid-Base.Standard.Rectangular..FullDoor.HLeft"},"groupRefs":["41991"],"visible":true,"sequenceOrder":1000118,"attributes":[{"attributeRef":"D:COMMON_RESTRICTION_HANDLES_POSITIONING_BASEDOOR","value":"TOP_SIDE_VERTICAL","overridable":false},{"attributeRef":"D:COMMON_DEFAULT_HANDLES_POSITIONING_BASEDOOR","value":"TOP_SIDE_VERTICAL","overridable":false},{"attributeRef":"D:COMMON_DEFINITION_HANDLES_POSITIONING_BASEDOOR","value":"TOP_SIDE_VERTICAL","overridable":false},{"attributeRef":"D:COMMON_MEASURE_CONFHEIGHT1","value":"870","overridable":false},{"attributeRef":"D:COMMON_SECTION_2","value":"True","overridable":false},{"attributeRef":"D:COMMON_CONFIG_SHELF1","value":"TRUE","overridable":false},{"attributeRef":"D:COMMON_DECORATIVE_TYPE_INTEGRATION_TOEKICK","value":"Cross","overridable":false},{"attributeRef":"D:COMMON_LEG_POSITIONY3","value":"125","overridable":false},{"attributeRef":"D:COMMON_LEG_POSITIONY4","value":"125","overridable":false},{"attributeRef":"D:COMMON_LEG_QUANTITY","value":"4","overridable":false},{"attributeRef":"D:COMMON_LEG_STYLE","value":"Tubular Leg","overridable":false},{"attributeRef":"D:COMMON_NUMFRONTDOOR1","value":"1","overridable":false},{"attributeRef":"D:COMMON_CUSTOMV_NUMFRONTDOOR1_1","value":"1","overridable":false},{"attributeRef":"D:COMMON_NUMFRONTDOOR2","value":"1","overridable":false},{"attributeRef":"D:COMMON_CUSTOMV_NUMFRONTDOOR1_2","value":"1","overridable":false},{"attributeRef":"D:COMMON_QUANTITY_SHELF_1","value":"1","overridable":false},{"attributeRef":"D:COMMON_QUANTITY_SHELF_2","value":"0","overridable":false},{"attributeRef":"D:TEMPLATES_BASE_STANDARD_RECTANGULAR_SHELF","value":"Shelf","overridable":false},{"attributeRef":"D:TEMPLATES_GENERAL_CAB_STYLE","value":"Frameless","overridable":false},{"attributeRef":"D:COMMON_DOOR_HINGE","value":"0 (Standard)","overridable":false},{"attributeRef":"D:COMMON_CUSTOMV_DOOR_HINGE_1_1","value":"0 (Standard)","overridable":false},{"attributeRef":"D:COMMON_CUSTOMV_DOOR_HINGE_1_2","value":"0 (Standard)","overridable":false},{"attributeRef":"CCSBOX","value":"Standard Base","overridable":false},{"attributeRef":"D:TEMPLATES_BASE_STANDARD_RECTANGULAR_STRUCTURE","value":"Standard Base","overridable":false},{"attributeRef":"D:COMMON_STYLE_FRAMELESS_CONFIG1","value":"FHD Base","overridable":false},{"attributeRef":"D:COMMON_STYLE_FRAMELESS_CONFIG2","value":"FHD Wall","overridable":false},{"attributeRef":"D:COMMON_STYLECABINET_BACK","value":"Full Back","overridable":false},{"attributeRef":"D:COMMON_STYLECABINET_TOP","value":"Back & Front Stretchers","overridable":false},{"attributeRef":"D:COMMON_SHELF_DEPTH","value":"510","overridable":false},{"attributeRef":"D:COMMON_SHELF_DEPTH_2","value":"510","overridable":false},{"attributeRef":"CCSGC","value":"Full Height Door / Door","overridable":false},{"attributeRef":"D:TEMPLATES_BASE_STANDARD_RECTANGULAR_CONFIG","value":"Full Height Door / Door","overridable":false},{"attributeRef":"D:COMMON_STYLE_TOEKICK","value":"Floating Structure or Feet/Legs","overridable":false},{"attributeRef":"D:COMMON_CLEARANCE_TOEKICK","value":"75","overridable":false},{"attributeRef":"CCTH","value":"150","overridable":false},{"attributeRef":"D:COMMON_TOEKICK_HEIGHT","value":"150","overridable":false},{"attributeRef":"D:COMMON_WORKTOP_OVERHANG_FRONT","value":"40","overridable":false},{"attributeRef":"MANUF","value":"MB60","overridable":false},{"attributeRef":"RECHG","value":"0","overridable":false},{"attributeRef":"REF_Doors_and_Finishes","value":"#MOD_Doors_and_Finishes_REF#","overridable":false},{"attributeRef":"REF_Handles","value":"#MOD_Handles_REF#","overridable":false},{"attributeRef":"REF_NumCabDOorPull","value":"2","overridable":false},{"attributeRef":"D:searchToeKick","value":"searchItem('', '{\"classificationFilter\":{\"fullItemTypes\":[\"Kitchen.Molding.ForCabinetBase.Bottom\"]},\"catalogCodeFilters\":[{\"manufRefCode\":\"073970e1-93ad-4e81-b20e-7034fa47c4f7\",\"catalogRefCodes\":[{\"code\":\"DEMO_M\"}]}]}')"}],"dimensions":{"width":{"defaultValue":"600"},"height":{"defaultValue":"1350"},"depth":{"defaultValue":"560"}},"subItems":[{"itemRef":"D:templates_cabinet_base_standard_rectangular","position":["0","0","0"],"orientation":["0","0","0"],"scale":["1","1","1"],"inverted":false,"dimension":{"width":"$PW$","height":"$PH$","depth":"$PD$"}}],"featureRefs":[{"featureRef":"Doors_and_Finishes","scoped":false},{"featureRef":"Handles","defaultOptionCode":"PULL1","scoped":false}],"restrictionRefs":["GSV2-011Doors_and_Finishes-016Handles"],"sequenceFactor":4},{"code":"2DMB60R","refCodes":{"manufCode":"MB60","sku":"MB60","others":{"CiC2RefCode":"DEMO_M.DEMO_M.R.41994","cic":"2DMB60R","legacyCode":"Cyncly.DEMO_M.2DMB60R.7232","legacyCodeCatalog":"DEMO_M.2DMB60R.7232","legacyCodeManuf":"Cyncly.2DMB60R.7232","userCode":"2DMB60R"}},"names":{"main":{"en-US":"2DMB60R"},"planView":{"en-US":"B600R"}},"descriptions":{"main":{"en-US":"60 cm 2 Doors Mid-Base - Right"}},"images":{"main":{"uri":"assets/images/2dmb60r.jpg"}},"classification":{"baseItemType":"cabinetry.cabinet","characteristics":{"cabinetType":["standard"],"openingDirection":["right"],"shapeType":["rectangular"],"subType":["base"],"targetRooms":["kitchen"]},"fullItemType":"Kitchen.Cabinet.Mid-Base.Standard.Rectangular..FullDoor.HRight"},"groupRefs":["41991"],"visible":true,"sequenceOrder":1000117,"attributes":[{"attributeRef":"D:COMMON_RESTRICTION_HANDLES_POSITIONING_BASEDOOR","value":"TOP_SIDE_VERTICAL","overridable":false},{"attributeRef":"D:COMMON_DEFAULT_HANDLES_POSITIONING_BASEDOOR","value":"TOP_SIDE_VERTICAL","overridable":false},{"attributeRef":"D:COMMON_DEFINITION_HANDLES_POSITIONING_BASEDOOR","value":"TOP_SIDE_VERTICAL","overridable":false},{"attributeRef":"D:COMMON_MEASURE_CONFHEIGHT1","value":"870","overridable":false},{"attributeRef":"D:COMMON_SECTION_2","value":"True","overridable":false},{"attributeRef":"D:COMMON_CONFIG_SHELF1","value":"TRUE","overridable":false},{"attributeRef":"D:COMMON_DECORATIVE_TYPE_INTEGRATION_TOEKICK","value":"Cross","overridable":false},{"attributeRef":"D:COMMON_LEG_POSITIONY3","value":"125","overridable":false},{"attributeRef":"D:COMMON_LEG_POSITIONY4","value":"125","overridable":false},{"attributeRef":"D:COMMON_LEG_QUANTITY","value":"4","overridable":false},{"attributeRef":"D:COMMON_LEG_STYLE","value":"Tubular Leg","overridable":false},{"attributeRef":"D:COMMON_NUMFRONTDOOR1","value":"1","overridable":false},{"attributeRef":"D:COMMON_CUSTOMV_NUMFRONTDOOR1_1","value":"1","overridable":false},{"attributeRef":"D:COMMON_NUMFRONTDOOR2","value":"1","overridable":false},{"attributeRef":"D:COMMON_CUSTOMV_NUMFRONTDOOR1_2","value":"1","overridable":false},{"attributeRef":"D:COMMON_QUANTITY_SHELF_1","value":"1","overridable":false},{"attributeRef":"D:COMMON_QUANTITY_SHELF_2","value":"0","overridable":false},{"attributeRef":"D:TEMPLATES_BASE_STANDARD_RECTANGULAR_SHELF","value":"Shelf","overridable":false},{"attributeRef":"D:TEMPLATES_GENERAL_CAB_STYLE","value":"Frameless","overridable":false},{"attributeRef":"D:COMMON_DOOR_HINGE","value":"1 (Reversed)","overridable":false},{"attributeRef":"D:COMMON_CUSTOMV_DOOR_HINGE_1_1","value":"1 (Reversed)","overridable":false},{"attributeRef":"D:COMMON_CUSTOMV_DOOR_HINGE_1_2","value":"1 (Reversed)","overridable":false},{"attributeRef":"CCSBOX","value":"Standard Base","overridable":false},{"attributeRef":"D:TEMPLATES_BASE_STANDARD_RECTANGULAR_STRUCTURE","value":"Standard Base","overridable":false},{"attributeRef":"D:COMMON_STYLE_FRAMELESS_CONFIG1","value":"FHD Base","overridable":false},{"attributeRef":"D:COMMON_STYLE_FRAMELESS_CONFIG2","value":"FHD Wall","overridable":false},{"attributeRef":"D:COMMON_STYLECABINET_BACK","value":"Full Back","overridable":false},{"attributeRef":"D:COMMON_STYLECABINET_TOP","value":"Back & Front Stretchers","overridable":false},{"attributeRef":"D:COMMON_SHELF_DEPTH","value":"510","overridable":false},{"attributeRef":"D:COMMON_SHELF_DEPTH_2","value":"510","overridable":false},{"attributeRef":"CCSGC","value":"Full Height Door / Door","overridable":false},{"attributeRef":"D:TEMPLATES_BASE_STANDARD_RECTANGULAR_CONFIG","value":"Full Height Door / Door","overridable":false},{"attributeRef":"D:COMMON_STYLE_TOEKICK","value":"Floating Structure or Feet/Legs","overridable":false},{"attributeRef":"D:COMMON_CLEARANCE_TOEKICK","value":"75","overridable":false},{"attributeRef":"CCTH","value":"150","overridable":false},{"attributeRef":"D:COMMON_TOEKICK_HEIGHT","value":"150","overridable":false},{"attributeRef":"D:COMMON_WORKTOP_OVERHANG_FRONT","value":"40","overridable":false},{"attributeRef":"MANUF","value":"MB60","overridable":false},{"attributeRef":"RECHG","value":"1","overridable":false},{"attributeRef":"REF_Doors_and_Finishes","value":"#MOD_Doors_and_Finishes_REF#","overridable":false},{"attributeRef":"REF_Handles","value":"#MOD_Handles_REF#","overridable":false},{"attributeRef":"REF_NumCabDOorPull","value":"2","overridable":false},{"attributeRef":"D:searchToeKick","value":"searchItem('', '{\"classificationFilter\":{\"fullItemTypes\":[\"Kitchen.Molding.ForCabinetBase.Bottom\"]},\"catalogCodeFilters\":[{\"manufRefCode\":\"073970e1-93ad-4e81-b20e-7034fa47c4f7\",\"catalogRefCodes\":[{\"code\":\"DEMO_M\"}]}]}')"}],"dimensions":{"width":{"defaultValue":"600"},"height":{"defaultValue":"1350"},"depth":{"defaultValue":"560"}},"subItems":[{"itemRef":"D:templates_cabinet_base_standard_rectangular","position":["0","0","0"],"orientation":["0","0","0"],"scale":["1","1","1"],"inverted":false,"dimension":{"width":"$PW$","height":"$PH$","depth":"$PD$"}}],"featureRefs":[{"featureRef":"Doors_and_Finishes","scoped":false},{"featureRef":"Handles","defaultOptionCode":"PULL1","scoped":false}],"restrictionRefs":["GSV2-011Doors_and_Finishes-016Handles"],"sequenceFactor":3},{"code":"2DRMBO600","refCodes":{"manufCode":"MB60","sku":"MB60","others":{"CiC2RefCode":"DEMO_M.DEMO_M.R.42000","cic":"2DRMBO600","legacyCode":"Cyncly.DEMO_M.2DRMBO600.7232","legacyCodeCatalog":"DEMO_M.2DRMBO600.7232","legacyCodeManuf":"Cyncly.2DRMBO600.7232","userCode":"2DRMBO600"}},"names":{"main":{"en-US":"2DRMBO600"},"planView":{"en-US":"BO600"}},"descriptions":{"main":{"en-US":"60 cm 2 Drawers Integrated Mid-Base Oven"}},"images":{"main":{"uri":"assets/images/2drmbo600.jpg"}},"classification":{"baseItemType":"cabinetry.cabinet","characteristics":{"cabinetType":["standard"],"primaryFunctions":["cooktop"],"shapeType":["rectangular"],"subType":["base"],"targetRooms":["kitchen"]},"fullItemType":"Kitchen.Cabinet.Mid-Base.Standard.Rectangular..FullDoor.HLeft..ForSingleOven"},"groupRefs":["41997"],"visible":true,"sequenceOrder":1000120,"attributes":[{"attributeRef":"D:COMMON_DEFAULT_HANDLES_POSITIONING_BASEDRAWER","value":"MIDDLE_CENTER_HORIZONTAL","overridable":false},{"attributeRef":"D:COMMON_DEFINITION_HANDLES_POSITIONING_BASEDRAWER","value":"MIDDLE_CENTER_HORIZONTAL","overridable":false},{"attributeRef":"D:COMMON_APPLIANCE_CUTOUT_HEIGHT1","value":"600","overridable":false},{"attributeRef":"D:COMMON_APPLIANCE_CUTOUT_WIDTH1","value":"600","overridable":false},{"attributeRef":"D:COMMON_RESTRICTION_HANDLES_POSITIONING_BASEDOOR","value":"TOP_CENTER_HORIZONTAL","overridable":false},{"attributeRef":"D:COMMON_DEFAULT_HANDLES_POSITIONING_BASEDOOR","value":"TOP_CENTER_HORIZONTAL","overridable":false},{"attributeRef":"D:COMMON_DEFINITION_HANDLES_POSITIONING_BASEDOOR","value":"TOP_CENTER_HORIZONTAL","overridable":false},{"attributeRef":"D:COMMON_MEASURE_CONFHEIGHT1","value":"650","overridable":false},{"attributeRef":"D:COMMON_SECTION_2","value":"True","overridable":false},{"attributeRef":"D:COMMON_DECORATIVE_TYPE_INTEGRATION_APPLIANCE_1","value":"Cross - Oven","overridable":false},{"attributeRef":"D:COMMON_DECORATIVE_TYPE_INTEGRATION_TOEKICK","value":"Cross","overridable":false},{"attributeRef":"D:COMMON_DRAWERBOX_DEPTH","value":"$PD$-3","overridable":false},{"attributeRef":"D:COMMON_DRAWERBOX2_DEPTH","value":"$PD$-3","overridable":false},{"attributeRef":"D:COMMON_DRAWERBOX3_DEPTH","value":"$PD$-3","overridable":false},{"attributeRef":"D:COMMON_DRAWERBOX4_DEPTH","value":"$PD$-3","overridable":false},{"attributeRef":"D:COMMON_DRAWERBOX5_DEPTH","value":"$PD$-3","overridable":false},{"attributeRef":"D:COMMON_DRAWERBOX6_DEPTH","value":"$PD$-3","overridable":false},{"attributeRef":"D:COMMON_DRAWERBOX7_DEPTH","value":"$PD$-3","overridable":false},{"attributeRef":"D:COMMON_DRAWERBOX8_DEPTH","value":"$PD$-3","overridable":false},{"attributeRef":"D:COMMON_DRAWERBOX9_DEPTH","value":"$PD$-3","overridable":false},{"attributeRef":"D:COMMON_CUSTOMV_DRAWERBOX_DEPTH2_1","value":"$PD$-3","overridable":false},{"attributeRef":"D:COMMON_CUSTOMV_DRAWERBOX_DEPTH3_1","value":"$PD$-3","overridable":false},{"attributeRef":"D:COMMON_CUSTOMV_DRAWERBOX_DEPTH4_1","value":"$PD$-3","overridable":false},{"attributeRef":"D:COMMON_CUSTOMV_DRAWERBOX_DEPTH5_1","value":"$PD$-3","overridable":false},{"attributeRef":"D:COMMON_CUSTOMV_DRAWERBOX_DEPTH6_1","value":"$PD$-3","overridable":false},{"attributeRef":"D:COMMON_CUSTOMV_DRAWERBOX_DEPTH1_1","value":"$PD$-3","overridable":false},{"attributeRef":"D:COMMON_CUSTOMV_DRAWERBOX_DEPTH1_2","value":"$PD$-3","overridable":false},{"attributeRef":"D:COMMON_CUSTOMV_DRAWERBOX_DEPTH2_2","value":"$PD$-3","overridable":false},{"attributeRef":"D:COMMON_CUSTOMV_DRAWERBOX_DEPTH3_2","value":"$PD$-3","overridable":false},{"attributeRef":"D:COMMON_CUSTOMV_DRAWERBOX_DEPTH4_2","value":"$PD$-3","overridable":false},{"attributeRef":"D:COMMON_CUSTOMV_DRAWERBOX_DEPTH5_2","value":"$PD$-3","overridable":false},{"attributeRef":"D:COMMON_CUSTOMV_DRAWERBOX_DEPTH6_2","value":"$PD$-3","overridable":false},{"attributeRef":"D:COMMON_CUSTOMV_DRAWERBOX_DEPTH1_3","value":"$PD$-3","overridable":false},{"attributeRef":"D:COMMON_CUSTOMV_DRAWERBOX_DEPTH2_3","value":"$PD$-3","overridable":false},{"attributeRef":"D:COMMON_CUSTOMV_DRAWERBOX_DEPTH3_3","value":"$PD$-3","overridable":false},{"attributeRef":"D:COMMON_CUSTOMV_DRAWERBOX_DEPTH4_3","value":"$PD$-3","overridable":false},{"attributeRef":"D:COMMON_CUSTOMV_DRAWERBOX_DEPTH5_3","value":"$PD$-3","overridable":false},{"attributeRef":"D:COMMON_CUSTOMV_DRAWERBOX_DEPTH6_3","value":"$PD$-3","overridable":false},{"attributeRef":"D:COMMON_CUSTOMV_DRAWERBOX_DEPTH1_4","value":"$PD$-3","overridable":false},{"attributeRef":"D:COMMON_CUSTOMV_DRAWERBOX_DEPTH2_4","value":"$PD$-3","overridable":false},{"attributeRef":"D:COMMON_CUSTOMV_DRAWERBOX_DEPTH3_4","value":"$PD$-3","overridable":false},{"attributeRef":"D:COMMON_CUSTOMV_DRAWERBOX_DEPTH4_4","value":"$PD$-3","overridable":false},{"attributeRef":"D:COMMON_CUSTOMV_DRAWERBOX_DEPTH5_4","value":"$PD$-3","overridable":false},{"attributeRef":"D:COMMON_CUSTOMV_DRAWERBOX_DEPTH6_4","value":"$PD$-3","overridable":false},{"attributeRef":"D:COMMON_CUSTOMV_DRAWERBOX_DEPTH1_5","value":"$PD$-3","overridable":false},{"attributeRef":"D:COMMON_CUSTOMV_DRAWERBOX_DEPTH2_5","value":"$PD$-3","overridable":false},{"attributeRef":"D:COMMON_CUSTOMV_DRAWERBOX_DEPTH3_5","value":"$PD$-3","overridable":false},{"attributeRef":"D:COMMON_CUSTOMV_DRAWERBOX_DEPTH4_5","value":"$PD$-3","overridable":false},{"attributeRef":"D:COMMON_CUSTOMV_DRAWERBOX_DEPTH5_5","value":"$PD$-3","overridable":false},{"attributeRef":"D:COMMON_CUSTOMV_DRAWERBOX_DEPTH6_5","value":"$PD$-3","overridable":false},{"attributeRef":"D:COMMON_LEG_POSITIONY3","value":"125","overridable":false},{"attributeRef":"D:COMMON_LEG_POSITIONY4","value":"125","overridable":false},{"attributeRef":"D:COMMON_LEG_QUANTITY","value":"4","overridable":false},{"attributeRef":"D:COMMON_LEG_STYLE","value":"Tubular Leg","overridable":false},{"attributeRef":"D:COMMON_DRAWER_PULL","value":"1","overridable":false},{"attributeRef":"D:COMMON_DRAWER_PULL_2","value":"1","overridable":false},{"attributeRef":"D:COMMON_DRAWER_PULL_3","value":"1","overridable":false},{"attributeRef":"D:COMMON_DRAWER_PULL_4","value":"1","overridable":false},{"attributeRef":"D:COMMON_DRAWER_PULL_5","value":"1","overridable":false},{"attributeRef":"D:COMMON_DRAWER_PULL_6","value":"1","overridable":false},{"attributeRef":"D:COMMON_DRAWER_PULL_7","value":"1","overridable":false},{"attributeRef":"D:COMMON_DRAWER_PULL_8","value":"1","overridable":false},{"attributeRef":"D:COMMON_DRAWER_PULL_9","value":"1","overridable":false},{"attributeRef":"D:COMMON_CUSTOMV_DRAWER_PULL1_1","value":"1","overridable":false},{"attributeRef":"D:COMMON_CUSTOMV_DRAWER_PULL2_1","value":"1","overridable":false},{"attributeRef":"D:COMMON_CUSTOMV_DRAWER_PULL3_1","value":"1","overridable":false},{"attributeRef":"D:COMMON_CUSTOMV_DRAWER_PULL4_1","value":"1","overridable":false},{"attributeRef":"D:COMMON_CUSTOMV_DRAWER_PULL5_1","value":"1","overridable":false},{"attributeRef":"D:COMMON_CUSTOMV_DRAWER_PULL6_1","value":"1","overridable":false},{"attributeRef":"D:COMMON_CUSTOMV_DRAWER_PULL1_2","value":"1","overridable":false},{"attributeRef":"D:COMMON_CUSTOMV_DRAWER_PULL2_2","value":"1","overridable":false},{"attributeRef":"D:COMMON_CUSTOMV_DRAWER_PULL3_2","value":"1","overridable":false},{"attributeRef":"D:COMMON_CUSTOMV_DRAWER_PULL4_2","value":"1","overridable":false},{"attributeRef":"D:COMMON_CUSTOMV_DRAWER_PULL5_2","value":"1","overridable":false},{"attributeRef":"D:COMMON_CUSTOMV_DRAWER_PULL6_2","value":"1","overridable":false},{"attributeRef":"D:COMMON_CUSTOMV_DRAWER_PULL1_3","value":"1","overridable":false},{"attributeRef":"D:COMMON_CUSTOMV_DRAWER_PULL2_3","value":"1","overridable":false},{"attributeRef":"D:COMMON_CUSTOMV_DRAWER_PULL3_3","value":"1","overridable":false},{"attributeRef":"D:COMMON_CUSTOMV_DRAWER_PULL4_3","value":"1","overridable":false},{"attributeRef":"D:COMMON_CUSTOMV_DRAWER_PULL5_3","value":"1","overridable":false},{"attributeRef":"D:COMMON_CUSTOMV_DRAWER_PULL6_3","value":"1","overridable":false},{"attributeRef":"D:COMMON_CUSTOMV_DRAWER_PULL1_4","value":"1","overridable":false},{"attributeRef":"D:COMMON_CUSTOMV_DRAWER_PULL2_4","value":"1","overridable":false},{"attributeRef":"D:COMMON_CUSTOMV_DRAWER_PULL3_4","value":"1","overridable":false},{"attributeRef":"D:COMMON_CUSTOMV_DRAWER_PULL4_4","value":"1","overridable":false},{"attributeRef":"D:COMMON_CUSTOMV_DRAWER_PULL5_4","value":"1","overridable":false},{"attributeRef":"D:COMMON_CUSTOMV_DRAWER_PULL6_4","value":"1","overridable":false},{"attributeRef":"D:COMMON_CUSTOMV_DRAWER_PULL1_5","value":"1","overridable":false},{"attributeRef":"D:COMMON_CUSTOMV_DRAWER_PULL2_5","value":"1","overridable":false},{"attributeRef":"D:COMMON_CUSTOMV_DRAWER_PULL3_5","value":"1","overridable":false},{"attributeRef":"D:COMMON_CUSTOMV_DRAWER_PULL4_5","value":"1","overridable":false},{"attributeRef":"D:COMMON_CUSTOMV_DRAWER_PULL5_5","value":"1","overridable":false},{"attributeRef":"D:COMMON_CUSTOMV_DRAWER_PULL6_5","value":"1","overridable":false},{"attributeRef":"D:COMMON_NUMFRONTDOOR3","value":"1","overridable":false},{"attributeRef":"D:COMMON_CUSTOMV_NUMFRONTDOOR1_3","value":"1","overridable":false},{"attributeRef":"D:TEMPLATES_GENERAL_CAB_STYLE","value":"Frameless","overridable":false},{"attributeRef":"CCSBOX","value":"Standard Base","overridable":false},{"attributeRef":"D:TEMPLATES_BASE_STANDARD_RECTANGULAR_STRUCTURE","value":"Standard Base","overridable":false},{"attributeRef":"D:COMMON_STYLECABINET_BACK","value":"Full Back","overridable":false},{"attributeRef":"D:COMMON_STYLECABINET_TOP","value":"Back & Front Stretchers","overridable":false},{"attributeRef":"CCSGC","value":"2 Drawers / Cutout (CONFHEIGHT1)","overridable":false},{"attributeRef":"D:TEMPLATES_BASE_STANDARD_RECTANGULAR_CONFIG","value":"2 Drawers / Cutout (CONFHEIGHT1)","overridable":false},{"attributeRef":"D:COMMON_STYLE_TOEKICK","value":"Floating Structure or Feet/Legs","overridable":false},{"attributeRef":"D:COMMON_CLEARANCE_TOEKICK","value":"75","overridable":false},{"attributeRef":"CCTH","value":"150","overridable":false},{"attributeRef":"D:COMMON_TOEKICK_HEIGHT","value":"150","overridable":false},{"attributeRef":"D:COMMON_CUSTOMV_DRAWER_HEIGHT1_1","value":"250","overridable":false},{"attributeRef":"D:COMMON_WORKTOP_OVERHANG_FRONT","value":"40","overridable":false},{"attributeRef":"MANUF","value":"MB60","overridable":false},{"attributeRef":"REF_Doors_and_Finishes","value":"#MOD_Doors_and_Finishes_REF#","overridable":false},{"attributeRef":"REF_Handles","value":"#MOD_Handles_REF#","overridable":false},{"attributeRef":"REF_NumCabDOorPull","value":"2","overridable":false},{"attributeRef":"D:searchOven","value":"searchItem('', '{\"classificationFilter\":{\"fullItemTypes\":[\"Kitchen.Appliance.Oven.Built-In.Gas\"]},\"catalogCodeFilters\":[{\"manufRefCode\":\"073970e1-93ad-4e81-b20e-7034fa47c4f7\",\"catalogRefCodes\":[{\"code\":\"GENAP_IN\"}]}]}')"},{"attributeRef":"D:searchToeKick","value":"searchItem('', '{\"classificationFilter\":{\"fullItemTypes\":[\"Kitchen.Molding.ForCabinetBase.Bottom\"]},\"catalogCodeFilters\":[{\"manufRefCode\":\"073970e1-93ad-4e81-b20e-7034fa47c4f7\",\"catalogRefCodes\":[{\"code\":\"DEMO_M\"}]}]}')"}],"dimensions":{"width":{"defaultValue":"600"},"height":{"defaultValue":"1350"},"depth":{"defaultValue":"560"}},"subItems":[{"itemRef":"D:templates_cabinet_base_standard_rectangular","position":["0","0","0"],"orientation":["0","0","0"],"scale":["1","1","1"],"inverted":false,"dimension":{"width":"$PW$","height":"$PH$","depth":"$PD$"}}],"featureRefs":[{"featureRef":"Doors_and_Finishes","scoped":false},{"featureRef":"Handles","defaultOptionCode":"PULL1","scoped":false}],"restrictionRefs":["GSV2-011Doors_and_Finishes-016Handles"],"sequenceFactor":2}]