[{"code":"SPL","refCodes":{"manufCode":"SPL","others":{"CiC2RefCode":"DEMO_M.DEMO_M.R.38881","cic":"SPL","legacyCode":"Cyncly.DEMO_M.SPL.3808","legacyCodeCatalog":"DEMO_M.SPL.3808","legacyCodeManuf":"Cyncly.SPL.3808","userCode":"SPL"}},"names":{"main":{"en-US":"SPL"}},"descriptions":{"main":{"en-US":"Splashback - 3000mm"},"short":{"en-US":"Splashback"}},"images":{"main":{"uri":"assets/images/sunset_illusion.jpg"}},"classification":{"baseItemType":"cabinetry.panel","characteristics":{"application":["wall"],"subType":["back"],"targetRooms":["kitchen"]},"fullItemType":"Kitchen.Panel.Wall.Back.Rectangular"},"groupRefs":["38880"],"visible":true,"sequenceOrder":1000189,"attributes":[{"attributeRef":"D:TEMPLATES_GENERAL_CAB_STYLE","value":"Frameless","overridable":false},{"attributeRef":"CCSBOX","value":"Wall Back Panel","overridable":false},{"attributeRef":"D:TEMPLATES_WALL_BACK_PANEL","value":"Wall Back Panel","overridable":false},{"attributeRef":"REF_Splashback_Finish","value":"#MOD_Splashback_Finish_REF#","overridable":false}],"dimensions":{"width":{"defaultValue":"600","range":{"min":"50","max":"3000","increment":"1.0"}},"height":{"defaultValue":"600","range":{"min":"50","max":"800","increment":"1.0"}},"depth":{"defaultValue":"5"}},"subItems":[{"itemRef":"D:templates_cabinet_wall_back_panel","position":["0","0","0"],"orientation":["0","0","0"],"scale":["1","1","1"],"inverted":false,"dimension":{"width":"$PW$","height":"$PH$","depth":"$PD$"}},{"itemRef":"SPL1","condition":"#HasSPL1#","repetitions":"1","inverted":false},{"itemRef":"SPL2","condition":"#HasSPL2#","repetitions":"1","inverted":false},{"itemRef":"SPL3","condition":"#HasSPL3#","repetitions":"1","inverted":false}],"featureRefs":[{"featureRef":"Splashback_Finish","defaultOptionCode":"spl1","scoped":false}],"sequenceFactor":1}]