[{"code":"TF","refCodes":{"manufCode":"TF","sku":"TF","others":{"CiC2RefCode":"DEMO_M.DEMO_M.R.36813","cic":"TF","legacyCode":"Cyncly.DEMO_M.TF.7248","legacyCodeCatalog":"DEMO_M.TF.7248","legacyCodeManuf":"Cyncly.TF.7248","userCode":"TF"}},"names":{"main":{"en-US":"TF"},"planView":{"en-US":"TF"}},"descriptions":{"main":{"en-US":"Tall Filler"}},"images":{"main":{"uri":"assets/images/tf.jpg"}},"classification":{"baseItemType":"cabinetry.filler","characteristics":{"fillerType":["carcase"],"shapeType":["rectangular"],"subType":["tall"],"targetRooms":["kitchen"]},"fullItemType":"Kitchen.Filler.Tall.Standard.Rectangular"},"groupRefs":["36812"],"visible":true,"sequenceOrder":1000188,"attributes":[{"attributeRef":"D:COMMON_DECORATIVE_TYPE_INTEGRATION_TOEKICK","value":"Cross","overridable":false},{"attributeRef":"D:COMMON_LEG_POSITIONY3","value":"125","overridable":false},{"attributeRef":"D:COMMON_LEG_POSITIONY4","value":"125","overridable":false},{"attributeRef":"D:COMMON_LEG_QUANTITY","value":"2","overridable":false},{"attributeRef":"D:COMMON_LEG_STYLE","value":"Tubular Leg","overridable":false},{"attributeRef":"D:TEMPLATES_GENERAL_CAB_STYLE","value":"Frameless","overridable":false},{"attributeRef":"CCSBOX","value":"Base Filler 02 - Toe Kick","overridable":false},{"attributeRef":"D:TEMPLATES_TALL_FILLER","value":"Base Filler 02 - Toe Kick","overridable":false},{"attributeRef":"D:COMMON_STYLE_TOEKICK","value":"Floating Structure or Feet/Legs","overridable":false},{"attributeRef":"D:COMMON_CLEARANCE_TOEKICK","value":"95","overridable":false},{"attributeRef":"CCTH","value":"150","overridable":false},{"attributeRef":"D:COMMON_TOEKICK_HEIGHT","value":"150","overridable":false},{"attributeRef":"MANUF","value":"TF","overridable":false},{"attributeRef":"REF_Doors_and_Finishes","value":"#MOD_Doors_and_Finishes_REF#","overridable":false},{"attributeRef":"D:searchToeKick","value":"searchItem('', '{\"classificationFilter\":{\"fullItemTypes\":[\"Kitchen.Molding.ForCabinetBase.Bottom\"]},\"catalogCodeFilters\":[{\"manufRefCode\":\"073970e1-93ad-4e81-b20e-7034fa47c4f7\",\"catalogRefCodes\":[{\"code\":\"DEMO_M\"}]}]}')"}],"dimensions":{"width":{"defaultValue":"50","range":{"min":"1","max":"150","increment":"1.0"}},"height":{"defaultValue":"2250"},"depth":{"defaultValue":"580"}},"subItems":[{"itemRef":"D:templates_cabinet_tall_filler_left","position":["0","0","0"],"orientation":["0","0","0"],"scale":["1","1","1"],"inverted":false,"dimension":{"width":"$PW$","height":"$PH$","depth":"$PD$"}}],"featureRefs":[{"featureRef":"Doors_and_Finishes","scoped":false}],"sequenceFactor":1}]