[{"code":"WORKTOP","refCodes":{"manufCode":"WORKTOP","others":{"CiC2RefCode":"DEMO_M.DEMO_M.R.38921","cic":"WORKTOP","legacyCode":"Cyncly.DEMO_M.WORKTOP.7232","legacyCodeCatalog":"DEMO_M.WORKTOP.7232","legacyCodeManuf":"Cyncly.WORKTOP.7232","userCode":"WORKTOP"}},"names":{"main":{"en-US":"WORKTOP"}},"descriptions":{"main":{"en-US":"Worktop Extenstion"}},"images":{"main":{"uri":"assets/images/wtp1.jpg"}},"classification":{"baseItemType":"worktop.slab","characteristics":{"finish":["gloss"],"material":["stone"],"pattern":["marble"],"surfaceDesign":["granite"],"targetRooms":["kitchen"]},"fullItemType":"Common.Worktop.Free.Extension"},"groupRefs":["38920"],"visible":true,"sequenceOrder":1000190,"attributes":[{"attributeRef":"D:TEMPLATES_GENERAL_CAB_STYLE","value":"Frameless","overridable":false},{"attributeRef":"D:COMMON_WORKTOP_OVERHANG_FRONT","value":"40","overridable":false},{"attributeRef":"EOPM","value":"1","overridable":false},{"attributeRef":"D:COMMON_WORKTOP_MAX_WIDTH","value":"2400","overridable":false},{"attributeRef":"D:COMMON_WORKTOP_MIN_WIDTH","value":"10","overridable":false},{"attributeRef":"REF_Countertop_Material","value":"#MOD_Countertop_Material_REF#","overridable":false},{"attributeRef":"REF_EOPM","value":"#EOPM#","overridable":false},{"attributeRef":"REF_RUPM","value":"#RUPM#","overridable":false},{"attributeRef":"REF_UOPR","value":"#UOPR#","overridable":false},{"attributeRef":"RUPM","value":"0","overridable":false},{"attributeRef":"UOPR","value":"2400","overridable":false}],"dimensions":{"width":{"defaultValue":"600","range":{"min":"10","max":"2400","increment":"1.0"}},"height":{"defaultValue":"38"},"depth":{"defaultValue":"590","range":{"min":"10","max":"1500","increment":"1.0"}}},"insertionOffsets":{"others":{"upDown":{"position":["0","0","860"],"context":{"locationType":["onFloor"]}}}},"subItems":[{"itemRef":"D:common_parts_countertops_rectangular","position":["0","0","0"],"orientation":["0","0","0"],"scale":["1","1","1"],"inverted":false,"dimension":{"width":"$PW$","height":"#CTT#","depth":"$PD$"}},{"itemRef":"Countertop_Material","condition":"#HasCountertop_Material#","repetitions":"1","inverted":false},{"itemRef":"Countertop_Material_43009","condition":"#HasCountertop_Material_43009#","repetitions":"1","inverted":false},{"itemRef":"Countertop_Material_43054","condition":"#HasCountertop_Material_43054#","repetitions":"1","inverted":false},{"itemRef":"Countertop_Material_43055","condition":"#HasCountertop_Material_43055#","repetitions":"1","inverted":false},{"itemRef":"Countertop_Material_43056","condition":"#HasCountertop_Material_43056#","repetitions":"1","inverted":false},{"itemRef":"Countertop_Material_43066","condition":"#HasCountertop_Material_43066#","repetitions":"1","inverted":false},{"itemRef":"Countertop_Material_43067","condition":"#HasCountertop_Material_43067#","repetitions":"1","inverted":false},{"itemRef":"Countertop_Material_43074","condition":"#HasCountertop_Material_43074#","repetitions":"1","inverted":false},{"itemRef":"Countertop_Material_43075","condition":"#HasCountertop_Material_43075#","repetitions":"1","inverted":false},{"itemRef":"Countertop_Material_43076","condition":"#HasCountertop_Material_43076#","repetitions":"1","inverted":false}],"featureRefs":[{"featureRef":"Countertop_Material","defaultOptionCode":"countertop_material_43009","scoped":false}],"sequenceFactor":1}]