[{"code":"WTP","refCodes":{"manufCode":"WTP","others":{"CiC2RefCode":"DEMO_M.DEMO_M.R.37684","cic":"WTP","legacyCode":"Cyncly.DEMO_M.WTP.72","legacyCodeCatalog":"DEMO_M.WTP.72","legacyCodeManuf":"Cyncly.WTP.72","userCode":"WTP"}},"names":{"main":{"en-US":"WTP"}},"descriptions":{"main":{"en-US":"CIC3 Worktop"}},"images":{"main":{"uri":"assets/images/wtp1.jpg"}},"classification":{"baseItemType":"worktop.slab","fullItemType":"Common.Worktop"},"groupRefs":["37683"],"visible":true,"sequenceOrder":1000192,"attributes":[{"attributeRef":"D:TEMPLATES_GENERAL_CAB_STYLE","value":"Frameless","overridable":false},{"attributeRef":"D:COMMON_WORKTOP_OVERHANG_FRONT","value":"40","overridable":false},{"attributeRef":"EOPM","value":"1","overridable":false},{"attributeRef":"REF_Countertop_Material","value":"#MOD_Countertop_Material_REF#","overridable":false},{"attributeRef":"REF_EOPM","value":"#EOPM#","overridable":false},{"attributeRef":"REF_RUPM","value":"#RUPM#","overridable":false},{"attributeRef":"REF_UOPR","value":"#UOPR#","overridable":false},{"attributeRef":"RUPM","value":"2400","overridable":false},{"attributeRef":"UOPR","value":"0","overridable":false}],"dimensions":{"width":{"defaultValue":"600"},"height":{"defaultValue":"#CTT#>0?#CTT#:33"},"depth":{"defaultValue":"600","range":{"min":"10","max":"1000","increment":"1.0"}}},"subItems":[{"itemRef":"D:common_parts_countertops_rectangular","position":["0","0","0"],"orientation":["0","0","0"],"scale":["1","1","1"],"inverted":false,"dimension":{"width":"$PW$","height":"#CTT#","depth":"$PD$"}},{"itemRef":"Countertop_Material","condition":"#HasCountertop_Material#","repetitions":"1","inverted":false},{"itemRef":"Countertop_Material_43009","condition":"#HasCountertop_Material_43009#","repetitions":"1","inverted":false},{"itemRef":"Countertop_Material_43054","condition":"#HasCountertop_Material_43054#","repetitions":"1","inverted":false},{"itemRef":"Countertop_Material_43055","condition":"#HasCountertop_Material_43055#","repetitions":"1","inverted":false},{"itemRef":"Countertop_Material_43056","condition":"#HasCountertop_Material_43056#","repetitions":"1","inverted":false},{"itemRef":"Countertop_Material_43066","condition":"#HasCountertop_Material_43066#","repetitions":"1","inverted":false},{"itemRef":"Countertop_Material_43067","condition":"#HasCountertop_Material_43067#","repetitions":"1","inverted":false},{"itemRef":"Countertop_Material_43074","condition":"#HasCountertop_Material_43074#","repetitions":"1","inverted":false},{"itemRef":"Countertop_Material_43075","condition":"#HasCountertop_Material_43075#","repetitions":"1","inverted":false},{"itemRef":"Countertop_Material_43076","condition":"#HasCountertop_Material_43076#","repetitions":"1","inverted":false}],"featureRefs":[{"featureRef":"Countertop_Material","defaultOptionCode":"countertop_material","scoped":false}],"sequenceFactor":1},{"code":"WTP1","refCodes":{"manufCode":"WTP1","others":{"CiC2RefCode":"DEMO_M.DEMO_M.R.35505","cic":"WTP1","legacyCode":"Cyncly.DEMO_M.WTP1.72","legacyCodeCatalog":"DEMO_M.WTP1.72","legacyCodeManuf":"Cyncly.WTP1.72","userCode":"WTP1"}},"names":{"main":{"en-US":"WTP1"},"planView":{"en-US":"WTP1"}},"descriptions":{"main":{"en-US":"SolidWood - Dark"},"short":{"en-US":"WTP1"}},"images":{"main":{"uri":"assets/images/worktop_custom_wood.jpg"}},"classification":{"baseItemType":"worktop.slab","fullItemType":"Common.Worktop"},"groupRefs":["35502"],"visible":true,"sequenceOrder":1001252,"attributes":[{"attributeRef":"D:TEMPLATES_GENERAL_CAB_STYLE","value":"Frameless","overridable":false},{"attributeRef":"D:COMMON_WORKTOP_OVERHANG_FRONT","value":"40","overridable":false},{"attributeRef":"EOPM","value":"1","overridable":false},{"attributeRef":"REF_EOPM","value":"#EOPM#","overridable":false},{"attributeRef":"REF_RUPM","value":"#RUPM#","overridable":false},{"attributeRef":"REF_UOPR","value":"#UOPR#","overridable":false},{"attributeRef":"RUPM","value":"2400","overridable":false},{"attributeRef":"UOPR","value":"2400","overridable":false},{"attributeRef":"VCT","value":"33005","overridable":false},{"attributeRef":"D:VCT","value":"33005","overridable":false}],"dimensions":{"width":{"defaultValue":"2400"},"height":{"defaultValue":"#CTT#>0?#CTT#:33"},"depth":{"defaultValue":"600"}},"geometries":{"main":{"uri":"assets/wtp1_cdnd7sq.glb","zUp":false,"standardScale":true,"redimensioning":{"method":"Parametric_Middle","strictMode":true},"layers":[{"layerName":"VCounterTop","materialRef":"#VCT#"}]}},"subItems":[{"itemRef":"D:common_parts_countertops_rectangular","position":["0","0","0"],"orientation":["0","0","0"],"scale":["1","1","1"],"inverted":false,"dimension":{"width":"$PW$","height":"#CTT#","depth":"$PD$"}}],"sequenceFactor":1}]