[{"code":"90WC60L","refCodes":{"manufCode":"90WC60","sku":"90WC60","others":{"CiC2RefCode":"DEMO_M.DEMO_M.R.32687","cic":"90WC60L","legacyCode":"Cyncly.DEMO_M.90WC60L.3169","legacyCodeCatalog":"DEMO_M.90WC60L.3169","legacyCodeManuf":"Cyncly.90WC60L.3169","userCode":"90WC60L"}},"names":{"main":{"en-US":"90WC60L"},"planView":{"en-US":"WC600TALLL"}},"descriptions":{"main":{"en-US":"Corner 90 Full Height Door - Left"}},"images":{"main":{"uri":"assets/images/90wc60l.jpg"}},"classification":{"baseItemType":"cabinetry.cabinet","characteristics":{"cabinetType":["corner"],"openingDirection":["left"],"shapeType":["90degrees"],"subType":["wall"],"targetRooms":["kitchen"]},"fullItemType":"Kitchen.Cabinet.Wall.Corner.90..FullDoor.HLeft"},"groupRefs":["41963"],"visible":true,"sequenceOrder":1000164,"attributes":[{"attributeRef":"BLP","value":"0","overridable":false},{"attributeRef":"D:COMMON_CLEARANCE_WALL_DIAGONALCORNER_BACK","value":"75","overridable":false},{"attributeRef":"D:COMMON_CLEARANCE_WALL_SQUARECORNER_BACK","value":"75","overridable":false},{"attributeRef":"D:COMMON_DOOR_INSET","value":"75","overridable":false},{"attributeRef":"D:COMMON_NUMFRONTDOOR1","value":"1","overridable":false},{"attributeRef":"D:COMMON_CUSTOMV_NUMFRONTDOOR1_1","value":"1","overridable":false},{"attributeRef":"D:COMMON_QUANTITY_SHELF_1","value":"2","overridable":false},{"attributeRef":"D:TEMPLATES_WALL_CORNER_90_SHELF","value":"Shelf Square Corner Wall","overridable":false},{"attributeRef":"D:TEMPLATES_GENERAL_CAB_STYLE","value":"Frameless","overridable":false},{"attributeRef":"D:COMMON_DOOR_HINGE","value":"0 (Standard)","overridable":false},{"attributeRef":"CCSBOX","value":"90 Corner Wall","overridable":false},{"attributeRef":"D:TEMPLATES_WALL_CORNER_90_STRUCTURE","value":"90 Corner Wall","overridable":false},{"attributeRef":"D:COMMON_SHELF_DEPTH","value":"250","overridable":false},{"attributeRef":"CCSGC","value":"Square Corner 90 Left","overridable":false},{"attributeRef":"D:TEMPLATES_WALL_CORNER_90_CONFIG","value":"Square Corner 90 Left","overridable":false},{"attributeRef":"D:COMMON_SHELF_WALLCORNER_DEPTH1","value":"250","overridable":false},{"attributeRef":"D:COMMON_WALLCORNER_DEPTH1","value":"300","overridable":false},{"attributeRef":"D:COMMON_WALLCORNER_DEPTH2","value":"300","overridable":false},{"attributeRef":"D:COMMON_WALLCORNER_WIDTH1","value":"600","overridable":false},{"attributeRef":"D:COMMON_WALLCORNER_WIDTH2","value":"600","overridable":false},{"attributeRef":"D:COMMON_RESTRICTION_HANDLES_POSITIONING_WALLDOOR","value":"BOTTOM_SIDE_VERTICAL","overridable":false},{"attributeRef":"D:COMMON_DEFAULT_HANDLES_POSITIONING_WALLDOOR","value":"BOTTOM_SIDE_VERTICAL","overridable":false},{"attributeRef":"D:COMMON_DEFINITION_HANDLES_POSITIONING_WALLDOOR","value":"BOTTOM_SIDE_VERTICAL","overridable":false},{"attributeRef":"MANUF","value":"90WC60","overridable":false},{"attributeRef":"MAXBF","value":"0","overridable":false},{"attributeRef":"MINBF","value":"0","overridable":false},{"attributeRef":"MXCP","value":"0","overridable":false},{"attributeRef":"RECHG","value":"0","overridable":false},{"attributeRef":"REF_Doors_and_Finishes","value":"#MOD_Doors_and_Finishes_REF#","overridable":false},{"attributeRef":"REF_Handles","value":"#MOD_Handles_REF#","overridable":false},{"attributeRef":"REF_NumCabDOorPull","value":"1","overridable":false},{"attributeRef":"W2","value":"$W$","overridable":false}],"dimensions":{"width":{"defaultValue":"600"},"height":{"defaultValue":"720"},"depth":{"defaultValue":"300"}},"subItems":[{"itemRef":"D:templates_cabinet_wall_corner_90_left","position":["0","0","0"],"orientation":["0","0","0"],"scale":["1","1","1"],"inverted":false,"dimension":{"width":"$PW$","height":"$PH$","depth":"$PW$"}}],"featureRefs":[{"featureRef":"Doors_and_Finishes","scoped":false},{"featureRef":"Handles","defaultOptionCode":"PULL1","scoped":false}],"restrictionRefs":["GSV2-011Doors_and_Finishes-016Handles"],"sequenceFactor":1},{"code":"90WC60R","refCodes":{"manufCode":"90WC60","sku":"90WC60","others":{"CiC2RefCode":"DEMO_M.DEMO_M.R.32688","cic":"90WC60R","legacyCode":"Cyncly.DEMO_M.90WC60R.3169","legacyCodeCatalog":"DEMO_M.90WC60R.3169","legacyCodeManuf":"Cyncly.90WC60R.3169","userCode":"90WC60R"}},"names":{"main":{"en-US":"90WC60R"},"planView":{"en-US":"WC600TALLR"}},"descriptions":{"main":{"en-US":"Corner 90 Full Height Door - Right"}},"images":{"main":{"uri":"assets/images/90wc60r.jpg"}},"classification":{"baseItemType":"cabinetry.cabinet","characteristics":{"cabinetType":["corner"],"openingDirection":["right"],"shapeType":["90degrees"],"subType":["wall"],"targetRooms":["kitchen"]},"fullItemType":"Kitchen.Cabinet.Wall.Corner.90..FullDoor.HRight"},"groupRefs":["41963"],"visible":true,"sequenceOrder":1000165,"attributes":[{"attributeRef":"BLP","value":"0","overridable":false},{"attributeRef":"D:COMMON_CLEARANCE_WALL_DIAGONALCORNER_BACK","value":"75","overridable":false},{"attributeRef":"D:COMMON_CLEARANCE_WALL_SQUARECORNER_BACK","value":"75","overridable":false},{"attributeRef":"D:COMMON_DOOR_INSET","value":"75","overridable":false},{"attributeRef":"D:COMMON_NUMFRONTDOOR1","value":"1","overridable":false},{"attributeRef":"D:COMMON_CUSTOMV_NUMFRONTDOOR1_1","value":"1","overridable":false},{"attributeRef":"D:COMMON_QUANTITY_SHELF_1","value":"2","overridable":false},{"attributeRef":"D:TEMPLATES_WALL_CORNER_90_SHELF","value":"Shelf Square Corner Wall","overridable":false},{"attributeRef":"D:TEMPLATES_GENERAL_CAB_STYLE","value":"Frameless","overridable":false},{"attributeRef":"D:COMMON_DOOR_HINGE","value":"1 (Reversed)","overridable":false},{"attributeRef":"CCSBOX","value":"90 Corner Wall","overridable":false},{"attributeRef":"D:TEMPLATES_WALL_CORNER_90_STRUCTURE","value":"90 Corner Wall","overridable":false},{"attributeRef":"D:COMMON_SHELF_DEPTH","value":"250","overridable":false},{"attributeRef":"CCSGC","value":"Square Corner 90 Right","overridable":false},{"attributeRef":"D:TEMPLATES_WALL_CORNER_90_CONFIG","value":"Square Corner 90 Right","overridable":false},{"attributeRef":"D:COMMON_SHELF_WALLCORNER_DEPTH1","value":"250","overridable":false},{"attributeRef":"D:COMMON_WALLCORNER_DEPTH1","value":"300","overridable":false},{"attributeRef":"D:COMMON_WALLCORNER_DEPTH2","value":"300","overridable":false},{"attributeRef":"D:COMMON_WALLCORNER_WIDTH1","value":"600","overridable":false},{"attributeRef":"D:COMMON_WALLCORNER_WIDTH2","value":"600","overridable":false},{"attributeRef":"D:COMMON_RESTRICTION_HANDLES_POSITIONING_WALLDOOR","value":"BOTTOM_SIDE_VERTICAL","overridable":false},{"attributeRef":"D:COMMON_DEFAULT_HANDLES_POSITIONING_WALLDOOR","value":"BOTTOM_SIDE_VERTICAL","overridable":false},{"attributeRef":"D:COMMON_DEFINITION_HANDLES_POSITIONING_WALLDOOR","value":"BOTTOM_SIDE_VERTICAL","overridable":false},{"attributeRef":"MANUF","value":"90WC60","overridable":false},{"attributeRef":"MAXBF","value":"0","overridable":false},{"attributeRef":"MINBF","value":"0","overridable":false},{"attributeRef":"MXCP","value":"0","overridable":false},{"attributeRef":"RECHG","value":"1","overridable":false},{"attributeRef":"REF_Doors_and_Finishes","value":"#MOD_Doors_and_Finishes_REF#","overridable":false},{"attributeRef":"REF_Handles","value":"#MOD_Handles_REF#","overridable":false},{"attributeRef":"REF_NumCabDOorPull","value":"1","overridable":false},{"attributeRef":"W2","value":"$W$","overridable":false}],"dimensions":{"width":{"defaultValue":"600"},"height":{"defaultValue":"720"},"depth":{"defaultValue":"300"}},"subItems":[{"itemRef":"D:templates_cabinet_wall_corner_90_right","position":["0","0","0"],"orientation":["0","0","0"],"scale":["1","1","1"],"inverted":false,"dimension":{"width":"$PW$","height":"$PH$","depth":"$PW$"}}],"featureRefs":[{"featureRef":"Doors_and_Finishes","scoped":false},{"featureRef":"Handles","defaultOptionCode":"PULL1","scoped":false}],"restrictionRefs":["GSV2-011Doors_and_Finishes-016Handles"],"sequenceFactor":2}]