[{"code":"4","names":{"en-US":"Base Cabinets"},"visible":true,"sequenceFactor":1,"sequenceOrder":1,"groups":[{"code":"33497","names":{"en-US":"Open"},"visible":true,"sequenceFactor":1,"sequenceOrder":2},{"code":"41854","names":{"en-US":"Pull Out"},"visible":true,"sequenceFactor":2,"sequenceOrder":3},{"code":"55","names":{"en-US":"Full Height Door"},"visible":true,"sequenceFactor":3,"sequenceOrder":4},{"code":"41857","names":{"en-US":"Door Drawer"},"visible":true,"sequenceFactor":4,"sequenceOrder":5},{"code":"36370","names":{"en-US":"Drawers"},"visible":true,"sequenceFactor":5,"sequenceOrder":6,"groups":[{"code":"3050","names":{"en-US":"Base 2 Drawers"},"visible":true,"sequenceFactor":1,"sequenceOrder":7},{"code":"3044","names":{"en-US":"Base 3 Drawers"},"visible":true,"sequenceFactor":2,"sequenceOrder":8},{"code":"109","names":{"en-US":"Base 4 Drawers"},"visible":true,"sequenceFactor":3,"sequenceOrder":9}]},{"code":"32711","names":{"en-US":"Appliance"},"visible":true,"sequenceFactor":6,"sequenceOrder":10,"groups":[{"code":"32713","names":{"en-US":"Oven"},"visible":true,"sequenceFactor":1,"sequenceOrder":11},{"code":"41914","names":{"en-US":"Dishwashers"},"visible":true,"sequenceFactor":2,"sequenceOrder":12,"groups":[{"code":"41915","names":{"en-US":"Integrated"},"visible":true,"sequenceFactor":1,"sequenceOrder":13}]}]},{"code":"36220","names":{"en-US":"Cooktops"},"visible":true,"sequenceFactor":7,"sequenceOrder":14},{"code":"35928","names":{"en-US":"Sink"},"visible":true,"sequenceFactor":8,"sequenceOrder":15},{"code":"36376","names":{"en-US":"End Panels"},"visible":true,"sequenceFactor":9,"sequenceOrder":16},{"code":"36806","names":{"en-US":"Filler"},"visible":true,"sequenceFactor":10,"sequenceOrder":17}]},{"code":"37078","names":{"en-US":"Base Shallow Depth Cabinets"},"visible":true,"sequenceFactor":2,"sequenceOrder":18},{"code":"287","names":{"en-US":"Base Corner Cabinets"},"visible":true,"sequenceFactor":3,"sequenceOrder":19,"groups":[{"code":"381","names":{"en-US":"90 Full Door"},"visible":true,"sequenceFactor":1,"sequenceOrder":20},{"code":"317","names":{"en-US":"Blind Full Door"},"visible":true,"sequenceFactor":2,"sequenceOrder":21},{"code":"41882","names":{"en-US":"Blind Door Drawer"},"visible":true,"sequenceFactor":3,"sequenceOrder":22},{"code":"43011","names":{"en-US":"Diagonal Corner Cabinets"},"visible":true,"sequenceFactor":4,"sequenceOrder":23}]},{"code":"41967","names":{"en-US":"Mid-Base Cabinets"},"visible":true,"sequenceFactor":4,"sequenceOrder":24,"groups":[{"code":"41968","names":{"en-US":"Full Height Door"},"visible":true,"sequenceFactor":1,"sequenceOrder":25},{"code":"41991","names":{"en-US":"2 Doors"},"visible":true,"sequenceFactor":2,"sequenceOrder":26},{"code":"41996","names":{"en-US":"Appliance"},"visible":true,"sequenceFactor":3,"sequenceOrder":27,"groups":[{"code":"41997","names":{"en-US":"Oven"},"visible":true,"sequenceFactor":1,"sequenceOrder":28}]},{"code":"42001","names":{"en-US":"End Panels"},"visible":true,"sequenceFactor":4,"sequenceOrder":29},{"code":"42005","names":{"en-US":"Filler"},"visible":true,"sequenceFactor":5,"sequenceOrder":30}]},{"code":"709","names":{"en-US":"Wall Cabinets"},"visible":true,"sequenceFactor":5,"sequenceOrder":31,"groups":[{"code":"36360","names":{"en-US":"Open"},"visible":true,"sequenceFactor":1,"sequenceOrder":32},{"code":"710","names":{"en-US":"72cm High"},"visible":true,"sequenceFactor":2,"sequenceOrder":33,"groups":[{"code":"41938","names":{"en-US":"1 Door"},"visible":true,"sequenceFactor":1,"sequenceOrder":34},{"code":"41939","names":{"en-US":"2 Doors"},"visible":true,"sequenceFactor":2,"sequenceOrder":35}]},{"code":"24502","names":{"en-US":"40cm High"},"visible":true,"sequenceFactor":3,"sequenceOrder":36,"groups":[{"code":"41961","names":{"en-US":"1 Door"},"visible":true,"sequenceFactor":1,"sequenceOrder":37},{"code":"41962","names":{"en-US":"2 Doors"},"visible":true,"sequenceFactor":2,"sequenceOrder":38}]},{"code":"15959","names":{"en-US":"Rangehood Cabinet"},"visible":true,"sequenceFactor":4,"sequenceOrder":39},{"code":"36371","names":{"en-US":"End Panel"},"visible":true,"sequenceFactor":5,"sequenceOrder":40},{"code":"36808","names":{"en-US":"Filler"},"visible":true,"sequenceFactor":6,"sequenceOrder":41}]},{"code":"1336","names":{"en-US":"Wall Corner Cabinets"},"visible":true,"sequenceFactor":6,"sequenceOrder":42,"groups":[{"code":"41963","names":{"en-US":"90 Corner"},"visible":true,"sequenceFactor":1,"sequenceOrder":43},{"code":"41964","names":{"en-US":"Diagonal Corner"},"visible":true,"sequenceFactor":2,"sequenceOrder":44}]},{"code":"476","names":{"en-US":"Tall Cabinets"},"visible":true,"sequenceFactor":7,"sequenceOrder":45,"groups":[{"code":"33502","names":{"en-US":"Open"},"visible":true,"sequenceFactor":1,"sequenceOrder":46},{"code":"6630","names":{"en-US":"Pull Out"},"visible":true,"sequenceFactor":2,"sequenceOrder":47},{"code":"478","names":{"en-US":"Full Height Door"},"visible":true,"sequenceFactor":3,"sequenceOrder":48},{"code":"41921","names":{"en-US":"Door/ Drawers"},"visible":true,"sequenceFactor":4,"sequenceOrder":49},{"code":"571","names":{"en-US":"Single Oven"},"visible":true,"sequenceFactor":5,"sequenceOrder":50},{"code":"32728","names":{"en-US":"Double Oven / Microwave"},"visible":true,"sequenceFactor":6,"sequenceOrder":51},{"code":"33446","names":{"en-US":"End Panels"},"visible":true,"sequenceFactor":7,"sequenceOrder":52},{"code":"36812","names":{"en-US":"Filler"},"visible":true,"sequenceFactor":8,"sequenceOrder":53}]},{"code":"37478","names":{"en-US":"Resizables"},"visible":true,"sequenceFactor":8,"sequenceOrder":54,"groups":[{"code":"38880","names":{"en-US":"Splashback"},"visible":true,"sequenceFactor":1,"sequenceOrder":55},{"code":"38920","names":{"en-US":"Worktop"},"visible":true,"sequenceFactor":2,"sequenceOrder":56},{"code":"38922","names":{"en-US":"Panels"},"visible":true,"sequenceFactor":3,"sequenceOrder":57,"groups":[{"code":"38923","names":{"en-US":"Back Panel"},"visible":true,"sequenceFactor":1,"sequenceOrder":58}]}]},{"code":"37683","names":{"en-US":"Worktop"},"visible":false,"sequenceFactor":9,"sequenceOrder":59},{"code":"1521","names":{"en-US":"Add-ons"},"visible":false,"sequenceFactor":10,"sequenceOrder":60,"groups":[{"code":"37634","names":{"en-US":"Worktop Finish"},"visible":true,"sequenceFactor":1,"sequenceOrder":61,"groups":[{"code":"43049","names":{"en-US":"Solid Wood"},"visible":true,"sequenceFactor":1,"sequenceOrder":62},{"code":"43051","names":{"en-US":"Laminate Finish"},"visible":true,"sequenceFactor":2,"sequenceOrder":63},{"code":"43062","names":{"en-US":"Quartz Finish"},"visible":true,"sequenceFactor":3,"sequenceOrder":64},{"code":"43071","names":{"en-US":"Granite Finish"},"visible":true,"sequenceFactor":4,"sequenceOrder":65}]},{"code":"38902","names":{"en-US":"Splashback Finish"},"visible":true,"sequenceFactor":2,"sequenceOrder":66},{"code":"38943","names":{"en-US":"Handles Rel"},"visible":true,"sequenceFactor":3,"sequenceOrder":67},{"code":"38105","names":{"en-US":"SlabWhite Matte"},"visible":true,"sequenceFactor":4,"sequenceOrder":68},{"code":"42071","names":{"en-US":"Slab White High Gloss"},"visible":true,"sequenceFactor":5,"sequenceOrder":69},{"code":"42174","names":{"en-US":"Slab Black Matte"},"visible":true,"sequenceFactor":6,"sequenceOrder":70},{"code":"42277","names":{"en-US":"Slab Red"},"visible":true,"sequenceFactor":7,"sequenceOrder":71},{"code":"42380","names":{"en-US":"Slab Oak Loire"},"visible":true,"sequenceFactor":8,"sequenceOrder":72},{"code":"42483","names":{"en-US":"Inset White"},"visible":true,"sequenceFactor":9,"sequenceOrder":73},{"code":"42586","names":{"en-US":"Inset Beech"},"visible":true,"sequenceFactor":10,"sequenceOrder":74},{"code":"42689","names":{"en-US":"Shaker Cream"},"visible":true,"sequenceFactor":11,"sequenceOrder":75},{"code":"42792","names":{"en-US":"Shaker Light Grey"},"visible":true,"sequenceFactor":12,"sequenceOrder":76},{"code":"42895","names":{"en-US":"Integrated Ice Blue"},"visible":true,"sequenceFactor":13,"sequenceOrder":77},{"code":"41815","names":{"en-US":"Splashback Rel Prod"},"visible":true,"sequenceFactor":14,"sequenceOrder":78}]},{"code":"35502","names":{"en-US":"Benchtops"},"visible":false,"sequenceFactor":11,"sequenceOrder":79},{"code":"36279","names":{"en-US":"Kickboards"},"visible":false,"sequenceFactor":12,"sequenceOrder":80},{"code":"34656","names":{"en-US":"Upcharge"},"visible":false,"sequenceFactor":13,"sequenceOrder":81,"groups":[{"code":"36789","names":{"en-US":"Doors and Finishes"},"visible":true,"sequenceFactor":1,"sequenceOrder":82,"groups":[{"code":"37587","names":{"en-US":"Slab Door Style"},"visible":true,"sequenceFactor":1,"sequenceOrder":83},{"code":"43017","names":{"en-US":"Inset Door Style"},"visible":true,"sequenceFactor":2,"sequenceOrder":84},{"code":"43028","names":{"en-US":"Shaker Door Style"},"visible":true,"sequenceFactor":3,"sequenceOrder":85},{"code":"43034","names":{"en-US":"Integrated Door Style"},"visible":true,"sequenceFactor":4,"sequenceOrder":86}]},{"code":"35857","names":{"en-US":"Handles"},"visible":true,"sequenceFactor":2,"sequenceOrder":87}]}]