[{"code":"BF15","refCodes":{"manufCode":"BF15","sku":"BF15","others":{"CiC2RefCode":"DEMO_M.DEMO_M.R.36807","cic":"BF15","legacyCode":"Cyncly.DEMO_M.BF15.7248","legacyCodeCatalog":"DEMO_M.BF15.7248","legacyCodeManuf":"Cyncly.BF15.7248","userCode":"BF15"}},"names":{"main":{"en-US":"BF15"},"planView":{"en-US":"BF"}},"descriptions":{"main":{"en-US":"Base Filler"},"short":{"en-US":"Base Filler"}},"images":{"main":{"uri":"assets/images/bf15.jpg"}},"classification":{"baseItemType":"cabinetry.filler","characteristics":{"fillerType":["carcase"],"shapeType":["rectangular"],"subType":["base"],"targetRooms":["kitchen"]},"fullItemType":"Kitchen.Filler.Base.Standard.Rectangular"},"groupRefs":["36806"],"visible":true,"sequenceOrder":1000081,"attributes":[{"attributeRef":"D:COMMON_DECORATIVE_TYPE_INTEGRATION_TOEKICK","value":"Cross","overridable":false},{"attributeRef":"D:COMMON_LEG_POSITIONY3","value":"125","overridable":false},{"attributeRef":"D:COMMON_LEG_POSITIONY4","value":"125","overridable":false},{"attributeRef":"D:COMMON_LEG_QUANTITY","value":"2","overridable":false},{"attributeRef":"D:COMMON_LEG_STYLE","value":"Tubular Leg","overridable":false},{"attributeRef":"D:TEMPLATES_GENERAL_CAB_STYLE","value":"Frameless","overridable":false},{"attributeRef":"D:COMMON_STYLECABINET_BACK","value":"Full Back","overridable":false},{"attributeRef":"D:COMMON_STYLECABINET_TOP","value":"Back & Front Stretchers","overridable":false},{"attributeRef":"D:COMMON_STYLE_TOEKICK","value":"Floating Structure or Feet/Legs","overridable":false},{"attributeRef":"CCTH","value":"150","overridable":false},{"attributeRef":"D:COMMON_TOEKICK_HEIGHT","value":"150","overridable":false},{"attributeRef":"D:COMMON_WORKTOP_OVERHANG_FRONT","value":"40","overridable":false},{"attributeRef":"MANUF","value":"BF15","overridable":false},{"attributeRef":"REF_Doors_and_Finishes","value":"#MOD_Doors_and_Finishes_REF#","overridable":false},{"attributeRef":"D:searchToeKick","value":"searchItem('', '{\"classificationFilter\":{\"fullItemTypes\":[\"Kitchen.Molding.ForCabinetBase.Bottom\"]},\"catalogCodeFilters\":[{\"manufRefCode\":\"073970e1-93ad-4e81-b20e-7034fa47c4f7\",\"catalogRefCodes\":[{\"code\":\"DEMO_M\"}]}]}')"}],"dimensions":{"width":{"defaultValue":"50","range":{"min":"1","max":"150","increment":"1.0"}},"height":{"defaultValue":"870"},"depth":{"defaultValue":"560"}},"subItems":[{"itemRef":"D:templates_cabinet_base_filler_left","position":["0","0","0"],"orientation":["0","0","0"],"scale":["1","1","1"],"inverted":false,"dimension":{"width":"$PW$","height":"$PH$","depth":"$PD$"}}],"featureRefs":[{"featureRef":"Doors_and_Finishes","scoped":false}],"sequenceFactor":1},{"code":"BFSD15","refCodes":{"manufCode":"BFSD15","sku":"BFSD15","others":{"CiC2RefCode":"DEMO_M.DEMO_M.R.37352","cic":"BFSD15","legacyCode":"Cyncly.DEMO_M.BFSD15.7248","legacyCodeCatalog":"DEMO_M.BFSD15.7248","legacyCodeManuf":"Cyncly.BFSD15.7248","userCode":"BFSD15"}},"names":{"main":{"en-US":"BFSD15"}},"descriptions":{"main":{"en-US":"Shallow Depth Base Filler"},"short":{"en-US":"Shallow Depth Base Filler"}},"images":{"main":{"uri":"assets/images/bfsd15.jpg"}},"classification":{"baseItemType":"cabinetry.filler","characteristics":{"fillerType":["carcase"],"shapeType":["rectangular"],"subType":["base"],"targetRooms":["kitchen"]},"fullItemType":"Kitchen.Filler.Base.Standard.Rectangular"},"groupRefs":["36806"],"visible":true,"sequenceOrder":1000082,"attributes":[{"attributeRef":"D:COMMON_DECORATIVE_TYPE_INTEGRATION_TOEKICK","value":"Cross","overridable":false},{"attributeRef":"D:COMMON_LEG_POSITIONY3","value":"125","overridable":false},{"attributeRef":"D:COMMON_LEG_POSITIONY4","value":"125","overridable":false},{"attributeRef":"D:COMMON_LEG_QUANTITY","value":"2","overridable":false},{"attributeRef":"D:COMMON_LEG_STYLE","value":"Tubular Leg","overridable":false},{"attributeRef":"D:TEMPLATES_GENERAL_CAB_STYLE","value":"Frameless","overridable":false},{"attributeRef":"D:COMMON_STYLECABINET_BACK","value":"Full Back","overridable":false},{"attributeRef":"D:COMMON_STYLECABINET_TOP","value":"Back & Front Stretchers","overridable":false},{"attributeRef":"D:COMMON_STYLE_TOEKICK","value":"Floating Structure or Feet/Legs","overridable":false},{"attributeRef":"CCTH","value":"150","overridable":false},{"attributeRef":"D:COMMON_TOEKICK_HEIGHT","value":"150","overridable":false},{"attributeRef":"D:COMMON_WORKTOP_OVERHANG_FRONT","value":"40","overridable":false},{"attributeRef":"MANUF","value":"BFSD15","overridable":false},{"attributeRef":"REF_Doors_and_Finishes","value":"#MOD_Doors_and_Finishes_REF#","overridable":false},{"attributeRef":"D:searchToeKick","value":"searchItem('', '{\"classificationFilter\":{\"fullItemTypes\":[\"Kitchen.Molding.ForCabinetBase.Bottom\"]},\"catalogCodeFilters\":[{\"manufRefCode\":\"073970e1-93ad-4e81-b20e-7034fa47c4f7\",\"catalogRefCodes\":[{\"code\":\"DEMO_M\"}]}]}')"}],"dimensions":{"width":{"defaultValue":"50","range":{"min":"1","max":"150","increment":"1.0"}},"height":{"defaultValue":"870"},"depth":{"defaultValue":"300"}},"subItems":[{"itemRef":"D:templates_cabinet_base_filler_left","position":["0","0","0"],"orientation":["0","0","0"],"scale":["1","1","1"],"inverted":false,"dimension":{"width":"$PW$","height":"$PH$","depth":"$PD$"}}],"featureRefs":[{"featureRef":"Doors_and_Finishes","scoped":false}],"sequenceFactor":2},{"code":"MBF","refCodes":{"manufCode":"MBF","sku":"MBF","others":{"CiC2RefCode":"DEMO_M.DEMO_M.R.42006","cic":"MBF","legacyCode":"Cyncly.DEMO_M.MBF.7248","legacyCodeCatalog":"DEMO_M.MBF.7248","legacyCodeManuf":"Cyncly.MBF.7248","userCode":"MBF"}},"names":{"main":{"en-US":"MBF"},"planView":{"en-US":"BF"}},"descriptions":{"main":{"en-US":"Mid - Base Filler"},"short":{"en-US":"Base Filler"}},"images":{"main":{"uri":"assets/images/mbf.jpg"}},"classification":{"baseItemType":"cabinetry.filler","characteristics":{"fillerType":["carcase"],"shapeType":["rectangular"],"subType":["base"],"targetRooms":["kitchen"]},"fullItemType":"Kitchen.Filler.Base.Standard.Rectangular"},"groupRefs":["42005"],"visible":true,"sequenceOrder":1000122,"attributes":[{"attributeRef":"D:COMMON_DECORATIVE_TYPE_INTEGRATION_TOEKICK","value":"Cross","overridable":false},{"attributeRef":"D:COMMON_LEG_POSITIONY3","value":"125","overridable":false},{"attributeRef":"D:COMMON_LEG_POSITIONY4","value":"125","overridable":false},{"attributeRef":"D:COMMON_LEG_QUANTITY","value":"2","overridable":false},{"attributeRef":"D:COMMON_LEG_STYLE","value":"Tubular Leg","overridable":false},{"attributeRef":"D:TEMPLATES_GENERAL_CAB_STYLE","value":"Frameless","overridable":false},{"attributeRef":"D:COMMON_STYLECABINET_BACK","value":"Full Back","overridable":false},{"attributeRef":"D:COMMON_STYLECABINET_TOP","value":"Back & Front Stretchers","overridable":false},{"attributeRef":"D:COMMON_STYLE_TOEKICK","value":"Floating Structure or Feet/Legs","overridable":false},{"attributeRef":"CCTH","value":"150","overridable":false},{"attributeRef":"D:COMMON_TOEKICK_HEIGHT","value":"150","overridable":false},{"attributeRef":"D:COMMON_WORKTOP_OVERHANG_FRONT","value":"40","overridable":false},{"attributeRef":"MANUF","value":"MBF","overridable":false},{"attributeRef":"REF_Doors_and_Finishes","value":"#MOD_Doors_and_Finishes_REF#","overridable":false},{"attributeRef":"D:searchToeKick","value":"searchItem('', '{\"classificationFilter\":{\"fullItemTypes\":[\"Kitchen.Molding.ForCabinetBase.Bottom\"]},\"catalogCodeFilters\":[{\"manufRefCode\":\"073970e1-93ad-4e81-b20e-7034fa47c4f7\",\"catalogRefCodes\":[{\"code\":\"DEMO_M\"}]}]}')"}],"dimensions":{"width":{"defaultValue":"50","range":{"min":"1","max":"150","increment":"1.0"}},"height":{"defaultValue":"1350"},"depth":{"defaultValue":"560"}},"subItems":[{"itemRef":"D:templates_cabinet_base_filler_left","position":["0","0","0"],"orientation":["0","0","0"],"scale":["1","1","1"],"inverted":false,"dimension":{"width":"$PW$","height":"$PH$","depth":"$PD$"}}],"featureRefs":[{"featureRef":"Doors_and_Finishes","scoped":false}],"sequenceFactor":1}]