[{"code":"WCD60L","refCodes":{"manufCode":"WCD60","sku":"WCD60","others":{"CiC2RefCode":"DEMO_M.DEMO_M.R.41965","cic":"WCD60L","legacyCode":"Cyncly.DEMO_M.WCD60L.3169","legacyCodeCatalog":"DEMO_M.WCD60L.3169","legacyCodeManuf":"Cyncly.WCD60L.3169","userCode":"WCD60L"}},"names":{"main":{"en-US":"WCD60L"},"planView":{"en-US":"28708"}},"descriptions":{"main":{"en-US":"Diagonal Full Height Door - Left"}},"images":{"main":{"uri":"assets/images/wcd60l.jpg"}},"classification":{"baseItemType":"cabinetry.cabinet","fullItemType":"Kitchen.Cabinet.Wall.Corner.Diagonal..FullDoor.HLeft"},"groupRefs":["41964"],"visible":true,"sequenceOrder":1000166,"attributes":[{"attributeRef":"BLP","value":"0","overridable":false},{"attributeRef":"D:COMMON_CLEARANCE_WALL_DIAGONALCORNER_BACK","value":"75","overridable":false},{"attributeRef":"D:COMMON_NUMFRONTDOOR1","value":"1","overridable":false},{"attributeRef":"D:COMMON_CUSTOMV_NUMFRONTDOOR1_1","value":"1","overridable":false},{"attributeRef":"D:COMMON_QUANTITY_SHELF_1","value":"2","overridable":false},{"attributeRef":"D:TEMPLATES_WALL_CORNER_DIAGONAL_SHELF","value":"Shelf Diagonal Corner Wall","overridable":false},{"attributeRef":"D:TEMPLATES_GENERAL_CAB_STYLE","value":"Frameless","overridable":false},{"attributeRef":"CCSBOX","value":"Diagonal Corner Wall","overridable":false},{"attributeRef":"D:TEMPLATES_WALL_CORNER_DIAGONAL_STRUCTURE","value":"Diagonal Corner Wall","overridable":false},{"attributeRef":"CCSGC","value":"Diagonal Corner Left","overridable":false},{"attributeRef":"D:TEMPLATES_WALL_CORNER_DIAGONAL_CONFIG","value":"Diagonal Corner Left","overridable":false},{"attributeRef":"D:COMMON_SHELF_WALLCORNER_DEPTH1","value":"250","overridable":false},{"attributeRef":"D:COMMON_SHELF_WALLCORNER_DEPTH2","value":"250","overridable":false},{"attributeRef":"D:COMMON_WALLCORNER_DEPTH1","value":"300","overridable":false},{"attributeRef":"D:COMMON_WALLCORNER_DEPTH2","value":"300","overridable":false},{"attributeRef":"D:COMMON_RESTRICTION_HANDLES_POSITIONING_WALLDOOR","value":"BOTTOM_SIDE_VERTICAL","overridable":false},{"attributeRef":"D:COMMON_DEFAULT_HANDLES_POSITIONING_WALLDOOR","value":"BOTTOM_SIDE_VERTICAL","overridable":false},{"attributeRef":"D:COMMON_DEFINITION_HANDLES_POSITIONING_WALLDOOR","value":"BOTTOM_SIDE_VERTICAL","overridable":false},{"attributeRef":"MANUF","value":"WCD60","overridable":false},{"attributeRef":"MAXBF","value":"0","overridable":false},{"attributeRef":"MINBF","value":"0","overridable":false},{"attributeRef":"MXCP","value":"0","overridable":false},{"attributeRef":"RECHG","value":"0","overridable":false},{"attributeRef":"REF_Doors_and_Finishes","value":"#MOD_Doors_and_Finishes_REF#","overridable":false},{"attributeRef":"REF_Handles","value":"#MOD_Handles_REF#","overridable":false},{"attributeRef":"REF_NumCabDOorPull","value":"1","overridable":false},{"attributeRef":"W2","value":"$W$","overridable":false}],"dimensions":{"width":{"defaultValue":"600"},"height":{"defaultValue":"720"},"depth":{"defaultValue":"300"},"others":{"width2":{"type":"width","value":"600"},"depth2":{"type":"depth","value":"300"}}},"subItems":[{"itemRef":"D:templates_cabinet_wall_corner_dia_left","position":["0","0","0"],"orientation":["0","0","0"],"scale":["1","1","1"],"inverted":false,"dimension":{"width":"$PW$","height":"$PH$","depth":"$PW$"}}],"featureRefs":[{"featureRef":"Doors_and_Finishes","scoped":false},{"featureRef":"Handles","defaultOptionCode":"PULL1","scoped":false}],"restrictionRefs":["GSV2-011Doors_and_Finishes-016Handles"],"sequenceFactor":1},{"code":"WCD60R","refCodes":{"manufCode":"WCD60","sku":"WCD60","others":{"CiC2RefCode":"DEMO_M.DEMO_M.R.41966","cic":"WCD60R","legacyCode":"Cyncly.DEMO_M.WCD60R.3169","legacyCodeCatalog":"DEMO_M.WCD60R.3169","legacyCodeManuf":"Cyncly.WCD60R.3169","userCode":"WCD60R"}},"names":{"main":{"en-US":"WCD60R"},"planView":{"en-US":"28709"}},"descriptions":{"main":{"en-US":"Diagonal Full Height Door - Right"}},"images":{"main":{"uri":"assets/images/wcd60r.jpg"}},"classification":{"baseItemType":"cabinetry.cabinet","fullItemType":"Kitchen.Cabinet.Wall.Corner.Diagonal..FullDoor.HLeft"},"groupRefs":["41964"],"visible":true,"sequenceOrder":1000167,"attributes":[{"attributeRef":"BLP","value":"0","overridable":false},{"attributeRef":"D:COMMON_CLEARANCE_WALL_DIAGONALCORNER_BACK","value":"75","overridable":false},{"attributeRef":"D:COMMON_NUMFRONTDOOR1","value":"1","overridable":false},{"attributeRef":"D:COMMON_CUSTOMV_NUMFRONTDOOR1_1","value":"1","overridable":false},{"attributeRef":"D:COMMON_QUANTITY_SHELF_1","value":"2","overridable":false},{"attributeRef":"D:TEMPLATES_WALL_CORNER_DIAGONAL_SHELF","value":"Shelf Diagonal Corner Wall","overridable":false},{"attributeRef":"D:TEMPLATES_GENERAL_CAB_STYLE","value":"Frameless","overridable":false},{"attributeRef":"CCSBOX","value":"Diagonal Corner Wall","overridable":false},{"attributeRef":"D:TEMPLATES_WALL_CORNER_DIAGONAL_STRUCTURE","value":"Diagonal Corner Wall","overridable":false},{"attributeRef":"CCSGC","value":"Diagonal Corner Right","overridable":false},{"attributeRef":"D:TEMPLATES_WALL_CORNER_DIAGONAL_CONFIG","value":"Diagonal Corner Right","overridable":false},{"attributeRef":"D:COMMON_SHELF_WALLCORNER_DEPTH1","value":"250","overridable":false},{"attributeRef":"D:COMMON_SHELF_WALLCORNER_DEPTH2","value":"250","overridable":false},{"attributeRef":"D:COMMON_WALLCORNER_DEPTH1","value":"300","overridable":false},{"attributeRef":"D:COMMON_WALLCORNER_DEPTH2","value":"300","overridable":false},{"attributeRef":"D:COMMON_RESTRICTION_HANDLES_POSITIONING_WALLDOOR","value":"BOTTOM_SIDE_VERTICAL","overridable":false},{"attributeRef":"D:COMMON_DEFAULT_HANDLES_POSITIONING_WALLDOOR","value":"BOTTOM_SIDE_VERTICAL","overridable":false},{"attributeRef":"D:COMMON_DEFINITION_HANDLES_POSITIONING_WALLDOOR","value":"BOTTOM_SIDE_VERTICAL","overridable":false},{"attributeRef":"MANUF","value":"WCD60","overridable":false},{"attributeRef":"MAXBF","value":"0","overridable":false},{"attributeRef":"MINBF","value":"0","overridable":false},{"attributeRef":"MXCP","value":"0","overridable":false},{"attributeRef":"RECHG","value":"1","overridable":false},{"attributeRef":"REF_Doors_and_Finishes","value":"#MOD_Doors_and_Finishes_REF#","overridable":false},{"attributeRef":"REF_Handles","value":"#MOD_Handles_REF#","overridable":false},{"attributeRef":"REF_NumCabDOorPull","value":"1","overridable":false},{"attributeRef":"W2","value":"$W$","overridable":false}],"dimensions":{"width":{"defaultValue":"600"},"height":{"defaultValue":"720"},"depth":{"defaultValue":"300"},"others":{"width2":{"type":"width","value":"600"},"depth2":{"type":"depth","value":"300"}}},"subItems":[{"itemRef":"D:templates_cabinet_wall_corner_dia_right","position":["0","0","0"],"orientation":["0","0","0"],"scale":["1","1","1"],"inverted":false,"dimension":{"width":"$PW$","height":"$PH$","depth":"$PW$"}}],"featureRefs":[{"featureRef":"Doors_and_Finishes","scoped":false},{"featureRef":"Handles","defaultOptionCode":"PULL1","scoped":false}],"restrictionRefs":["GSV2-011Doors_and_Finishes-016Handles"],"sequenceFactor":2}]