{"sourceCatalogFolder":"C:\\Program Files\\20-20 Technologies\\2020CatalogTools\\cat\\60\\Common\\DEMO_M\\ConversionData\\CiC3","outputCatalogFolder":"D:\\Vaibhav Patil\\CIC3\\Output\\DEMO_M","backupPreviousOutputCatalogFolder":true,"itemMappingRules":"D:\\Vaibhav Patil\\CIC3\\DEMO_Metric\\MappingRules\\ItemMappingRules_Design.json","catalogAttributeMappingRules":"D:\\Vaibhav Patil\\CIC3\\DEMO_Metric\\MappingRules\\CatalogAttributeMappingRules_Design.json","itemAttributeMappingRules":"D:\\Vaibhav Patil\\CIC3\\DEMO_Metric\\MappingRules\\ItemAttributeMappingRules_Design.json","optionAttributeMappingRules":"D:\\Vaibhav Patil\\CIC3\\DEMO_Metric\\MappingRules\\OptionAttributeMappingRules_Design.json","layerMappingRules":"D:\\Vaibhav Patil\\CIC3\\DEMO_Metric\\MappingRules\\OptionLayerMappingRules_Design.json","additionalAttributes":"D:\\Vaibhav Patil\\CIC3\\DEMO_Metric\\MappingRules\\AdditionalAttributes.json","buildGSContext":true,"noneOptionCodes":"NONE, NO, OFF, _no_option_","zipContent":true,"catalogDependency":{"environment":"Dev","refCode":"D","companyCode":"1243c976-fb59-4554-a2ad-5cd3c954b87a","companyDisplayName":"Cyncly","catalogCode":"CommonMetric","version":"^14.0.0"}}