[{"code":"22","names":{"en-US":"V22"},"groupRefs":["A30"],"descriptions":{"en-US":"Basic color - 22"},"mCode":"Paint.Latex.CeilingFlat.None","baseColorFactor":[0.7019607843137254,0.7019607843137254,0.7019607843137254,1.0],"avgColor":[0.7019607843137254,0.7019607843137254,0.7019607843137254],"doubleSided":false},{"code":"33001","names":{"en-US":"V33001"},"groupRefs":["B36377"],"descriptions":{"en-US":"White Sand"},"mCode":"Mineral.Granite.Natural.Glossy","baseColorFactor":[1.0,1.0,1.0,1.0],"avgColor":[0.9215686321258545,0.9176470637321472,0.8941176533699036],"textures":{"maps":{"baseColor":{"uri":"assets/textures/worktop_custom_stone.jpg"}},"projectionMethod":"Cubic","sampling":{"realWidth":609.6,"realHeight":0.0,"primaryDirection":"none"}},"doubleSided":false},{"code":"33002","names":{"en-US":"V33002"},"groupRefs":["B36377"],"descriptions":{"en-US":"Alicante_Stone"},"mCode":"Mineral.Marble.Natural.Matte","baseColorFactor":[1.0,1.0,1.0,1.0],"avgColor":[0.8901960849761963,0.8705882430076599,0.8274509906768799],"textures":{"maps":{"baseColor":{"uri":"assets/textures/alicante_stone.jpg"}},"projectionMethod":"Cubic","sampling":{"realWidth":600.0,"realHeight":0.0,"primaryDirection":"none"}},"doubleSided":false},{"code":"33003","names":{"en-US":"V33003"},"groupRefs":["B36377"],"descriptions":{"en-US":"Beige"},"mCode":"Laminate.Wood.Glossy.None","baseColorFactor":[1.0,1.0,1.0,1.0],"avgColor":[0.8078431487083435,0.7411764860153198,0.6392157077789307],"textures":{"maps":{"baseColor":{"uri":"assets/textures/worktop_custom_laminate_a.jpg"}},"projectionMethod":"Cubic","sampling":{"realWidth":609.6,"realHeight":0.0,"primaryDirection":"none"}},"doubleSided":false},{"code":"33004","names":{"en-US":"V33004"},"groupRefs":["B36377"],"descriptions":{"en-US":"Black Cambryan"},"mCode":"Mineral.Granite.Natural.Glossy","baseColorFactor":[1.0,1.0,1.0,1.0],"avgColor":[0.03529411926865578,0.04313725605607033,0.03921568766236305],"textures":{"maps":{"baseColor":{"uri":"assets/textures/granite_generic_25002.jpg"}},"projectionMethod":"Cubic","sampling":{"realWidth":76.2,"realHeight":0.0,"primaryDirection":"none"}},"doubleSided":false},{"code":"33005","names":{"en-US":"V33005"},"groupRefs":["B36377"],"descriptions":{"en-US":"Dark Wood"},"mCode":"Wood.Hard.SandedMedium.Oiled","baseColorFactor":[1.0,1.0,1.0,1.0],"avgColor":[0.37254902720451355,0.19607843458652496,0.12156862765550613],"textures":{"maps":{"baseColor":{"uri":"assets/textures/worktop_custom_wood.jpg"}},"projectionMethod":"Cubic","sampling":{"realWidth":609.6,"realHeight":0.0,"primaryDirection":"none"}},"doubleSided":true},{"code":"33006","names":{"en-US":"V33006"},"groupRefs":["B36377"],"descriptions":{"en-US":"Fired Glaze"},"mCode":"Laminate.Wood.Glossy.None","baseColorFactor":[1.0,1.0,1.0,1.0],"avgColor":[0.49803921580314636,0.32549020648002625,0.2549019753932953],"textures":{"maps":{"baseColor":{"uri":"assets/textures/fired glaze.jpg"}},"projectionMethod":"Cubic","sampling":{"realWidth":304.8,"realHeight":0.0,"primaryDirection":"none"}},"doubleSided":false},{"code":"33007","names":{"en-US":"V33007"},"groupRefs":["B36377"],"descriptions":{"en-US":"Folkstone American Granite"},"mCode":"Laminate.Wood.Glossy.None","baseColorFactor":[1.0,1.0,1.0,1.0],"avgColor":[0.6196078658103943,0.6235294342041016,0.5843137502670288],"textures":{"maps":{"baseColor":{"uri":"assets/textures/american granite.jpg"}},"projectionMethod":"Cubic","sampling":{"realWidth":304.8,"realHeight":0.0,"primaryDirection":"none"}},"doubleSided":false},{"code":"33008","names":{"en-US":"V33008"},"groupRefs":["B36377"],"descriptions":{"en-US":"Dakota"},"mCode":"Mineral.Granite.Natural.Glossy","baseColorFactor":[1.0,1.0,1.0,1.0],"avgColor":[0.21176470816135406,0.16078431904315948,0.16470588743686676],"textures":{"maps":{"baseColor":{"uri":"assets/textures/dakota.jpg"}},"projectionMethod":"Cubic","sampling":{"realWidth":304.8,"realHeight":0.0,"primaryDirection":"none"}},"doubleSided":false},{"code":"33009","names":{"en-US":"V33009"},"groupRefs":["B36377"],"descriptions":{"en-US":"Tectonic"},"mCode":"Mineral.Granite.Natural.Glossy","baseColorFactor":[1.0,1.0,1.0,1.0],"avgColor":[0.364705890417099,0.33725491166114807,0.3137255012989044],"textures":{"maps":{"baseColor":{"uri":"assets/textures/tectonic.jpg"}},"projectionMethod":"Cubic","sampling":{"realWidth":609.6,"realHeight":0.0,"primaryDirection":"none"}},"doubleSided":false},{"code":"33010","names":{"en-US":"V33010"},"groupRefs":["B36377"],"descriptions":{"en-US":"Garnet"},"mCode":"Mineral.Granite.Natural.Glossy","baseColorFactor":[1.0,1.0,1.0,1.0],"avgColor":[0.2705882489681244,0.23137255012989044,0.23137255012989044],"textures":{"maps":{"baseColor":{"uri":"assets/textures/garnet.jpg"}},"projectionMethod":"Cubic","sampling":{"realWidth":304.8,"realHeight":0.0,"primaryDirection":"none"}},"doubleSided":false},{"code":"33011","names":{"en-US":"V33011"},"groupRefs":["B36377"],"descriptions":{"en-US":"Grey Oak"},"mCode":"Wood.Hard.SandedMedium.Oiled","baseColorFactor":[1.0,1.0,1.0,1.0],"avgColor":[0.5607843399047852,0.48235294222831726,0.42352941632270813],"textures":{"maps":{"baseColor":{"uri":"assets/textures/grey oak_h.jpg"}},"projectionMethod":"Cubic","sampling":{"realWidth":609.6,"realHeight":0.0,"primaryDirection":"horizontal"}},"doubleSided":false},{"code":"33047","names":{"en-US":"V33047"},"groupRefs":["B36723"],"descriptions":{"en-US":"Chrome"},"mCode":"Metal.Chrome.Polished.None","baseColorFactor":[0.788235294117647,0.7686274509803922,0.7450980392156863,1.0],"avgColor":[0.788235294117647,0.7686274509803922,0.7450980392156863],"doubleSided":false},{"code":"33048","names":{"en-US":"V33048"},"groupRefs":["B36723"],"descriptions":{"en-US":"Alfresco_H"},"mCode":"Wood.Hard.SandedFine.Matte","baseColorFactor":[1.0,1.0,1.0,1.0],"avgColor":[0.37254902720451355,0.3176470696926117,0.29019609093666077],"textures":{"maps":{"baseColor":{"uri":"assets/textures/alfresco_h.jpg"}},"projectionMethod":"Cubic","sampling":{"realWidth":600.0,"realHeight":0.0,"primaryDirection":"horizontal"}},"doubleSided":false},{"code":"33049","names":{"en-US":"V33049"},"groupRefs":["B36723"],"descriptions":{"en-US":"Alfresco_V"},"mCode":"Wood.Hard.SandedFine.Matte","baseColorFactor":[1.0,1.0,1.0,1.0],"avgColor":[0.3686274588108063,0.3176470696926117,0.2862745225429535],"textures":{"maps":{"baseColor":{"uri":"assets/textures/alfresco_v.jpg"}},"projectionMethod":"Cubic","sampling":{"realWidth":600.0,"realHeight":0.0,"primaryDirection":"vertical"}},"doubleSided":false},{"code":"33050","names":{"en-US":"V33050"},"groupRefs":["B36723"],"descriptions":{"en-US":"Japnese_Pear_H"},"mCode":"Wood.Hard.SandedRough.None","baseColorFactor":[1.0,1.0,1.0,1.0],"avgColor":[0.3843137323856354,0.29019609093666077,0.24313725531101227],"textures":{"maps":{"baseColor":{"uri":"assets/textures/wood_oakloire_100x200_h.jpg"}},"projectionMethod":"Cubic","sampling":{"realWidth":600.0,"realHeight":0.0,"primaryDirection":"horizontal"}},"doubleSided":false},{"code":"33051","names":{"en-US":"V33051"},"groupRefs":["B36723"],"descriptions":{"en-US":"Japnese_Pear_V"},"mCode":"Wood.Hard.SandedRough.None","baseColorFactor":[1.0,1.0,1.0,1.0],"avgColor":[0.37254902720451355,0.2823529541492462,0.239215686917305],"textures":{"maps":{"baseColor":{"uri":"assets/textures/wood_oakloire_100x200.jpg"}},"projectionMethod":"Cubic","sampling":{"realWidth":600.0,"realHeight":0.0,"primaryDirection":"vertical"}},"doubleSided":false},{"code":"33052","names":{"en-US":"V33052"},"groupRefs":["B36723"],"descriptions":{"en-US":"Mission Beach"},"mCode":"Laminate.PMMA.Glazed.None","baseColorFactor":[0.9450980392156862,0.9529411764705882,0.9568627450980393,1.0],"avgColor":[0.9450980392156862,0.9529411764705882,0.9568627450980393],"doubleSided":true},{"code":"33053","names":{"en-US":"V33053"},"groupRefs":["B36723"],"descriptions":{"en-US":"Brighton"},"mCode":"Laminate.PMMA.Glazed.None","baseColorFactor":[0.6431372549019608,0.6431372549019608,0.6431372549019608,1.0],"avgColor":[0.6431372549019608,0.6431372549019608,0.6431372549019608],"doubleSided":false},{"code":"33054","names":{"en-US":"V33054"},"groupRefs":["B36723"],"descriptions":{"en-US":"Black Venette"},"mCode":"Paint.Latex.Satin.None","baseColorFactor":[1.0,1.0,1.0,1.0],"avgColor":[0.05882352963089943,0.08235294371843338,0.06666667014360428],"textures":{"maps":{"baseColor":{"uri":"assets/textures/blackvenette_1.jpg"}},"projectionMethod":"Cubic","sampling":{"realWidth":609.6,"realHeight":0.0,"primaryDirection":"none"}},"doubleSided":false},{"code":"33055","names":{"en-US":"V33055"},"groupRefs":["B36723"],"descriptions":{"en-US":"Black Woodmatt"},"mCode":"Paint.Latex.Satin.None","baseColorFactor":[1.0,1.0,1.0,1.0],"avgColor":[0.0470588244497776,0.07058823853731155,0.054901961237192154],"textures":{"maps":{"baseColor":{"uri":"assets/textures/blackwoodmatt_2.jpg"}},"projectionMethod":"Cubic","sampling":{"realWidth":609.6,"realHeight":0.0,"primaryDirection":"none"}},"doubleSided":false},{"code":"33056","names":{"en-US":"V33056"},"groupRefs":["B36723"],"descriptions":{"en-US":"Sorrento"},"mCode":"Laminate.PMMA.Glazed.None","baseColorFactor":[0.43529411764705883,0.4196078431372549,0.403921568627451,1.0],"avgColor":[0.43529411764705883,0.4196078431372549,0.403921568627451],"doubleSided":false},{"code":"33057","names":{"en-US":"V33057"},"groupRefs":["B36723"],"descriptions":{"en-US":"Fuji White"},"mCode":"Laminate.PMMA.Glazed.None","baseColorFactor":[0.9686274509803922,0.9725490196078431,0.9764705882352941,1.0],"avgColor":[0.9686274509803922,0.9725490196078431,0.9764705882352941],"doubleSided":false},{"code":"33058","names":{"en-US":"V33058"},"groupRefs":["B36723"],"descriptions":{"en-US":"Newport"},"mCode":"Laminate.PMMA.Glazed.None","baseColorFactor":[0.9372549019607843,0.9411764705882353,0.9411764705882353,1.0],"avgColor":[0.9372549019607843,0.9411764705882353,0.9411764705882353],"doubleSided":false},{"code":"33059","names":{"en-US":"V33059"},"groupRefs":["B36723"],"descriptions":{"en-US":"Beaumaris"},"mCode":"Laminate.PMMA.Glazed.None","baseColorFactor":[0.6705882352941176,0.6705882352941176,0.6705882352941176,1.0],"avgColor":[0.6705882352941176,0.6705882352941176,0.6705882352941176],"doubleSided":false},{"code":"33060","names":{"en-US":"V33060"},"groupRefs":["B36723"],"descriptions":{"en-US":"Hampton"},"mCode":"Laminate.PMMA.Glazed.None","baseColorFactor":[0.8901960784313725,0.8901960784313725,0.8901960784313725,1.0],"avgColor":[0.8901960784313725,0.8901960784313725,0.8901960784313725],"doubleSided":false},{"code":"33061","names":{"en-US":"V33061"},"groupRefs":["B36723"],"descriptions":{"en-US":"Natural Oak_V"},"mCode":"Wood.Hard.SandedFine.Matte","baseColorFactor":[1.0,1.0,1.0,1.0],"avgColor":[0.7137255072593689,0.5764706134796143,0.4470588266849518],"textures":{"maps":{"baseColor":{"uri":"assets/textures/naturaloak_v_1.jpg"}},"projectionMethod":"Cubic","sampling":{"realWidth":609.6,"realHeight":0.0,"primaryDirection":"vertical"}},"doubleSided":false},{"code":"33062","names":{"en-US":"V33062"},"groupRefs":["B36723"],"descriptions":{"en-US":"Natural Oak_H"},"mCode":"Wood.Hard.SandedFine.Matte","baseColorFactor":[1.0,1.0,1.0,1.0],"avgColor":[0.7098039388656616,0.5764706134796143,0.4470588266849518],"textures":{"maps":{"baseColor":{"uri":"assets/textures/naturaloak_h_2.jpg"}},"projectionMethod":"Cubic","sampling":{"realWidth":609.6,"realHeight":0.0,"primaryDirection":"horizontal"}},"doubleSided":false},{"code":"33063","names":{"en-US":"V33063"},"groupRefs":["B36723"],"descriptions":{"en-US":"Prime Oak_V"},"mCode":"Wood.Hard.SandedFine.Matte","baseColorFactor":[1.0,1.0,1.0,1.0],"avgColor":[0.6196078658103943,0.5058823823928833,0.4117647111415863],"textures":{"maps":{"baseColor":{"uri":"assets/textures/primeoak_v_1.jpg"}},"projectionMethod":"Cubic","sampling":{"realWidth":609.6,"realHeight":0.0,"primaryDirection":"vertical"}},"doubleSided":false},{"code":"33064","names":{"en-US":"V33064"},"groupRefs":["B36723"],"descriptions":{"en-US":"Prime Oak_H"},"mCode":"Wood.Hard.SandedFine.Matte","baseColorFactor":[1.0,1.0,1.0,1.0],"avgColor":[0.615686297416687,0.501960813999176,0.40392157435417175],"textures":{"maps":{"baseColor":{"uri":"assets/textures/primeoak_h_2.jpg"}},"projectionMethod":"Cubic","sampling":{"realWidth":609.6,"realHeight":0.0,"primaryDirection":"horizontal"}},"doubleSided":false},{"code":"33065","names":{"en-US":"V33065"},"groupRefs":["B36723"],"descriptions":{"en-US":"Tasmanian Oak_V"},"mCode":"Wood.Hard.SandedFine.Matte","baseColorFactor":[1.0,1.0,1.0,1.0],"avgColor":[0.6941176652908325,0.529411792755127,0.40784314274787903],"textures":{"maps":{"baseColor":{"uri":"assets/textures/tasmanianoak_v_1.jpg"}},"projectionMethod":"Cubic","sampling":{"realWidth":609.6,"realHeight":0.0,"primaryDirection":"vertical"}},"doubleSided":false},{"code":"33066","names":{"en-US":"V33066"},"groupRefs":["B36723"],"descriptions":{"en-US":"Tasmanian Oak_H"},"mCode":"Wood.Hard.SandedFine.Matte","baseColorFactor":[1.0,1.0,1.0,1.0],"avgColor":[0.6901960968971252,0.5215686559677124,0.40392157435417175],"textures":{"maps":{"baseColor":{"uri":"assets/textures/tasmanianoak_h_2.jpg"}},"projectionMethod":"Cubic","sampling":{"realWidth":609.6,"realHeight":0.0,"primaryDirection":"horizontal"}},"doubleSided":false},{"code":"33067","names":{"en-US":"V33067"},"groupRefs":["B36723"],"descriptions":{"en-US":"Cinder Venette"},"mCode":"Paint.Latex.Satin.None","baseColorFactor":[1.0,1.0,1.0,1.0],"avgColor":[0.250980406999588,0.239215686917305,0.21960784494876862],"textures":{"maps":{"baseColor":{"uri":"assets/textures/cindervenette_1.jpg"}},"projectionMethod":"Cubic","sampling":{"realWidth":609.6,"realHeight":0.0,"primaryDirection":"none"}},"doubleSided":false},{"code":"33068","names":{"en-US":"V33068"},"groupRefs":["B37375"],"descriptions":{"en-US":"Sand_Satin"},"mCode":"Laminate.Plain.Satin.None","baseColorFactor":[0.8745098039215686,0.8117647058823529,0.7450980392156863,1.0],"avgColor":[0.8745098039215686,0.8117647058823529,0.7450980392156863],"doubleSided":false},{"code":"33069","names":{"en-US":"V33069"},"groupRefs":["B37377"],"descriptions":{"en-US":"Sand_Gloss"},"mCode":"Laminate.PMMA.Glazed.None","baseColorFactor":[0.8745098039215686,0.8117647058823529,0.7450980392156863,1.0],"avgColor":[0.8745098039215686,0.8117647058823529,0.7450980392156863],"doubleSided":false},{"code":"33070","names":{"en-US":"V33070"},"groupRefs":["B37375"],"descriptions":{"en-US":"Blue_Satin"},"mCode":"Laminate.Plain.Satin.None","baseColorFactor":[0.3254901960784314,0.6901960784313725,0.6823529411764706,1.0],"avgColor":[0.3254901960784314,0.6901960784313725,0.6823529411764706],"doubleSided":false},{"code":"33071","names":{"en-US":"V33071"},"groupRefs":["B37377"],"descriptions":{"en-US":"Blue_Gloss"},"mCode":"Laminate.PMMA.Glazed.None","baseColorFactor":[0.3254901960784314,0.6901960784313725,0.6823529411764706,1.0],"avgColor":[0.3254901960784314,0.6901960784313725,0.6823529411764706],"doubleSided":false},{"code":"33072","names":{"en-US":"V33072"},"groupRefs":["B37377"],"descriptions":{"en-US":"Red_Gloss"},"mCode":"Laminate.PMMA.Glazed.None","baseColorFactor":[0.8823529411764706,0.36470588235294116,0.26666666666666666,1.0],"avgColor":[0.8823529411764706,0.36470588235294116,0.26666666666666666],"doubleSided":false},{"code":"33073","names":{"en-US":"V33073"},"groupRefs":["B37375"],"descriptions":{"en-US":"Red_Satin"},"mCode":"Laminate.Plain.Satin.None","baseColorFactor":[0.8823529411764706,0.36470588235294116,0.26666666666666666,1.0],"avgColor":[0.8823529411764706,0.36470588235294116,0.26666666666666666],"doubleSided":false},{"code":"33074","names":{"en-US":"V33074"},"groupRefs":["B37377"],"descriptions":{"en-US":"Aqua_Gloss"},"mCode":"Laminate.PMMA.Glazed.None","baseColorFactor":[0.4823529411764706,0.7686274509803922,0.7686274509803922,1.0],"avgColor":[0.4823529411764706,0.7686274509803922,0.7686274509803922],"doubleSided":false},{"code":"33075","names":{"en-US":"V33075"},"groupRefs":["B37375"],"descriptions":{"en-US":"Aqua_Satin"},"mCode":"Laminate.Plain.Satin.None","baseColorFactor":[0.4823529411764706,0.7686274509803922,0.7686274509803922,1.0],"avgColor":[0.4823529411764706,0.7686274509803922,0.7686274509803922],"doubleSided":false},{"code":"33076","names":{"en-US":"V33076"},"groupRefs":["B37375"],"descriptions":{"en-US":"Dark Red_Satin"},"mCode":"Laminate.Plain.Satin.None","baseColorFactor":[0.7490196078431373,0.09803921568627451,0.19607843137254902,1.0],"avgColor":[0.7490196078431373,0.09803921568627451,0.19607843137254902],"doubleSided":false},{"code":"33077","names":{"en-US":"V33077"},"groupRefs":["B37377"],"descriptions":{"en-US":"Dark Red_Gloss"},"mCode":"Laminate.PMMA.Glazed.None","baseColorFactor":[0.7490196078431373,0.09803921568627451,0.19607843137254902,1.0],"avgColor":[0.7490196078431373,0.09803921568627451,0.19607843137254902],"doubleSided":false},{"code":"33078","names":{"en-US":"V33078"},"groupRefs":["B37375"],"descriptions":{"en-US":"Rose_Satin"},"mCode":"Laminate.Plain.Satin.None","baseColorFactor":[0.7803921568627451,0.2627450980392157,0.4588235294117647,1.0],"avgColor":[0.7803921568627451,0.2627450980392157,0.4588235294117647],"doubleSided":false},{"code":"33079","names":{"en-US":"V33079"},"groupRefs":["B37377"],"descriptions":{"en-US":"Rose_Gloss"},"mCode":"Laminate.PMMA.Glazed.None","baseColorFactor":[0.7803921568627451,0.2627450980392157,0.4588235294117647,1.0],"avgColor":[0.7803921568627451,0.2627450980392157,0.4588235294117647],"doubleSided":false},{"code":"33080","names":{"en-US":"V33080"},"groupRefs":["B37377"],"descriptions":{"en-US":"Sky Blue_Gloss"},"mCode":"Laminate.PMMA.Glazed.None","baseColorFactor":[0.6078431372549019,0.7176470588235294,0.8313725490196079,1.0],"avgColor":[0.6078431372549019,0.7176470588235294,0.8313725490196079],"doubleSided":false},{"code":"33081","names":{"en-US":"V33081"},"groupRefs":["B37375"],"descriptions":{"en-US":"Sky Blue_Satin"},"mCode":"Laminate.Plain.Satin.None","baseColorFactor":[0.6078431372549019,0.7176470588235294,0.8313725490196079,1.0],"avgColor":[0.6078431372549019,0.7176470588235294,0.8313725490196079],"doubleSided":false},{"code":"33082","names":{"en-US":"V33082"},"groupRefs":["B37375"],"descriptions":{"en-US":"Dark Blue_Satin"},"mCode":"Laminate.Plain.Satin.None","baseColorFactor":[0.11372549019607843,0.3058823529411765,0.5372549019607843,1.0],"avgColor":[0.11372549019607843,0.3058823529411765,0.5372549019607843],"doubleSided":false},{"code":"33083","names":{"en-US":"V33083"},"groupRefs":["B37377"],"descriptions":{"en-US":"Dark Blue_Gloss"},"mCode":"Laminate.PMMA.Glazed.None","baseColorFactor":[0.11372549019607843,0.3058823529411765,0.5372549019607843,1.0],"avgColor":[0.11372549019607843,0.3058823529411765,0.5372549019607843],"doubleSided":false},{"code":"33084","names":{"en-US":"V33084"},"groupRefs":["B37377"],"descriptions":{"en-US":"Light Orange_Gloss"},"mCode":"Laminate.PMMA.Glazed.None","baseColorFactor":[0.9803921568627451,0.4470588235294118,0.40784313725490196,1.0],"avgColor":[0.9803921568627451,0.4470588235294118,0.40784313725490196],"doubleSided":false},{"code":"33085","names":{"en-US":"V33085"},"groupRefs":["B37375"],"descriptions":{"en-US":"Light Orange_Satin"},"mCode":"Laminate.Plain.Satin.None","baseColorFactor":[0.9803921568627451,0.4470588235294118,0.40784313725490196,1.0],"avgColor":[0.9803921568627451,0.4470588235294118,0.40784313725490196],"doubleSided":false},{"code":"33086","names":{"en-US":"V33086"},"groupRefs":["B37377"],"descriptions":{"en-US":"Violet_Gloss"},"mCode":"Laminate.PMMA.Glazed.None","baseColorFactor":[0.37254901960784315,0.29411764705882354,0.5450980392156862,1.0],"avgColor":[0.37254901960784315,0.29411764705882354,0.5450980392156862],"doubleSided":false},{"code":"33087","names":{"en-US":"V33087"},"groupRefs":["B37375"],"descriptions":{"en-US":"Violet_Satin"},"mCode":"Laminate.Plain.Satin.None","baseColorFactor":[0.37254901960784315,0.29411764705882354,0.5450980392156862,1.0],"avgColor":[0.37254901960784315,0.29411764705882354,0.5450980392156862],"doubleSided":false},{"code":"33088","names":{"en-US":"V33088"},"groupRefs":["B37377"],"descriptions":{"en-US":"Green_Gloss"},"mCode":"Laminate.PMMA.Glazed.None","baseColorFactor":[0.5333333333333333,0.6901960784313725,0.29411764705882354,1.0],"avgColor":[0.5333333333333333,0.6901960784313725,0.29411764705882354],"doubleSided":false},{"code":"33089","names":{"en-US":"V33089"},"groupRefs":["B37375"],"descriptions":{"en-US":"Green_Satin"},"mCode":"Laminate.Plain.Satin.None","baseColorFactor":[0.5333333333333333,0.6901960784313725,0.29411764705882354,1.0],"avgColor":[0.5333333333333333,0.6901960784313725,0.29411764705882354],"doubleSided":false},{"code":"33090","names":{"en-US":"V33090"},"groupRefs":["B37377"],"descriptions":{"en-US":"Pink_Gloss"},"mCode":"Laminate.PMMA.Glazed.None","baseColorFactor":[0.9686274509803922,0.792156862745098,0.792156862745098,1.0],"avgColor":[0.9686274509803922,0.792156862745098,0.792156862745098],"doubleSided":false},{"code":"33091","names":{"en-US":"V33091"},"groupRefs":["B37375"],"descriptions":{"en-US":"Pink_Satin"},"mCode":"Laminate.Plain.Satin.None","baseColorFactor":[0.9686274509803922,0.792156862745098,0.792156862745098,1.0],"avgColor":[0.9686274509803922,0.792156862745098,0.792156862745098],"doubleSided":false},{"code":"33092","names":{"en-US":"V33092"},"groupRefs":["B37377"],"descriptions":{"en-US":"Light Blue_Gloss"},"mCode":"Laminate.PMMA.Glazed.None","baseColorFactor":[0.5764705882352941,0.6627450980392157,0.8196078431372549,1.0],"avgColor":[0.5764705882352941,0.6627450980392157,0.8196078431372549],"doubleSided":false},{"code":"33093","names":{"en-US":"V33093"},"groupRefs":["B37375"],"descriptions":{"en-US":"Light Blue_Satin"},"mCode":"Laminate.Plain.Satin.None","baseColorFactor":[0.5764705882352941,0.6627450980392157,0.8196078431372549,1.0],"avgColor":[0.5764705882352941,0.6627450980392157,0.8196078431372549],"doubleSided":false},{"code":"33094","names":{"en-US":"V33094"},"groupRefs":["B37377"],"descriptions":{"en-US":"Maroon_Gloss"},"mCode":"Laminate.PMMA.Glazed.None","baseColorFactor":[0.5882352941176471,0.30980392156862746,0.2980392156862745,1.0],"avgColor":[0.5882352941176471,0.30980392156862746,0.2980392156862745],"doubleSided":false},{"code":"33095","names":{"en-US":"V33095"},"groupRefs":["B37375"],"descriptions":{"en-US":"Maroon_Satin"},"mCode":"Laminate.Plain.Satin.None","baseColorFactor":[0.5882352941176471,0.30980392156862746,0.2980392156862745,1.0],"avgColor":[0.5882352941176471,0.30980392156862746,0.2980392156862745],"doubleSided":false},{"code":"33096","names":{"en-US":"V33096"},"groupRefs":["B37375"],"descriptions":{"en-US":"Purple_Satin"},"mCode":"Laminate.Plain.Satin.None","baseColorFactor":[0.6784313725490196,0.3686274509803922,0.6,1.0],"avgColor":[0.6784313725490196,0.3686274509803922,0.6],"doubleSided":false},{"code":"33097","names":{"en-US":"V33097"},"groupRefs":["B37377"],"descriptions":{"en-US":"Purple_Gloss"},"mCode":"Laminate.PMMA.Glazed.None","baseColorFactor":[0.6784313725490196,0.3686274509803922,0.6,1.0],"avgColor":[0.6784313725490196,0.3686274509803922,0.6],"doubleSided":false},{"code":"33098","names":{"en-US":"V33098"},"groupRefs":["B37377"],"descriptions":{"en-US":"Dark Green_Gloss"},"mCode":"Laminate.PMMA.Glazed.None","baseColorFactor":[0.0,0.5803921568627451,0.45098039215686275,1.0],"avgColor":[0.0,0.5803921568627451,0.45098039215686275],"doubleSided":false},{"code":"33099","names":{"en-US":"V33099"},"groupRefs":["B37375"],"descriptions":{"en-US":"Dark Green_Satin"},"mCode":"Laminate.Plain.Satin.None","baseColorFactor":[0.0,0.5803921568627451,0.45098039215686275,1.0],"avgColor":[0.0,0.5803921568627451,0.45098039215686275],"doubleSided":false},{"code":"33100","names":{"en-US":"V33100"},"groupRefs":["B37375"],"descriptions":{"en-US":"Orange_Satin"},"mCode":"Laminate.Plain.Satin.None","baseColorFactor":[0.8666666666666667,0.2549019607843137,0.1411764705882353,1.0],"avgColor":[0.8666666666666667,0.2549019607843137,0.1411764705882353],"doubleSided":false},{"code":"33101","names":{"en-US":"V33101"},"groupRefs":["B37377"],"descriptions":{"en-US":"Orange_Gloss"},"mCode":"Laminate.PMMA.Glazed.None","baseColorFactor":[0.8666666666666667,0.2549019607843137,0.1411764705882353,1.0],"avgColor":[0.8666666666666667,0.2549019607843137,0.1411764705882353],"doubleSided":false},{"code":"33102","names":{"en-US":"V33102"},"groupRefs":["B37375"],"descriptions":{"en-US":"Dark Pink_Satin"},"mCode":"Laminate.Plain.Satin.None","baseColorFactor":[0.8509803921568627,0.30980392156862746,0.4392156862745098,1.0],"avgColor":[0.8509803921568627,0.30980392156862746,0.4392156862745098],"doubleSided":false},{"code":"33103","names":{"en-US":"V33103"},"groupRefs":["B37377"],"descriptions":{"en-US":"Dark Pink_Gloss"},"mCode":"Laminate.PMMA.Glazed.None","baseColorFactor":[0.8509803921568627,0.30980392156862746,0.4392156862745098,1.0],"avgColor":[0.8509803921568627,0.30980392156862746,0.4392156862745098],"doubleSided":false},{"code":"33104","names":{"en-US":"V33104"},"groupRefs":["B37377"],"descriptions":{"en-US":"Aqua Green_Gloss"},"mCode":"Laminate.PMMA.Glazed.None","baseColorFactor":[0.27058823529411763,0.7098039215686275,0.6666666666666666,1.0],"avgColor":[0.27058823529411763,0.7098039215686275,0.6666666666666666],"doubleSided":false},{"code":"33105","names":{"en-US":"V33105"},"groupRefs":["B37375"],"descriptions":{"en-US":"Aqua Green_Satin"},"mCode":"Laminate.Plain.Satin.None","baseColorFactor":[0.27058823529411763,0.7098039215686275,0.6666666666666666,1.0],"avgColor":[0.27058823529411763,0.7098039215686275,0.6666666666666666],"doubleSided":false},{"code":"33106","names":{"en-US":"V33106"},"groupRefs":["B37377"],"descriptions":{"en-US":"Yellow_Gloss"},"mCode":"Laminate.PMMA.Glazed.None","baseColorFactor":[0.9372549019607843,0.7529411764705882,0.3137254901960784,1.0],"avgColor":[0.9372549019607843,0.7529411764705882,0.3137254901960784],"doubleSided":false},{"code":"33107","names":{"en-US":"V33107"},"groupRefs":["B37375"],"descriptions":{"en-US":"Yellow_Satin"},"mCode":"Laminate.Plain.Satin.None","baseColorFactor":[0.9372549019607843,0.7529411764705882,0.3137254901960784,1.0],"avgColor":[0.9372549019607843,0.7529411764705882,0.3137254901960784],"doubleSided":false},{"code":"33108","names":{"en-US":"V33108"},"groupRefs":["B37377"],"descriptions":{"en-US":"Aqua Blue_Gloss"},"mCode":"Laminate.PMMA.Glazed.None","baseColorFactor":[0.35294117647058826,0.3568627450980392,0.6235294117647059,1.0],"avgColor":[0.35294117647058826,0.3568627450980392,0.6235294117647059],"doubleSided":false},{"code":"33109","names":{"en-US":"V33109"},"groupRefs":["B37375"],"descriptions":{"en-US":"Aqua Blue_Satin"},"mCode":"Laminate.Plain.Satin.None","baseColorFactor":[0.35294117647058826,0.3568627450980392,0.6235294117647059,1.0],"avgColor":[0.35294117647058826,0.3568627450980392,0.6235294117647059],"doubleSided":false},{"code":"33110","names":{"en-US":"V33110"},"groupRefs":["B37377"],"descriptions":{"en-US":"Dark Maroon_Gloss"},"mCode":"Laminate.PMMA.Glazed.None","baseColorFactor":[0.6078431372549019,0.10588235294117647,0.18823529411764706,1.0],"avgColor":[0.6078431372549019,0.10588235294117647,0.18823529411764706],"doubleSided":false},{"code":"33111","names":{"en-US":"V33111"},"groupRefs":["B37375"],"descriptions":{"en-US":"Dark Maroon_Satin"},"mCode":"Laminate.Plain.Satin.None","baseColorFactor":[0.6078431372549019,0.10588235294117647,0.18823529411764706,1.0],"avgColor":[0.6078431372549019,0.10588235294117647,0.18823529411764706],"doubleSided":false},{"code":"33112","names":{"en-US":"V33112"},"groupRefs":["B37375"],"descriptions":{"en-US":"Black_Satin"},"mCode":"Laminate.Plain.Satin.None","baseColorFactor":[0.0784313725490196,0.0784313725490196,0.0784313725490196,1.0],"avgColor":[0.0784313725490196,0.0784313725490196,0.0784313725490196],"doubleSided":false},{"code":"33113","names":{"en-US":"V33113"},"groupRefs":["B37377"],"descriptions":{"en-US":"Black_Gloss"},"mCode":"Laminate.PMMA.Glazed.None","baseColorFactor":[0.0784313725490196,0.0784313725490196,0.0784313725490196,1.0],"avgColor":[0.0784313725490196,0.0784313725490196,0.0784313725490196],"doubleSided":false},{"code":"33114","names":{"en-US":"V33114"},"groupRefs":["B37375"],"descriptions":{"en-US":"Gray_Satin"},"mCode":"Laminate.Plain.Satin.None","baseColorFactor":[0.39215686274509803,0.39215686274509803,0.39215686274509803,1.0],"avgColor":[0.39215686274509803,0.39215686274509803,0.39215686274509803],"doubleSided":false},{"code":"33115","names":{"en-US":"V33115"},"groupRefs":["B37377"],"descriptions":{"en-US":"Gray_Gloss"},"mCode":"Laminate.PMMA.Glazed.None","baseColorFactor":[0.39215686274509803,0.39215686274509803,0.39215686274509803,1.0],"avgColor":[0.39215686274509803,0.39215686274509803,0.39215686274509803],"doubleSided":false},{"code":"33116","names":{"en-US":"V33116"},"groupRefs":["B37561"],"descriptions":{"en-US":"White"},"mCode":"Laminate.Plain.Glossy.None","baseColorFactor":[1.0,1.0,1.0,1.0],"avgColor":[0.9843137264251709,0.9843137264251709,0.9843137264251709],"textures":{"maps":{"baseColor":{"uri":"assets/textures/white_1.jpg"}},"projectionMethod":"Cubic","sampling":{"realWidth":609.6,"realHeight":0.0,"primaryDirection":"none"}},"doubleSided":false},{"code":"33117","names":{"en-US":"V33117"},"groupRefs":["B37621"],"descriptions":{"en-US":"Mink Ultramatt"},"mCode":"Laminate.Wood.Matte.None","baseColorFactor":[0.49411764705882355,0.47843137254901963,0.4745098039215686,1.0],"avgColor":[0.49411764705882355,0.47843137254901963,0.4745098039215686],"doubleSided":false},{"code":"33118","names":{"en-US":"V33118"},"groupRefs":["B37561"],"descriptions":{"en-US":"Natural-Oak_H"},"mCode":"Laminate.Wood.Satin.None","baseColorFactor":[1.0,1.0,1.0,1.0],"avgColor":[0.7176470756530762,0.6352941393852234,0.4941176474094391],"textures":{"maps":{"baseColor":{"uri":"assets/textures/natural-oak_h_1.jpg"}},"projectionMethod":"Cubic","sampling":{"realWidth":609.6,"realHeight":0.0,"primaryDirection":"horizontal"}},"doubleSided":false},{"code":"33119","names":{"en-US":"V33119"},"groupRefs":["B37561"],"descriptions":{"en-US":"Natural-Oak_V"},"mCode":"Laminate.Wood.Satin.None","baseColorFactor":[1.0,1.0,1.0,1.0],"avgColor":[0.7176470756530762,0.6352941393852234,0.4941176474094391],"textures":{"maps":{"baseColor":{"uri":"assets/textures/natural-oak_v_1.jpg"}},"projectionMethod":"Cubic","sampling":{"realWidth":609.6,"realHeight":0.0,"primaryDirection":"vertical"}},"doubleSided":false},{"code":"33120","names":{"en-US":"V33120"},"groupRefs":["B37561"],"descriptions":{"en-US":"Artisan-Oak_H"},"mCode":"Laminate.Wood.Satin.None","baseColorFactor":[1.0,1.0,1.0,1.0],"avgColor":[0.48627451062202454,0.45490196347236633,0.42352941632270813],"textures":{"maps":{"baseColor":{"uri":"assets/textures/artisan-oak_h_1.jpg"}},"projectionMethod":"Cubic","sampling":{"realWidth":609.6,"realHeight":0.0,"primaryDirection":"horizontal"}},"doubleSided":false},{"code":"33121","names":{"en-US":"V33121"},"groupRefs":["B37561"],"descriptions":{"en-US":"Artisan-Oak_V"},"mCode":"Laminate.Wood.Satin.None","baseColorFactor":[1.0,1.0,1.0,1.0],"avgColor":[0.48235294222831726,0.45490196347236633,0.41960784792900085],"textures":{"maps":{"baseColor":{"uri":"assets/textures/artisan-oak_v_1.jpg"}},"projectionMethod":"Cubic","sampling":{"realWidth":609.6,"realHeight":0.0,"primaryDirection":"vertical"}},"doubleSided":false},{"code":"33122","names":{"en-US":"V33122"},"groupRefs":["B37621"],"descriptions":{"en-US":"Lava Ultramatt"},"mCode":"Laminate.Wood.Matte.None","baseColorFactor":[0.37254901960784315,0.3764705882352941,0.3843137254901961,1.0],"avgColor":[0.37254901960784315,0.3764705882352941,0.3843137254901961],"doubleSided":false},{"code":"33123","names":{"en-US":"V33123"},"groupRefs":["B37621"],"descriptions":{"en-US":"Sterling Ultramatt"},"mCode":"Laminate.Wood.Matte.None","baseColorFactor":[0.4980392156862745,0.5137254901960784,0.5176470588235295,1.0],"avgColor":[0.4980392156862745,0.5137254901960784,0.5176470588235295],"doubleSided":false},{"code":"33124","names":{"en-US":"V33124"},"groupRefs":["B37621"],"descriptions":{"en-US":"Antracite Supermatt"},"mCode":"Laminate.Wood.Matte.None","baseColorFactor":[0.4196078431372549,0.41568627450980394,0.40784313725490196,1.0],"avgColor":[0.4196078431372549,0.41568627450980394,0.40784313725490196],"doubleSided":false},{"code":"33125","names":{"en-US":"V33125"},"groupRefs":["B37621"],"descriptions":{"en-US":"Grigio Pietra Supermatt"},"mCode":"Laminate.Wood.Matte.None","baseColorFactor":[0.803921568627451,0.8,0.792156862745098,1.0],"avgColor":[0.803921568627451,0.8,0.792156862745098],"doubleSided":false},{"code":"33126","names":{"en-US":"V33126"},"groupRefs":["B37621"],"descriptions":{"en-US":"Grigio Seta Supermatt"},"mCode":"Laminate.Wood.Matte.None","baseColorFactor":[0.5254901960784314,0.5411764705882353,0.5529411764705883,1.0],"avgColor":[0.5254901960784314,0.5411764705882353,0.5529411764705883],"doubleSided":false},{"code":"33127","names":{"en-US":"V33127"},"groupRefs":["B36723"],"descriptions":{"en-US":"Metro"},"mCode":"Laminate.Plain.Matte.None","baseColorFactor":[0.9568627450980393,0.9568627450980393,0.9568627450980393,1.0],"avgColor":[0.9568627450980393,0.9568627450980393,0.9568627450980393],"doubleSided":false},{"code":"33128","names":{"en-US":"V33128"},"groupRefs":["B36723"],"descriptions":{"en-US":"Kirra"},"mCode":"Paint.Latex.Satin.None","baseColorFactor":[0.9568627450980393,0.9568627450980393,0.9568627450980393,1.0],"avgColor":[0.9568627450980393,0.9568627450980393,0.9568627450980393],"doubleSided":false},{"code":"33129","names":{"en-US":"V33129"},"groupRefs":["B38882"],"descriptions":{"en-US":"Spectra Copper Gloss"},"mCode":"Laminate.Plain.Glossy.None","baseColorFactor":[0.7411764705882353,0.40784313725490196,0.24705882352941178,1.0],"avgColor":[0.7411764705882353,0.40784313725490196,0.24705882352941178],"doubleSided":false},{"code":"33130","names":{"en-US":"V33130"},"groupRefs":["B38882"],"descriptions":{"en-US":"Sunset Illusion Gloss"},"mCode":"Laminate.Plain.Glossy.None","baseColorFactor":[0.3058823529411765,0.3176470588235294,0.4,1.0],"avgColor":[0.3058823529411765,0.3176470588235294,0.4],"doubleSided":false},{"code":"33131","names":{"en-US":"V33131"},"groupRefs":["B36723"],"descriptions":{"en-US":"Maison Oak Ravine_V"},"mCode":"Wood.Hard.SandedFine.Matte","baseColorFactor":[1.0,1.0,1.0,1.0],"avgColor":[0.6980392336845398,0.6313725709915161,0.5372549295425415],"textures":{"maps":{"baseColor":{"uri":"assets/textures/maison oak ravine_1.jpg"}},"projectionMethod":"Cubic","sampling":{"realWidth":609.6,"realHeight":0.0,"primaryDirection":"vertical"}},"doubleSided":false},{"code":"33132","names":{"en-US":"V33132"},"groupRefs":["B38882"],"descriptions":{"en-US":"Spectra Purple Gloss"},"mCode":"Laminate.Plain.Glossy.None","baseColorFactor":[0.3176470588235294,0.2823529411764706,0.3176470588235294,1.0],"avgColor":[0.3176470588235294,0.2823529411764706,0.3176470588235294],"doubleSided":false},{"code":"33133","names":{"en-US":"V33133"},"groupRefs":["B38882"],"descriptions":{"en-US":"Nano Flash Silver Gloss"},"mCode":"Laminate.Plain.Glossy.None","baseColorFactor":[0.788235294117647,0.796078431372549,0.792156862745098,1.0],"avgColor":[0.788235294117647,0.796078431372549,0.792156862745098],"doubleSided":false},{"code":"33134","names":{"en-US":"V33134"},"groupRefs":["B38882"],"descriptions":{"en-US":"Dark Grey Matt"},"mCode":"Laminate.Plain.Matte.None","baseColorFactor":[0.6745098039215687,0.6745098039215687,0.6745098039215687,1.0],"avgColor":[0.6745098039215687,0.6745098039215687,0.6745098039215687],"doubleSided":false},{"code":"33135","names":{"en-US":"V33135"},"groupRefs":["B38882"],"descriptions":{"en-US":"Champagne Silver Matt"},"mCode":"Laminate.Plain.Matte.None","baseColorFactor":[0.7607843137254902,0.7803921568627451,0.7529411764705882,1.0],"avgColor":[0.7607843137254902,0.7803921568627451,0.7529411764705882],"doubleSided":false},{"code":"33136","names":{"en-US":"V33136"},"groupRefs":["B38882"],"descriptions":{"en-US":"Silver Grey Matt"},"mCode":"Laminate.Plain.Matte.None","baseColorFactor":[0.43529411764705883,0.44313725490196076,0.45098039215686275,1.0],"avgColor":[0.43529411764705883,0.44313725490196076,0.45098039215686275],"doubleSided":false},{"code":"33137","names":{"en-US":"V33137"},"groupRefs":["B38882"],"descriptions":{"en-US":"Dark Grey Silver Matt"},"mCode":"Laminate.Plain.Matte.None","baseColorFactor":[0.34901960784313724,0.34901960784313724,0.34901960784313724,1.0],"avgColor":[0.34901960784313724,0.34901960784313724,0.34901960784313724],"doubleSided":false},{"code":"33138","names":{"en-US":"V33138"},"groupRefs":["B38882"],"descriptions":{"en-US":"Pearl White Gloss"},"mCode":"Laminate.Plain.Glossy.None","baseColorFactor":[1.0,1.0,1.0,1.0],"avgColor":[1.0,1.0,1.0],"doubleSided":false},{"code":"33139","names":{"en-US":"V33139"},"groupRefs":["B38882"],"descriptions":{"en-US":"Black Pearl Gloss"},"mCode":"Laminate.Plain.Glossy.None","baseColorFactor":[0.050980392156862744,0.058823529411764705,0.06274509803921569,1.0],"avgColor":[0.050980392156862744,0.058823529411764705,0.06274509803921569],"doubleSided":false},{"code":"33140","names":{"en-US":"V33140"},"groupRefs":["B38882"],"descriptions":{"en-US":"Flash Silver Matt"},"mCode":"Laminate.Plain.Matte.None","baseColorFactor":[0.8156862745098039,0.8235294117647058,0.8196078431372549,1.0],"avgColor":[0.8156862745098039,0.8235294117647058,0.8196078431372549],"doubleSided":false},{"code":"33141","names":{"en-US":"V33141"},"groupRefs":["B38882"],"descriptions":{"en-US":"Champagne Matt"},"mCode":"Laminate.Plain.Matte.None","baseColorFactor":[0.7215686274509804,0.6941176470588235,0.6313725490196078,1.0],"avgColor":[0.7215686274509804,0.6941176470588235,0.6313725490196078],"doubleSided":false},{"code":"33142","names":{"en-US":"V33142"},"groupRefs":["B38882"],"descriptions":{"en-US":"Nano White Silver Gloss"},"mCode":"Laminate.Plain.Glossy.None","baseColorFactor":[0.8470588235294118,0.8666666666666667,0.8509803921568627,1.0],"avgColor":[0.8470588235294118,0.8666666666666667,0.8509803921568627],"doubleSided":false},{"code":"33143","names":{"en-US":"V33143"},"groupRefs":["B38882"],"descriptions":{"en-US":"Nano Champagne Silver Gloss"},"mCode":"Laminate.Plain.Glossy.None","baseColorFactor":[0.788235294117647,0.8,0.7725490196078432,1.0],"avgColor":[0.788235294117647,0.8,0.7725490196078432],"doubleSided":false},{"code":"33144","names":{"en-US":"V33144"},"groupRefs":["B38882"],"descriptions":{"en-US":"Flash Green Matt"},"mCode":"Laminate.Plain.Matte.None","baseColorFactor":[0.7450980392156863,0.803921568627451,0.7764705882352941,1.0],"avgColor":[0.7450980392156863,0.803921568627451,0.7764705882352941],"doubleSided":false},{"code":"33145","names":{"en-US":"V33145"},"groupRefs":["B38882"],"descriptions":{"en-US":"Metallic Blue Mat"},"mCode":"Laminate.Plain.Matte.None","baseColorFactor":[0.6431372549019608,0.6980392156862745,0.6980392156862745,1.0],"avgColor":[0.6431372549019608,0.6980392156862745,0.6980392156862745],"doubleSided":false},{"code":"33146","names":{"en-US":"V33146"},"groupRefs":["B36723"],"descriptions":{"en-US":"Maison Oak Ravine_H"},"mCode":"Wood.Hard.SandedFine.Matte","baseColorFactor":[1.0,1.0,1.0,1.0],"avgColor":[0.7019608020782471,0.6352941393852234,0.5372549295425415],"textures":{"maps":{"baseColor":{"uri":"assets/textures/maison oak ravine_h.jpg"}},"projectionMethod":"Cubic","sampling":{"realWidth":609.6,"realHeight":0.0,"primaryDirection":"horizontal"}},"doubleSided":false},{"code":"33147","names":{"en-US":"V33147"},"groupRefs":["B37621"],"descriptions":{"en-US":"Red"},"mCode":"Laminate.Wood.Matte.None","baseColorFactor":[0.6862745098039216,0.11764705882352941,0.1568627450980392,1.0],"avgColor":[0.6862745098039216,0.11764705882352941,0.1568627450980392],"doubleSided":false},{"code":"33148","names":{"en-US":"V33148"},"groupRefs":["B37621"],"descriptions":{"en-US":"White"},"mCode":"Laminate.Wood.Matte.None","baseColorFactor":[1.0,1.0,1.0,1.0],"avgColor":[1.0,1.0,1.0],"doubleSided":false},{"code":"33149","names":{"en-US":"V33149"},"groupRefs":["B37621"],"descriptions":{"en-US":"White Gloss"},"mCode":"Laminate.Plain.Glossy.None","baseColorFactor":[1.0,1.0,1.0,1.0],"avgColor":[1.0,1.0,1.0],"doubleSided":false},{"code":"33150","names":{"en-US":"V33150"},"groupRefs":["B37621"],"descriptions":{"en-US":"Black Matte"},"mCode":"Laminate.Wood.Matte.None","baseColorFactor":[0.17647058823529413,0.17647058823529413,0.17647058823529413,1.0],"avgColor":[0.17647058823529413,0.17647058823529413,0.17647058823529413],"doubleSided":false},{"code":"33151","names":{"en-US":"V33151"},"groupRefs":["B37621"],"descriptions":{"en-US":"Oak Loire_V"},"mCode":"Wood.Hard.SandedRough.None","baseColorFactor":[1.0,1.0,1.0,1.0],"avgColor":[0.3843137323856354,0.29411765933036804,0.24705882370471954],"textures":{"maps":{"baseColor":{"uri":"assets/textures/wood_oakloire_100x200_v.jpg"}},"projectionMethod":"Cubic","sampling":{"realWidth":1219.2,"realHeight":0.0,"primaryDirection":"vertical"}},"doubleSided":false},{"code":"33152","names":{"en-US":"V33152"},"groupRefs":["B37621"],"descriptions":{"en-US":"Oak Loire_H"},"mCode":"Wood.Hard.SandedRough.None","baseColorFactor":[1.0,1.0,1.0,1.0],"avgColor":[0.3843137323856354,0.29019609093666077,0.24313725531101227],"textures":{"maps":{"baseColor":{"uri":"assets/textures/wood_oakloire_100x200_h_1.jpg"}},"projectionMethod":"Cubic","sampling":{"realWidth":609.6,"realHeight":0.0,"primaryDirection":"horizontal"}},"doubleSided":false},{"code":"33153","names":{"en-US":"V33153"},"groupRefs":["B37621"],"descriptions":{"en-US":"Beech_V"},"mCode":"Wood.Hard.SandedRough.None","baseColorFactor":[1.0,1.0,1.0,1.0],"avgColor":[0.9019607901573181,0.8352941274642944,0.6745098233222961],"textures":{"maps":{"baseColor":{"uri":"assets/textures/z_iconicbeech_v.jpg"}},"projectionMethod":"Cubic","sampling":{"realWidth":914.4,"realHeight":0.0,"primaryDirection":"vertical"}},"doubleSided":false},{"code":"33154","names":{"en-US":"V33154"},"groupRefs":["B37621"],"descriptions":{"en-US":"Beech_H"},"mCode":"Wood.Hard.SandedRough.None","baseColorFactor":[1.0,1.0,1.0,1.0],"avgColor":[0.9098039269447327,0.843137264251709,0.6823529601097107],"textures":{"maps":{"baseColor":{"uri":"assets/textures/z_iconicbeech_h.jpg"}},"projectionMethod":"Cubic","sampling":{"realWidth":914.4,"realHeight":0.0,"primaryDirection":"horizontal"}},"doubleSided":false},{"code":"33155","names":{"en-US":"V33155"},"groupRefs":["B37621"],"descriptions":{"en-US":"Cream"},"mCode":"Laminate.Wood.Matte.None","baseColorFactor":[0.9607843137254902,0.9490196078431372,0.8470588235294118,1.0],"avgColor":[0.9607843137254902,0.9490196078431372,0.8470588235294118],"doubleSided":false},{"code":"33156","names":{"en-US":"V33156"},"groupRefs":["B37621"],"descriptions":{"en-US":"Light Grey"},"mCode":"Laminate.Wood.Matte.None","baseColorFactor":[0.8274509803921568,0.8274509803921568,0.8274509803921568,1.0],"avgColor":[0.8274509803921568,0.8274509803921568,0.8274509803921568],"doubleSided":false},{"code":"33157","names":{"en-US":"V33157"},"groupRefs":["B37621"],"descriptions":{"en-US":"Ice Blue"},"mCode":"Laminate.Wood.Matte.None","baseColorFactor":[0.5882352941176471,0.6666666666666666,0.6666666666666666,1.0],"avgColor":[0.5882352941176471,0.6666666666666666,0.6666666666666666],"doubleSided":false},{"code":"4122","names":{"en-US":"V4122"},"groupRefs":["A40757"],"descriptions":{"en-US":"Color - White 4"},"mCode":"Paint.Latex.Flat.None","baseColorFactor":[1.0,1.0,1.0,1.0],"avgColor":[1.0,1.0,1.0],"doubleSided":false},{"code":"49","names":{"en-US":"V49"},"groupRefs":["A30"],"descriptions":{"en-US":"Basic color - 49"},"mCode":"Paint.Latex.CeilingFlat.None","baseColorFactor":[0.5490196078431373,0.27450980392156865,0.0,1.0],"avgColor":[0.5490196078431373,0.27450980392156865,0.0],"doubleSided":false},{"code":"5100","names":{"en-US":"V5100"},"groupRefs":["A22360"],"descriptions":{"en-US":"Glass"},"mCode":"Glass.Glass.Clear.None","baseColorFactor":[0.8117647058823529,0.8117647058823529,0.8117647058823529,0.10000000149011612],"avgColor":[0.8117647058823529,0.8117647058823529,0.8117647058823529],"doubleSided":false},{"code":"6011","names":{"en-US":"V6011"},"groupRefs":["A26764"],"descriptions":{"en-US":"Counter - Mottled"},"mCode":"Laminate.Paper.Matte.None","baseColorFactor":[1.0,1.0,1.0,1.0],"avgColor":[1.0,1.0,1.0],"textures":{"projectionMethod":"Cubic","sampling":{"realWidth":29.52734375,"realHeight":0.0,"primaryDirection":"none"}},"doubleSided":false},{"code":"8000","names":{"en-US":"V8000"},"groupRefs":["A19069"],"descriptions":{"en-US":"Metal - Aluminum"},"mCode":"Metal.Aluminum.Smooth.None","baseColorFactor":[0.7529411764705882,0.7529411764705882,0.7529411764705882,1.0],"avgColor":[0.7529411764705882,0.7529411764705882,0.7529411764705882],"doubleSided":true},{"code":"8001","names":{"en-US":"V8001"},"groupRefs":["A19120"],"descriptions":{"en-US":"Metal - Chromium"},"mCode":"Metal.Chrome.Smooth.None","baseColorFactor":[0.6392156862745098,0.6666666666666666,0.6941176470588235,1.0],"avgColor":[0.6392156862745098,0.6666666666666666,0.6941176470588235],"doubleSided":false},{"code":"8015","names":{"en-US":"V8015"},"groupRefs":["A19222"],"descriptions":{"en-US":"Metal - White"},"mCode":"Metal.Steel.Smooth.None","baseColorFactor":[1.0,1.0,1.0,1.0],"avgColor":[1.0,1.0,1.0],"doubleSided":false},{"code":"8029","names":{"en-US":"V8029"},"groupRefs":["A27202"],"descriptions":{"en-US":"Metal - Brushed Nickel"},"mCode":"Metal.Chrome.Brushed.None","baseColorFactor":[0.6627450980392157,0.592156862745098,0.5176470588235295,1.0],"avgColor":[0.6627450980392157,0.592156862745098,0.5176470588235295],"doubleSided":false},{"code":"8035","names":{"en-US":"V8035"},"groupRefs":["A19114"],"descriptions":{"en-US":"Metal - Polished Chrome"},"mCode":"Metal.Chrome.Polished.None","baseColorFactor":[0.8431372549019608,0.8549019607843137,0.8666666666666667,1.0],"avgColor":[0.8431372549019608,0.8549019607843137,0.8666666666666667],"doubleSided":false},{"code":"8041","names":{"en-US":"V8041"},"groupRefs":["A19106"],"descriptions":{"en-US":"Metal - Brushed Chrome"},"mCode":"Metal.Chrome.Brushed.None","baseColorFactor":[0.6392156862745098,0.6705882352941176,0.6941176470588235,1.0],"avgColor":[0.6392156862745098,0.6705882352941176,0.6941176470588235],"doubleSided":false},{"code":"8045","names":{"en-US":"V8045"},"groupRefs":["A80715"],"descriptions":{"en-US":"Metal - Polished Stainless Steel"},"mCode":"Metal.StainlessSteel.Smooth.None","baseColorFactor":[0.9725490196078431,0.9529411764705882,0.9058823529411765,1.0],"avgColor":[0.9725490196078431,0.9529411764705882,0.9058823529411765],"doubleSided":false},{"code":"8052","names":{"en-US":"V8052"},"groupRefs":["A19120"],"descriptions":{"en-US":"Metal - Satin Chrome"},"mCode":"Metal.Chrome.Smooth.None","baseColorFactor":[0.8431372549019608,0.8549019607843137,0.8666666666666667,1.0],"avgColor":[0.8431372549019608,0.8549019607843137,0.8666666666666667],"doubleSided":false},{"code":"998","names":{"en-US":"V998"},"groupRefs":["A818"],"descriptions":{"en-US":"Basic color - 998"},"mCode":"Paint.Latex.CeilingFlat.None","baseColorFactor":[0.0,0.0,0.0,1.0],"avgColor":[0.0,0.0,0.0],"doubleSided":false}]