[{"code":"COMMON","names":{"en-US":"COMMON"},"visible":true,"sequenceFactor":1,"sequenceOrder":1,"groups":[{"code":"A22356","names":{"en-US":"Glass"},"visible":true,"sequenceFactor":1,"sequenceOrder":2,"groups":[{"code":"A22357","names":{"en-US":"Furniture"},"visible":true,"sequenceFactor":1,"sequenceOrder":3,"groups":[{"code":"A22358","names":{"en-US":"Generic"},"visible":true,"sequenceFactor":1,"sequenceOrder":4,"groups":[{"code":"A22359","names":{"en-US":"Glass/Crystal"},"visible":true,"sequenceFactor":1,"sequenceOrder":5,"groups":[{"code":"A22360","names":{"en-US":"Clear"},"visible":true,"sequenceFactor":1,"sequenceOrder":6}]}]}]}]},{"code":"A20749","names":{"en-US":"Laminate - Stratified - Melamine"},"visible":true,"sequenceFactor":2,"sequenceOrder":7,"groups":[{"code":"A26752","names":{"en-US":"Work Surface"},"visible":true,"sequenceFactor":1,"sequenceOrder":8,"groups":[{"code":"A26753","names":{"en-US":"Generic"},"visible":true,"sequenceFactor":1,"sequenceOrder":9,"groups":[{"code":"A26763","names":{"en-US":"Pattern"},"visible":true,"sequenceFactor":1,"sequenceOrder":10,"groups":[{"code":"A26764","names":{"en-US":"Matte"},"visible":true,"sequenceFactor":1,"sequenceOrder":11}]}]}]}]},{"code":"A18878","names":{"en-US":"Metal"},"visible":true,"sequenceFactor":3,"sequenceOrder":12,"groups":[{"code":"A19053","names":{"en-US":"Generic"},"visible":true,"sequenceFactor":1,"sequenceOrder":13,"groups":[{"code":"A19054","names":{"en-US":"Aluminium"},"visible":true,"sequenceFactor":1,"sequenceOrder":14,"groups":[{"code":"A19069","names":{"en-US":"Smooth"},"visible":true,"sequenceFactor":1,"sequenceOrder":15}]},{"code":"A19105","names":{"en-US":"Chrome"},"visible":true,"sequenceFactor":2,"sequenceOrder":16,"groups":[{"code":"A19106","names":{"en-US":"Brushed"},"visible":true,"sequenceFactor":1,"sequenceOrder":17},{"code":"A19114","names":{"en-US":"Polished"},"visible":true,"sequenceFactor":2,"sequenceOrder":18},{"code":"A19120","names":{"en-US":"Smooth"},"visible":true,"sequenceFactor":3,"sequenceOrder":19}]},{"code":"A27201","names":{"en-US":"Nickel"},"visible":true,"sequenceFactor":3,"sequenceOrder":20,"groups":[{"code":"A27202","names":{"en-US":"Brushed"},"visible":true,"sequenceFactor":1,"sequenceOrder":21}]},{"code":"A19207","names":{"en-US":"Steel"},"visible":true,"sequenceFactor":4,"sequenceOrder":22,"groups":[{"code":"A80715","names":{"en-US":"Polished"},"visible":true,"sequenceFactor":1,"sequenceOrder":23},{"code":"A19222","names":{"en-US":"Smooth"},"visible":true,"sequenceFactor":2,"sequenceOrder":24}]}]}]},{"code":"A23967","names":{"en-US":"Miscellaneous - Other"},"visible":true,"sequenceFactor":4,"sequenceOrder":25,"groups":[{"code":"A28767","names":{"en-US":"Basic Color"},"visible":true,"sequenceFactor":1,"sequenceOrder":26,"groups":[{"code":"A30","names":{"en-US":"Basic color 016 - 199"},"visible":true,"sequenceFactor":1,"sequenceOrder":27},{"code":"A818","names":{"en-US":"Basic color 800 - 1021"},"visible":true,"sequenceFactor":2,"sequenceOrder":28}]}]},{"code":"A23776","names":{"en-US":"Paint"},"visible":true,"sequenceFactor":5,"sequenceOrder":29,"groups":[{"code":"A23778","names":{"en-US":"Generic"},"visible":true,"sequenceFactor":1,"sequenceOrder":30,"groups":[{"code":"A40756","names":{"en-US":"White"},"visible":true,"sequenceFactor":1,"sequenceOrder":31,"groups":[{"code":"A40757","names":{"en-US":"Flat"},"visible":true,"sequenceFactor":1,"sequenceOrder":32}]}]}]}]},{"code":"DEMO_M_2","names":{"en-US":"DEMO_M_2"},"visible":true,"sequenceFactor":2,"sequenceOrder":33,"groups":[{"code":"B38882","names":{"en-US":"Splashback Finish"},"visible":true,"sequenceFactor":1,"sequenceOrder":34},{"code":"B36377","names":{"en-US":"Benchtop Texture"},"visible":true,"sequenceFactor":2,"sequenceOrder":35},{"code":"B36723","names":{"en-US":"Other Textures"},"visible":true,"sequenceFactor":3,"sequenceOrder":36},{"code":"B37375","names":{"en-US":"Painted Door_Satin"},"visible":true,"sequenceFactor":4,"sequenceOrder":37},{"code":"B37377","names":{"en-US":"Painted Door_Gloss"},"visible":true,"sequenceFactor":5,"sequenceOrder":38},{"code":"B37561","names":{"en-US":"Wardrobe Finish"},"visible":true,"sequenceFactor":6,"sequenceOrder":39},{"code":"B37621","names":{"en-US":"Doorstyle"},"visible":true,"sequenceFactor":7,"sequenceOrder":40}]}]