[{"code":"43049","names":{"en-US":"Solid Wood"},"visible":true,"sequenceFactor":1,"sequenceOrder":1},{"code":"43051","names":{"en-US":"Laminate Finish"},"visible":true,"sequenceFactor":2,"sequenceOrder":2},{"code":"43062","names":{"en-US":"Quartz Finish"},"visible":true,"sequenceFactor":3,"sequenceOrder":3},{"code":"43071","names":{"en-US":"Granite Finish"},"visible":true,"sequenceFactor":4,"sequenceOrder":4},{"code":"37587","names":{"en-US":"Slab Door Style"},"visible":true,"sequenceFactor":5,"sequenceOrder":5},{"code":"43017","names":{"en-US":"Inset Door Style"},"visible":true,"sequenceFactor":6,"sequenceOrder":6},{"code":"43028","names":{"en-US":"Shaker Door Style"},"visible":true,"sequenceFactor":7,"sequenceOrder":7},{"code":"43034","names":{"en-US":"Integrated Door Style"},"visible":true,"sequenceFactor":8,"sequenceOrder":8},{"code":"PDR_INSET","names":{"en-US":"Inset Door Style"},"image":{"uri":"assets/images/inset1.jpg"},"visible":true,"sequenceFactor":9,"sequenceOrder":9},{"code":"PDR_INTEGRATED","names":{"en-US":"Integrated Door Style"},"image":{"uri":"assets/images/integrated1.jpg"},"visible":true,"sequenceFactor":10,"sequenceOrder":10},{"code":"PDR_SHAKER","names":{"en-US":"Shaker Door Style"},"image":{"uri":"assets/images/shaker1.jpg"},"visible":true,"sequenceFactor":11,"sequenceOrder":11},{"code":"PDR_SLAB","names":{"en-US":"Slab Door Style"},"image":{"uri":"assets/images/slab0.jpg"},"visible":true,"sequenceFactor":12,"sequenceOrder":12}]